Soil_Type,Soil_pH,Soil_Moisture,Temperature_C,Humidity,Rainfall_mm,Wind_Speed_kmh,Crop_Type,Crop_Growth_Stage,Mulching_Used,Region
Clay,6.14,36.48,21.9,31.19,1167.7,1.97,Wheat,Vegetative,Yes,South
Silt,6.41,50.56,36.5,26.01,831.28,16.82,Maize,Flowering,Yes,Central
Sandy,7.71,40.07,41.83,76.41,1844.45,19.03,Cotton,Harvest,Yes,South
Clay,5.96,12.75,37.22,43.32,306.26,11.44,Wheat,Sowing,Yes,North
Clay,7.76,18.58,22.38,86.44,1875.63,11.26,Cotton,Sowing,No,South
Silt,5.1,20.5,33.34,62.51,402.92,13.55,Rice,Sowing,Yes,East
Sandy,7.44,22.7,28.02,58.5,764.95,7.38,Rice,Flowering,No,West
Sandy,7.68,40.23,35.6,79.1,833.33,3.73,Wheat,Vegetative,Yes,West
Clay,5.42,36.73,16.59,76.88,2476.03,1.8,Maize,Flowering,Yes,Central
Loamy,6.26,19.58,31.14,74.3,1474.55,17.68,Rice,Vegetative,Yes,Central
Clay,5.36,11.85,35.21,73.29,1943.89,11.17,Rice,Flowering,No,North
Clay,7.2,17.77,34.84,61.08,1388.44,14.03,Maize,Sowing,Yes,East
Clay,6.62,64.11,40.91,89.85,2457.89,6.98,Sugarcane,Flowering,No,North
Clay,6.96,34.71,13.75,87.34,443.45,16.24,Wheat,Harvest,Yes,East
Silt,5.47,57.44,22.37,48.06,1512.19,7.32,Potato,Flowering,No,North
Sandy,5.52,56.38,26.3,81.33,1993.46,1.08,Rice,Harvest,No,West
Silt,4.94,37.16,21.29,87.38,1571.39,7.07,Maize,Vegetative,No,West
Silt,5.9,48.28,21.29,68.28,2242.34,17.08,Rice,Flowering,No,South
Silt,6.7,18.99,17.28,63.89,1501.77,17.58,Cotton,Flowering,No,East
Clay,7.72,47.24,36.39,72.03,2066.1,18.73,Rice,Sowing,No,South
Loamy,7.07,23.53,39.24,36.41,439.49,10.24,Potato,Sowing,Yes,North
Sandy,6.28,55.43,14.47,31.11,655.16,19.15,Cotton,Harvest,No,North
Loamy,8.04,12.77,16.65,82.41,1110.17,10.23,Potato,Vegetative,No,East
Silt,7.25,52.07,18.85,65.13,2129.04,3.5,Sugarcane,Vegetative,Yes,East
Silt,7.96,13.7,27.27,33.58,1066.4,10.29,Maize,Flowering,Yes,West
Loamy,6.59,58.23,35.74,54.14,1568.65,17.44,Sugarcane,Sowing,No,North
Loamy,5.68,25.34,14.14,45.88,989.53,15.82,Cotton,Flowering,No,Central
Loamy,4.98,45.3,31.1,86.28,2014.3,8.96,Rice,Sowing,Yes,East
Silt,7.27,35.79,16.48,60.51,500.72,4.64,Sugarcane,Vegetative,Yes,West
Silt,5.21,28.88,41.14,65.43,1484.42,11.83,Cotton,Vegetative,No,Central
Sandy,5.83,44.79,38.96,41.47,1444.73,18.66,Sugarcane,Sowing,No,North
Sandy,6.61,62.01,40.49,80.93,1008.1,3.96,Potato,Flowering,No,West
Silt,6.72,10.35,15.18,90.11,1762.82,16.63,Cotton,Vegetative,No,West
Loamy,6.84,60.37,26.64,80.47,71.19,3.37,Rice,Harvest,Yes,North
Loamy,5.37,42.72,16.96,59.5,2103.75,18.43,Sugarcane,Vegetative,No,Central
Sandy,6.09,54.02,30.01,83.46,869.91,14.02,Maize,Harvest,No,Central
Silt,6.9,29.88,18.98,38.16,1982.56,2.63,Sugarcane,Sowing,No,East
Sandy,8.1,34.9,35.12,32.94,762.65,4.45,Cotton,Flowering,Yes,East
Sandy,7.27,57.52,31.32,55.68,469.77,18.57,Wheat,Sowing,Yes,South
Clay,7.94,31.65,29.15,37.71,973.72,10.4,Rice,Vegetative,No,Central
Clay,7.39,38.48,36.76,43.14,1993.42,9.34,Sugarcane,Flowering,Yes,South
Clay,6.81,9.15,27.01,65.96,1758.8,1.64,Cotton,Flowering,No,South
Loamy,5.45,17.04,20.1,53.27,1002.58,2.14,Maize,Sowing,No,Central
Silt,7.07,44.58,30.62,85.61,2344.67,13.99,Rice,Sowing,Yes,East
Silt,6.92,48.87,40.71,40.79,1021.94,15.65,Potato,Vegetative,No,South
Silt,6.85,41.21,30.03,94.78,876.88,17.41,Rice,Harvest,No,West
Silt,6.47,16.17,30.89,50.16,361.8,10.3,Maize,Sowing,Yes,West
Clay,6.6,33.39,40.04,61.08,175.7,6.91,Maize,Flowering,No,Central
Loamy,5.94,28.24,27.46,34.26,874.76,12.7,Cotton,Harvest,No,North
Loamy,6.57,36.25,41.89,65.55,230.01,12.57,Sugarcane,Sowing,Yes,West
Clay,5.47,57.61,16.79,92.29,1156.59,1.18,Rice,Sowing,No,Central
Loamy,7.54,52.22,28.11,77.46,2150.02,18.81,Wheat,Sowing,No,North
Clay,5.43,12.79,18.39,42.08,1190.29,13.03,Maize,Harvest,Yes,Central
Silt,5.09,58.75,25.6,55.98,1201.45,0.63,Maize,Sowing,Yes,North
Clay,6.28,34.89,17.12,54.78,633.6,19.21,Rice,Vegetative,No,East
Silt,7.04,50.4,18.68,31.86,415.74,19.08,Potato,Sowing,Yes,East
Silt,6.29,15.98,18.32,87.01,555.82,18.95,Maize,Flowering,No,West
Sandy,5.74,46.23,21.6,51.7,1419.97,17.83,Maize,Sowing,No,Central
Clay,6.7,21.47,16.04,59.6,1479.48,4.1,Sugarcane,Flowering,Yes,North
Sandy,5.98,32.99,36.28,45.39,550.47,19.55,Cotton,Harvest,Yes,West
Clay,7.97,8.96,18.62,35.67,997.3,15.36,Cotton,Sowing,Yes,West
Clay,7.94,16.64,24.5,88.15,1421.71,12.99,Maize,Sowing,Yes,Central
Sandy,6.51,13.25,12.48,27.62,1901.16,18.88,Potato,Harvest,No,Central
Sandy,5.91,21.67,15.15,52.99,799.42,7.93,Wheat,Vegetative,No,East
Clay,7.31,13.7,38.89,76.15,678.39,18.66,Potato,Harvest,Yes,West
Loamy,4.92,47.44,37.11,46.62,1826.17,12.31,Maize,Harvest,Yes,South
Silt,6.41,9.66,37.23,56.22,1284.53,11.8,Wheat,Flowering,Yes,West
Sandy,5.94,43.21,24.34,64.51,2141.87,13.1,Wheat,Sowing,No,Central
Silt,7.93,16.02,16.25,94.66,527.51,15.21,Wheat,Sowing,Yes,Central
Loamy,4.84,61.87,15.24,78.08,1927.36,9.18,Wheat,Flowering,No,South
Loamy,6.68,61.19,30.17,92.7,405.08,19.62,Rice,Flowering,No,West
Loamy,7.32,20.85,36.85,73.52,1461.93,2.23,Maize,Sowing,No,East
Sandy,6.45,43.02,39.0,43.83,709.08,18.32,Potato,Vegetative,No,West
Loamy,5.09,9.6,20.66,45.12,252.73,13.32,Rice,Vegetative,No,East
Sandy,8.11,61.11,21.63,82.57,1541.91,18.24,Wheat,Flowering,Yes,Central
Loamy,6.56,37.81,15.03,54.94,1267.0,7.69,Sugarcane,Sowing,No,West
Silt,6.89,10.46,35.23,50.92,1214.95,16.67,Cotton,Vegetative,No,South
Silt,5.6,27.52,20.27,91.16,1481.3,12.51,Maize,Vegetative,No,East
Clay,6.44,12.38,26.43,25.93,931.09,16.71,Maize,Sowing,No,East
Silt,6.26,30.4,39.87,61.75,1675.42,6.84,Rice,Harvest,Yes,West
Clay,5.05,46.19,34.57,79.26,327.11,18.39,Wheat,Harvest,No,Central
Silt,5.16,34.78,13.58,76.53,1787.43,18.52,Wheat,Vegetative,No,Central
Sandy,7.65,29.87,12.24,50.73,1449.53,9.76,Potato,Harvest,No,West
Silt,5.62,14.79,35.62,62.5,1216.18,8.31,Rice,Harvest,Yes,South
Clay,5.46,21.96,28.58,25.39,319.13,11.72,Potato,Vegetative,Yes,East
Clay,6.52,13.71,33.61,62.44,695.66,4.4,Maize,Sowing,No,North
Loamy,7.41,54.03,16.7,66.33,738.24,10.18,Rice,Sowing,No,South
Sandy,5.01,15.71,38.16,86.24,584.53,17.99,Cotton,Vegetative,Yes,North
Silt,6.76,41.94,35.2,39.75,2385.45,7.62,Maize,Vegetative,No,Central
Loamy,5.21,27.54,38.73,82.76,2289.1,14.85,Wheat,Flowering,No,South
Silt,4.92,20.88,22.23,75.26,1365.33,12.65,Potato,Harvest,Yes,North
Silt,4.98,44.45,20.27,71.62,514.18,5.6,Potato,Vegetative,No,South
Loamy,7.64,34.05,16.55,52.61,2277.85,10.87,Sugarcane,Harvest,Yes,Central
Loamy,5.2,30.81,39.9,50.72,1873.52,17.13,Potato,Vegetative,Yes,Central
Loamy,4.95,41.79,17.3,74.23,96.93,11.32,Potato,Harvest,No,East
Loamy,6.29,36.0,15.58,94.32,1226.78,14.09,Sugarcane,Sowing,No,North
Loamy,7.67,25.3,17.78,53.37,1512.36,15.62,Maize,Sowing,No,East
Silt,5.69,39.87,35.14,89.3,166.18,1.46,Maize,Vegetative,Yes,Central
Loamy,6.23,46.16,38.69,66.06,124.58,1.5,Wheat,Harvest,No,South
Sandy,4.94,9.52,36.33,85.77,1158.81,2.74,Sugarcane,Vegetative,Yes,West
Clay,6.33,34.55,28.9,40.2,4.88,3.68,Rice,Harvest,No,South
Loamy,6.76,11.29,41.82,78.36,117.09,16.32,Rice,Vegetative,No,North
Loamy,6.74,18.63,14.07,83.45,412.84,8.99,Rice,Vegetative,Yes,South
Silt,5.93,39.95,38.02,83.25,2274.93,4.11,Rice,Flowering,Yes,South
Loamy,5.87,57.37,24.83,79.93,1915.71,10.87,Potato,Flowering,Yes,Central
Loamy,5.16,58.32,25.65,46.29,1126.07,15.39,Sugarcane,Flowering,Yes,North
Loamy,6.05,11.99,15.83,61.54,1198.01,3.23,Sugarcane,Flowering,Yes,West
Silt,5.14,31.89,13.0,45.98,1715.06,7.22,Wheat,Flowering,No,Central
Loamy,7.41,41.23,21.5,49.01,1185.97,4.29,Maize,Flowering,Yes,Central
Clay,8.09,16.38,17.25,46.09,159.81,13.1,Sugarcane,Harvest,No,South
Silt,8.1,51.63,26.5,44.9,1846.83,3.17,Sugarcane,Flowering,Yes,South
Clay,7.74,50.42,16.42,73.54,144.37,15.73,Maize,Sowing,Yes,Central
Silt,6.84,59.49,16.14,70.52,1215.23,4.55,Cotton,Vegetative,No,East
Loamy,7.18,8.48,38.31,39.3,2154.27,1.64,Potato,Sowing,No,North
Clay,5.77,20.35,39.64,73.41,293.45,18.26,Rice,Flowering,No,West
Silt,6.94,55.15,40.93,45.37,1766.57,7.0,Potato,Harvest,Yes,Central
Sandy,6.35,46.22,32.42,39.12,115.82,10.3,Sugarcane,Vegetative,No,West
Loamy,6.44,58.98,35.13,77.31,2482.65,2.47,Sugarcane,Flowering,Yes,East
Silt,7.38,11.26,37.07,50.4,1705.22,9.85,Potato,Vegetative,Yes,East
Sandy,5.76,42.03,31.77,64.85,2422.47,4.84,Rice,Vegetative,No,South
Silt,5.88,40.44,21.91,39.01,1670.56,16.89,Sugarcane,Sowing,No,West
Sandy,7.94,10.03,16.69,67.96,605.71,14.42,Maize,Harvest,Yes,Central
Loamy,4.99,37.27,19.12,39.56,2315.91,13.43,Sugarcane,Vegetative,Yes,East
Clay,6.45,42.74,37.21,36.68,1566.68,15.73,Wheat,Harvest,Yes,West
Sandy,7.9,18.9,32.88,52.06,1439.84,6.23,Sugarcane,Sowing,No,Central
Silt,6.88,23.58,25.67,80.3,1072.78,9.35,Rice,Flowering,No,Central
Loamy,6.66,44.5,12.88,37.36,711.48,2.19,Maize,Sowing,No,Central
Sandy,5.65,34.69,19.99,33.19,1325.17,1.82,Sugarcane,Harvest,No,West
Silt,5.97,56.91,33.87,27.22,915.14,6.92,Potato,Flowering,Yes,Central
Silt,7.7,27.52,27.37,54.12,2135.06,16.54,Cotton,Harvest,Yes,West
Silt,6.7,23.2,25.07,44.74,72.0,12.15,Maize,Vegetative,Yes,Central
Sandy,6.55,64.14,21.41,45.45,1325.23,8.78,Maize,Vegetative,Yes,West
Sandy,5.14,59.93,30.21,93.74,2091.41,19.36,Potato,Harvest,No,East
Sandy,4.85,9.65,40.99,38.59,69.02,9.12,Cotton,Vegetative,No,West
Clay,8.08,51.93,39.03,57.09,705.76,9.64,Sugarcane,Sowing,Yes,East
Sandy,6.08,14.29,12.91,94.05,128.81,19.85,Wheat,Harvest,No,Central
Sandy,6.85,9.57,26.43,27.14,1487.51,3.06,Potato,Flowering,No,East
Sandy,5.07,23.6,21.88,73.77,791.84,5.48,Rice,Harvest,Yes,Central
Clay,7.12,23.35,27.32,50.98,2399.33,9.34,Maize,Flowering,No,East
Sandy,7.97,54.7,30.19,88.43,1540.73,11.64,Potato,Harvest,Yes,South
Silt,6.76,48.51,18.0,88.84,1404.51,3.39,Wheat,Harvest,Yes,North
Sandy,5.23,63.95,35.45,52.1,2293.1,6.91,Rice,Harvest,Yes,Central
Silt,6.78,48.56,26.25,40.5,558.94,4.8,Rice,Vegetative,No,West
Silt,7.41,31.84,41.76,54.96,1405.61,17.07,Sugarcane,Harvest,No,North
Silt,6.18,47.84,12.75,92.57,1356.96,16.78,Potato,Flowering,No,East
Clay,7.79,64.97,17.69,44.7,205.29,5.18,Wheat,Harvest,Yes,Central
Clay,7.01,48.48,32.69,93.69,2330.15,8.98,Potato,Vegetative,No,North
Clay,7.86,51.42,32.86,82.36,1750.59,13.21,Maize,Sowing,No,West
Sandy,6.92,61.49,29.47,43.72,2220.26,1.44,Maize,Vegetative,No,East
Silt,5.25,14.48,41.16,80.37,2456.34,17.73,Potato,Vegetative,Yes,North
Clay,5.85,48.17,24.46,28.49,1199.13,10.46,Sugarcane,Flowering,No,North
Clay,5.49,56.5,24.51,63.36,2009.15,4.92,Maize,Harvest,No,East
Sandy,7.89,62.4,39.31,50.01,1443.9,8.24,Potato,Sowing,No,Central
Clay,7.39,20.03,28.15,54.89,2442.81,18.08,Rice,Sowing,Yes,North
Sandy,7.1,36.72,22.61,58.1,618.06,0.98,Potato,Sowing,No,West
Loamy,5.82,46.79,33.57,60.19,34.54,3.28,Sugarcane,Vegetative,Yes,East
Clay,5.43,22.11,30.59,70.95,464.87,4.26,Rice,Flowering,No,South
Loamy,7.37,42.23,21.19,73.77,320.05,1.67,Rice,Sowing,Yes,East
Sandy,6.41,22.68,20.94,93.3,1092.38,4.89,Potato,Vegetative,No,South
Silt,5.57,27.01,23.87,78.39,193.53,16.43,Cotton,Vegetative,No,Central
Clay,6.9,33.17,14.15,73.15,550.49,10.78,Cotton,Flowering,No,East
Sandy,4.94,38.16,40.28,52.47,240.66,12.31,Potato,Vegetative,No,North
Silt,5.91,33.61,17.49,33.25,1216.88,3.54,Sugarcane,Harvest,No,North
Silt,6.39,36.11,17.81,29.12,666.94,5.93,Rice,Vegetative,Yes,North
Loamy,5.3,25.02,31.41,58.44,1177.52,18.39,Sugarcane,Flowering,Yes,East
Sandy,8.15,17.06,33.73,71.78,222.22,4.6,Cotton,Vegetative,No,North
Silt,5.51,10.7,34.11,70.51,1292.18,18.18,Sugarcane,Vegetative,No,South
Clay,5.24,19.17,23.25,91.7,325.17,13.43,Wheat,Vegetative,No,West
Clay,5.49,41.17,38.2,51.77,248.37,10.3,Sugarcane,Sowing,Yes,North
Loamy,7.41,52.81,28.32,68.94,775.05,3.89,Wheat,Harvest,Yes,Central
Silt,6.25,17.65,25.16,87.15,2186.04,13.64,Sugarcane,Sowing,Yes,West
Sandy,6.72,14.19,36.31,53.29,1971.3,17.78,Wheat,Vegetative,Yes,South
Clay,4.87,50.71,19.31,58.44,2397.87,3.62,Wheat,Vegetative,Yes,North
Silt,4.92,25.39,37.81,89.61,1150.49,0.62,Wheat,Vegetative,Yes,West
Silt,6.32,62.24,28.16,63.52,781.1,14.93,Wheat,Flowering,No,North
Loamy,7.58,48.72,39.0,80.97,2427.27,12.21,Maize,Harvest,Yes,Central
Clay,7.81,26.63,18.05,90.49,954.42,10.31,Maize,Sowing,Yes,East
Clay,5.09,24.5,40.08,64.97,22.76,9.39,Potato,Harvest,Yes,North
Sandy,6.63,37.85,32.64,32.64,2050.27,10.2,Sugarcane,Vegetative,Yes,South
Clay,7.9,12.51,30.55,82.52,423.03,7.8,Cotton,Flowering,Yes,North
Sandy,6.12,14.71,24.66,82.24,1794.78,2.11,Rice,Harvest,Yes,South
Clay,7.62,18.02,40.69,33.05,37.8,15.63,Maize,Flowering,Yes,North
Loamy,5.25,52.16,25.32,63.37,277.48,9.62,Wheat,Harvest,No,East
Clay,7.98,37.29,26.96,59.1,1208.91,16.59,Maize,Vegetative,Yes,Central
Sandy,7.35,8.6,35.44,84.3,169.75,19.65,Wheat,Sowing,No,Central
Sandy,8.0,46.39,20.55,44.22,2221.58,3.85,Cotton,Flowering,No,East
Loamy,7.1,32.15,20.74,54.84,1874.67,15.97,Maize,Harvest,No,East
Clay,6.04,37.12,35.26,67.34,820.46,19.56,Rice,Vegetative,No,East
Clay,7.99,20.2,15.86,61.21,1493.8,14.63,Rice,Vegetative,Yes,West
Loamy,5.74,39.45,36.69,91.85,1788.82,5.3,Maize,Sowing,No,West
Clay,5.93,63.81,30.76,92.25,1888.5,17.98,Potato,Harvest,No,East
Clay,7.18,12.19,28.17,30.71,989.19,15.97,Maize,Sowing,No,North
Sandy,7.4,24.18,18.87,45.85,2247.0,9.26,Rice,Harvest,Yes,North
Clay,7.96,21.85,35.59,25.53,2354.46,11.67,Cotton,Vegetative,No,South
Clay,5.5,22.17,36.15,54.25,489.29,14.58,Sugarcane,Flowering,No,Central
Loamy,7.51,29.59,26.49,71.35,2278.1,2.93,Maize,Harvest,No,South
Loamy,7.31,54.63,23.68,57.99,1781.7,18.58,Maize,Sowing,No,Central
Silt,5.02,60.03,19.38,29.7,2220.35,19.76,Rice,Vegetative,No,North
Sandy,6.12,19.53,34.63,38.72,1061.89,6.95,Rice,Sowing,Yes,North
Clay,5.76,38.95,31.18,37.13,1652.99,14.44,Rice,Flowering,Yes,West
Clay,5.84,44.3,18.2,60.78,588.45,8.72,Rice,Sowing,No,East
Silt,8.14,37.74,35.83,72.44,1877.75,1.04,Maize,Flowering,Yes,East
Clay,6.99,32.74,38.47,47.14,1454.33,19.19,Wheat,Flowering,Yes,South
Sandy,7.24,18.94,13.78,34.13,1202.36,3.28,Rice,Vegetative,Yes,West
Silt,8.12,35.83,35.17,80.9,1731.7,1.96,Potato,Vegetative,Yes,East
Sandy,6.08,30.87,37.58,85.09,1380.86,16.83,Cotton,Flowering,Yes,West
Silt,7.53,53.35,41.75,44.35,1913.39,1.16,Cotton,Vegetative,Yes,West
Silt,6.28,51.53,19.13,54.45,2146.09,13.91,Potato,Flowering,No,Central
Loamy,7.76,15.64,23.13,30.74,2001.52,18.64,Potato,Vegetative,No,South
Sandy,5.41,13.05,40.99,40.94,768.77,8.42,Maize,Flowering,No,East
Clay,8.02,59.76,14.82,78.69,2440.3,1.83,Rice,Flowering,Yes,North
Clay,5.54,38.52,27.71,50.56,1624.35,4.76,Sugarcane,Vegetative,No,North
Sandy,5.91,56.89,27.2,67.33,808.67,18.99,Potato,Harvest,No,North
Clay,7.37,11.31,30.2,91.23,106.45,9.58,Rice,Vegetative,Yes,Central
Clay,6.14,38.01,21.92,75.65,2470.24,11.06,Maize,Vegetative,No,North
Sandy,6.87,38.75,39.78,56.74,1497.54,3.54,Potato,Sowing,No,West
Silt,6.31,57.06,20.1,50.68,568.85,18.4,Sugarcane,Vegetative,Yes,South
Sandy,7.32,13.56,31.49,38.34,1227.81,10.58,Maize,Flowering,No,Central
Silt,5.58,21.71,26.88,77.93,993.85,10.81,Wheat,Harvest,No,North
Clay,5.0,31.17,20.0,32.87,2378.41,11.73,Cotton,Vegetative,No,East
Clay,5.82,57.35,17.67,29.3,1231.65,15.46,Potato,Flowering,No,Central
Clay,6.41,61.52,40.7,32.34,1211.67,4.46,Maize,Vegetative,Yes,East
Loamy,5.37,64.59,28.84,42.0,1986.5,18.88,Rice,Flowering,Yes,East
Silt,6.01,62.67,30.13,68.9,977.28,3.92,Rice,Flowering,No,West
Loamy,6.16,8.34,35.49,85.29,491.3,4.35,Maize,Harvest,No,West
Loamy,5.0,10.72,14.44,94.48,1921.0,0.74,Cotton,Sowing,Yes,South
Sandy,6.78,16.41,33.41,76.2,2275.27,0.88,Maize,Harvest,Yes,Central
Loamy,7.81,27.89,16.95,35.22,114.32,8.86,Maize,Harvest,No,North
Sandy,5.32,55.31,34.21,44.44,2149.75,4.07,Rice,Sowing,Yes,Central
Sandy,6.83,58.88,16.24,34.24,1094.66,4.63,Rice,Flowering,No,South
Loamy,7.06,18.65,36.97,33.09,722.83,19.76,Rice,Flowering,No,East
Silt,6.23,43.32,32.43,64.74,97.95,18.62,Potato,Flowering,Yes,West
Silt,7.18,60.29,23.58,88.47,513.81,6.79,Cotton,Vegetative,No,South
Silt,6.2,34.43,22.77,72.9,832.17,7.19,Rice,Vegetative,No,South
Silt,6.52,13.9,16.47,81.05,176.71,6.2,Sugarcane,Vegetative,Yes,South
Silt,4.83,34.1,39.12,60.57,471.98,17.7,Sugarcane,Harvest,Yes,Central
Loamy,7.15,29.42,15.56,58.27,1842.1,2.42,Maize,Flowering,No,Central
Loamy,7.05,40.93,26.16,90.62,1717.15,11.89,Maize,Flowering,No,West
Clay,4.93,33.0,19.1,75.54,1924.6,4.13,Wheat,Vegetative,No,North
Silt,6.05,8.99,41.89,57.15,413.14,15.28,Sugarcane,Harvest,No,Central
Loamy,8.13,64.66,29.58,48.28,107.58,12.81,Cotton,Harvest,No,West
Clay,6.23,38.98,16.49,31.52,1171.47,8.06,Maize,Sowing,No,Central
Silt,6.51,35.0,32.03,82.47,856.96,2.41,Maize,Harvest,No,Central
Sandy,7.89,62.41,41.75,36.85,1941.83,15.46,Cotton,Sowing,No,South
Clay,7.24,16.88,30.15,61.05,1347.07,2.0,Sugarcane,Harvest,No,North
Loamy,6.78,18.79,25.72,69.61,2327.95,5.84,Wheat,Sowing,Yes,East
Sandy,7.51,54.06,20.8,77.09,153.02,5.45,Cotton,Harvest,No,Central
Sandy,7.74,22.87,14.76,30.83,909.19,11.78,Wheat,Sowing,Yes,East
Sandy,6.35,53.56,18.85,25.75,1013.1,10.52,Wheat,Sowing,Yes,East
Clay,6.42,23.48,28.61,74.42,314.72,5.95,Potato,Harvest,Yes,South
Loamy,6.11,9.89,34.61,56.81,1457.54,8.89,Maize,Sowing,Yes,West
Sandy,8.09,37.47,38.34,37.68,100.51,9.01,Sugarcane,Harvest,No,North
Silt,7.17,19.21,35.81,93.74,1781.81,11.68,Wheat,Sowing,No,West
Sandy,5.08,51.2,15.76,80.39,93.61,18.02,Cotton,Sowing,No,North
Sandy,7.73,44.55,35.2,65.5,2183.68,3.27,Sugarcane,Vegetative,Yes,Central
Clay,6.43,60.65,29.45,74.15,162.57,11.38,Rice,Flowering,Yes,South
Clay,5.03,52.63,26.07,35.85,1140.87,0.86,Rice,Vegetative,Yes,Central
Loamy,6.67,18.3,29.18,92.36,388.46,14.12,Potato,Flowering,Yes,Central
Silt,6.22,53.61,12.24,94.75,332.81,12.99,Cotton,Harvest,No,East
Clay,7.78,44.58,14.03,70.39,1803.04,14.03,Rice,Flowering,No,South
Sandy,5.49,46.13,27.78,71.78,1935.63,9.76,Sugarcane,Flowering,Yes,West
Loamy,7.61,55.44,17.21,74.31,1848.0,4.14,Sugarcane,Sowing,Yes,North
Sandy,6.7,40.71,28.37,71.61,1009.98,9.24,Maize,Flowering,No,Central
Sandy,4.99,34.56,22.63,55.7,2476.97,0.96,Sugarcane,Harvest,Yes,North
Clay,8.1,44.29,39.22,62.85,849.92,7.94,Wheat,Harvest,Yes,North
Loamy,6.54,24.98,40.49,44.79,613.2,16.85,Potato,Vegetative,No,South
Silt,5.79,18.41,41.39,56.28,2491.26,7.1,Maize,Flowering,Yes,North
Silt,6.4,43.15,38.97,55.53,2443.19,12.04,Wheat,Harvest,No,North
Clay,7.72,21.33,41.58,45.17,1479.59,5.59,Sugarcane,Harvest,No,East
Clay,5.84,12.56,33.18,80.07,522.6,3.12,Maize,Vegetative,Yes,East
Loamy,5.46,8.03,40.82,53.68,596.25,10.66,Cotton,Vegetative,Yes,Central
Silt,5.24,42.67,31.25,63.62,1302.21,1.2,Cotton,Vegetative,Yes,West
Silt,5.81,28.64,36.28,35.93,1940.26,18.14,Cotton,Sowing,No,North
Silt,7.45,50.88,15.96,58.25,193.64,15.66,Potato,Sowing,Yes,West
Sandy,6.4,29.39,32.48,78.3,1719.18,19.96,Maize,Sowing,No,East
Silt,5.57,35.7,39.93,56.12,257.78,19.87,Sugarcane,Vegetative,Yes,North
Sandy,5.37,31.2,28.2,64.04,2110.28,14.72,Sugarcane,Harvest,Yes,West
Loamy,5.93,45.08,17.6,74.12,1330.3,15.65,Potato,Vegetative,Yes,North
Sandy,8.0,28.3,27.81,52.23,2474.24,10.8,Potato,Vegetative,Yes,South
Loamy,5.97,62.93,33.21,49.73,1882.46,4.76,Maize,Harvest,No,South
Silt,8.16,61.36,35.09,31.0,1243.07,16.26,Maize,Vegetative,No,South
Silt,6.45,56.34,27.71,65.76,352.94,5.76,Rice,Vegetative,Yes,East
Loamy,5.41,60.46,18.52,74.49,1355.99,13.17,Rice,Vegetative,Yes,Central
Clay,7.83,33.6,39.8,65.69,286.11,14.75,Potato,Vegetative,Yes,West
Loamy,6.37,38.58,35.21,44.85,2262.91,11.5,Potato,Sowing,Yes,North
Clay,7.21,50.3,20.12,43.36,575.17,13.42,Maize,Harvest,Yes,South
Sandy,8.14,47.68,36.35,36.16,2163.42,6.21,Cotton,Flowering,No,North
Sandy,4.97,58.77,22.44,28.29,759.76,15.33,Sugarcane,Vegetative,Yes,West
Sandy,5.13,48.83,21.37,54.88,554.75,18.9,Cotton,Sowing,Yes,South
Silt,7.25,64.88,37.89,36.24,760.59,9.94,Wheat,Sowing,Yes,South
Sandy,5.76,27.86,38.2,73.36,1768.89,2.86,Wheat,Harvest,Yes,East
Clay,5.43,55.48,23.95,92.32,1313.04,12.58,Wheat,Harvest,Yes,West
Sandy,4.93,47.77,12.27,30.14,268.68,7.16,Cotton,Vegetative,Yes,North
Loamy,4.87,47.41,17.6,87.51,342.65,8.67,Potato,Sowing,Yes,North
Loamy,7.43,26.57,39.28,71.04,946.32,3.46,Potato,Vegetative,Yes,South
Silt,5.26,52.78,38.96,85.22,846.36,12.7,Rice,Harvest,Yes,North
Loamy,6.39,59.32,25.6,35.85,2129.34,15.85,Wheat,Flowering,No,West
Clay,6.86,20.46,21.12,88.45,1430.63,15.45,Maize,Sowing,No,East
Sandy,6.26,43.65,21.08,92.05,466.79,19.88,Sugarcane,Sowing,Yes,Central
Silt,4.89,30.35,38.92,88.47,70.86,4.64,Potato,Flowering,No,South
Sandy,7.46,64.4,21.74,79.98,255.91,18.33,Rice,Flowering,No,East
Sandy,4.84,35.29,27.35,31.32,1751.03,14.79,Wheat,Flowering,Yes,East
Clay,7.39,21.01,33.93,40.45,2117.74,14.3,Potato,Harvest,Yes,West
Loamy,7.84,29.77,18.28,88.92,1956.35,13.83,Sugarcane,Harvest,Yes,South
Loamy,6.27,45.27,19.62,41.06,1974.69,11.0,Sugarcane,Sowing,Yes,East
Sandy,6.62,12.34,22.74,49.34,652.4,7.88,Rice,Harvest,No,West
Silt,6.42,42.41,31.63,28.53,2472.72,18.9,Cotton,Flowering,Yes,East
Loamy,6.12,61.08,36.52,68.97,216.02,3.45,Sugarcane,Harvest,No,West
Silt,7.82,56.47,28.4,64.43,2052.74,3.93,Potato,Vegetative,No,North
Loamy,7.84,11.86,15.99,92.32,242.04,0.83,Rice,Vegetative,Yes,South
Silt,5.94,64.62,25.39,87.46,668.83,14.92,Wheat,Sowing,Yes,East
Clay,6.89,47.83,15.83,60.42,1238.54,17.93,Rice,Vegetative,No,South
Silt,7.95,17.25,14.65,67.65,133.35,4.13,Cotton,Harvest,Yes,West
Clay,8.07,8.71,29.69,53.92,985.43,1.17,Wheat,Flowering,Yes,Central
Clay,6.53,17.76,40.69,34.27,875.29,5.26,Cotton,Vegetative,No,South
Silt,6.34,55.78,37.13,85.75,1617.93,17.73,Sugarcane,Harvest,Yes,South
Clay,5.75,9.23,35.23,63.47,1795.03,0.82,Potato,Flowering,Yes,West
Sandy,8.06,21.29,33.81,54.78,226.24,2.47,Rice,Sowing,No,Central
Clay,5.29,51.17,38.91,29.79,95.17,0.99,Maize,Flowering,No,West
Loamy,6.77,41.41,34.59,71.58,1939.73,18.89,Potato,Vegetative,No,South
Silt,5.76,52.62,30.81,52.98,1319.98,3.14,Cotton,Flowering,Yes,North
Sandy,5.75,50.53,22.94,42.76,1336.59,18.06,Rice,Sowing,No,East
Silt,6.18,10.88,15.03,86.37,2451.79,9.73,Maize,Flowering,Yes,Central
Loamy,8.2,58.87,25.83,37.85,1094.35,8.2,Maize,Harvest,No,West
Loamy,4.99,20.94,39.74,61.05,490.48,8.82,Potato,Vegetative,Yes,West
Loamy,6.77,39.54,29.49,80.7,1701.6,8.66,Rice,Sowing,No,East
Clay,5.08,44.72,17.54,84.44,2039.2,7.16,Potato,Vegetative,Yes,South
Clay,5.33,17.61,31.47,82.31,1255.9,16.31,Wheat,Harvest,No,East
Silt,6.29,63.65,25.96,87.76,1729.54,10.41,Maize,Vegetative,Yes,South
Silt,6.54,35.82,39.94,34.97,1284.83,19.82,Rice,Vegetative,Yes,South
Sandy,5.68,11.29,16.83,90.83,1018.38,10.6,Rice,Flowering,No,North
Sandy,5.88,61.42,33.36,25.76,85.69,16.46,Wheat,Vegetative,No,North
Silt,5.1,41.42,32.45,42.91,434.36,15.03,Potato,Harvest,No,West
Clay,5.83,47.85,41.51,30.88,1199.42,8.32,Rice,Harvest,No,East
Loamy,8.09,37.94,28.95,91.19,991.32,15.88,Cotton,Harvest,No,West
Silt,8.01,55.58,38.15,54.68,2107.21,3.52,Cotton,Sowing,Yes,East
Sandy,5.94,9.89,12.74,47.07,271.11,4.47,Wheat,Sowing,Yes,West
Clay,6.74,23.3,15.69,36.7,125.32,12.57,Sugarcane,Harvest,No,Central
Silt,7.89,34.77,22.38,35.91,217.84,14.38,Rice,Vegetative,No,Central
Silt,4.82,12.37,30.58,67.98,1695.23,13.05,Cotton,Flowering,No,North
Clay,7.56,48.24,25.47,28.3,1486.18,10.43,Cotton,Flowering,No,Central
Silt,8.02,30.44,18.08,66.6,1580.55,3.18,Rice,Sowing,No,West
Clay,5.11,23.54,29.68,79.23,392.3,7.77,Potato,Flowering,Yes,East
Loamy,5.35,8.19,29.0,67.07,1290.88,12.3,Potato,Harvest,Yes,South
Clay,8.07,49.03,27.73,82.86,1919.18,4.91,Rice,Sowing,No,West
Clay,6.63,55.53,14.72,43.57,1709.69,12.94,Potato,Vegetative,No,South
Clay,4.85,30.52,39.81,30.4,1096.72,5.07,Maize,Vegetative,No,South
Silt,5.68,40.16,29.77,75.47,258.75,2.41,Wheat,Flowering,No,East
Silt,6.33,20.98,19.92,82.97,2176.63,6.82,Maize,Sowing,Yes,South
Clay,7.16,43.47,32.62,60.12,1315.51,5.82,Wheat,Sowing,No,West
Silt,7.29,8.69,21.54,82.44,2224.15,16.3,Maize,Sowing,No,Central
Sandy,8.18,35.85,27.18,57.05,1096.75,9.93,Potato,Sowing,No,South
Sandy,5.78,44.72,22.23,38.9,592.53,1.75,Wheat,Flowering,Yes,Central
Silt,6.63,60.34,38.41,58.21,768.53,16.4,Rice,Sowing,Yes,Central
Silt,6.61,29.74,41.82,40.12,1045.37,5.74,Potato,Harvest,Yes,North
Clay,6.18,51.62,16.84,58.04,1535.56,11.57,Wheat,Sowing,Yes,East
Loamy,5.38,42.07,12.71,35.33,1922.28,11.06,Cotton,Sowing,Yes,West
Silt,8.12,60.84,18.58,37.99,606.6,19.45,Sugarcane,Sowing,No,East
Sandy,7.7,30.71,29.7,86.8,469.3,5.47,Cotton,Vegetative,No,South
Clay,6.49,26.19,17.22,33.11,506.65,3.33,Wheat,Vegetative,Yes,West
Silt,6.85,58.57,36.34,40.7,2336.25,5.54,Wheat,Sowing,Yes,West
Sandy,5.57,10.81,24.26,94.69,409.87,11.74,Wheat,Harvest,Yes,East
Sandy,6.65,15.77,30.32,65.32,864.36,4.74,Sugarcane,Vegetative,Yes,Central
Loamy,7.16,12.7,25.67,66.01,1214.67,7.14,Sugarcane,Flowering,No,South
Clay,6.55,56.06,39.1,84.15,1390.51,13.33,Maize,Sowing,Yes,East
Clay,8.17,8.6,13.05,61.7,2145.21,2.77,Wheat,Harvest,Yes,South
Loamy,6.88,57.11,33.88,40.52,282.21,18.93,Maize,Harvest,No,West
Loamy,6.06,33.72,31.57,54.57,270.03,10.88,Cotton,Flowering,Yes,East
Clay,7.43,8.23,31.49,77.85,791.02,9.93,Sugarcane,Flowering,Yes,East
Clay,5.38,30.89,24.42,86.07,1033.0,7.58,Rice,Harvest,No,North
Silt,6.11,18.65,12.47,44.12,934.44,5.29,Sugarcane,Vegetative,Yes,North
Silt,5.98,43.59,32.68,43.34,979.75,9.93,Maize,Vegetative,Yes,South
Loamy,6.27,46.72,36.88,47.93,2128.64,9.98,Rice,Harvest,No,East
Silt,7.46,35.79,14.56,66.73,2091.67,1.59,Potato,Vegetative,No,East
Sandy,6.45,10.31,25.25,44.5,2013.75,17.02,Rice,Sowing,No,Central
Silt,7.5,45.4,16.88,87.52,1888.2,16.5,Rice,Flowering,No,North
Silt,6.76,56.0,30.33,93.46,100.97,9.23,Sugarcane,Flowering,No,Central
Sandy,5.96,49.06,35.57,72.54,373.47,7.07,Wheat,Vegetative,No,North
Loamy,7.55,55.31,32.0,92.92,1830.48,10.23,Rice,Vegetative,No,West
Sandy,5.61,19.43,21.54,45.15,1487.11,4.82,Cotton,Sowing,Yes,East
Silt,5.56,58.67,16.19,82.06,1684.86,0.52,Cotton,Sowing,Yes,West
Loamy,6.52,26.37,35.83,72.49,1792.33,7.41,Rice,Harvest,No,South
Silt,5.69,8.76,21.72,43.42,2278.41,0.85,Cotton,Vegetative,No,North
Sandy,4.83,56.07,12.66,47.29,1587.86,1.29,Cotton,Vegetative,No,South
Sandy,7.0,61.68,29.14,59.2,688.92,1.07,Cotton,Vegetative,No,West
Silt,6.54,45.37,19.4,80.42,207.54,17.66,Maize,Flowering,No,South
Clay,6.31,21.19,37.24,86.06,1080.21,3.3,Maize,Sowing,Yes,West
Clay,8.09,22.35,16.3,69.38,1774.62,5.46,Potato,Flowering,Yes,Central
Sandy,6.74,34.6,25.04,75.51,704.75,10.06,Cotton,Vegetative,No,East
Sandy,7.74,59.18,19.59,43.47,300.2,10.82,Wheat,Harvest,Yes,Central
Clay,5.27,16.53,32.69,76.88,2496.86,2.88,Cotton,Sowing,Yes,West
Clay,6.74,55.08,28.46,67.35,1047.19,18.24,Maize,Vegetative,Yes,West
Silt,7.75,24.6,35.73,40.6,540.79,5.01,Rice,Flowering,No,South
Silt,6.78,54.09,25.76,91.51,411.39,18.88,Cotton,Sowing,No,South
Clay,7.24,60.46,12.14,60.9,2156.96,5.51,Sugarcane,Sowing,No,North
Silt,6.06,32.37,18.46,80.61,2049.01,0.55,Maize,Vegetative,No,East
Silt,5.11,28.81,41.97,61.79,1533.3,19.45,Maize,Harvest,No,East
Loamy,6.36,53.73,24.16,90.31,1367.96,9.93,Maize,Vegetative,Yes,Central
Silt,6.14,38.18,30.61,34.89,2378.6,17.64,Rice,Flowering,Yes,South
Sandy,7.75,47.01,39.15,63.23,570.67,14.82,Sugarcane,Flowering,No,East
Silt,5.63,43.5,12.62,26.76,1038.48,3.99,Sugarcane,Flowering,No,Central
Silt,8.09,16.71,31.79,38.82,61.66,16.98,Sugarcane,Harvest,Yes,South
Clay,8.06,56.15,20.65,44.67,1046.47,1.5,Maize,Sowing,No,West
Sandy,5.64,19.16,20.38,58.08,960.54,10.4,Cotton,Vegetative,Yes,South
Silt,5.98,61.14,18.75,82.41,2373.73,5.46,Cotton,Sowing,No,Central
Silt,7.84,22.28,36.68,57.67,895.58,7.55,Potato,Sowing,Yes,West
Loamy,8.09,49.83,23.19,64.28,2086.97,15.26,Sugarcane,Sowing,Yes,Central
Silt,6.31,24.23,14.01,89.68,1916.48,13.83,Maize,Sowing,Yes,North
Silt,5.89,26.11,14.91,77.96,368.18,9.08,Cotton,Harvest,No,West
Loamy,6.59,25.67,16.46,28.51,2406.79,1.4,Wheat,Flowering,Yes,East
Clay,7.14,50.63,38.97,37.35,1577.41,1.28,Cotton,Flowering,Yes,North
Silt,5.73,39.74,24.82,27.68,1491.38,14.19,Cotton,Harvest,Yes,East
Loamy,7.3,58.33,39.48,29.83,29.26,19.0,Wheat,Harvest,Yes,Central
Sandy,4.98,25.52,36.52,48.72,1748.03,17.02,Cotton,Vegetative,No,South
Clay,4.97,47.44,37.14,75.95,139.07,2.88,Rice,Harvest,No,South
Sandy,6.11,50.92,20.6,42.1,463.45,2.86,Potato,Vegetative,Yes,South
Sandy,6.0,16.63,20.14,52.46,246.55,12.41,Maize,Vegetative,No,West
Loamy,5.87,30.83,28.8,52.57,945.51,13.32,Rice,Harvest,Yes,East
Silt,6.47,35.52,24.54,66.32,1989.28,12.52,Rice,Flowering,No,West
Loamy,5.89,28.27,27.27,87.5,1768.45,17.77,Maize,Harvest,No,South
Loamy,5.45,26.36,13.6,93.83,266.74,5.0,Potato,Sowing,No,East
Loamy,5.85,47.13,41.15,67.32,1996.15,3.86,Rice,Sowing,Yes,South
Loamy,8.11,20.3,13.75,60.35,1152.12,18.33,Cotton,Sowing,No,Central
Clay,6.2,48.44,17.36,72.73,81.58,14.58,Sugarcane,Vegetative,No,East
Silt,6.31,61.3,32.35,71.76,559.57,14.38,Sugarcane,Vegetative,Yes,East
Sandy,6.76,40.22,16.67,61.68,1962.96,7.04,Rice,Sowing,Yes,Central
Sandy,8.14,42.85,15.21,76.59,1833.25,12.74,Sugarcane,Sowing,No,East
Silt,5.62,11.93,16.61,59.39,470.88,14.67,Potato,Harvest,Yes,Central
Sandy,7.12,57.28,13.86,94.75,95.0,12.21,Rice,Harvest,No,East
Silt,7.23,24.27,19.54,28.43,738.0,14.86,Maize,Harvest,Yes,South
Sandy,6.86,43.06,20.13,56.03,1987.32,12.01,Potato,Harvest,Yes,West
Loamy,5.1,63.81,26.96,52.79,2345.98,19.65,Potato,Vegetative,No,North
Sandy,7.1,41.94,25.16,78.92,1432.21,10.09,Wheat,Flowering,Yes,South
Silt,5.02,49.31,26.21,38.36,227.76,0.74,Rice,Harvest,No,North
Silt,6.83,33.38,30.48,55.39,1255.22,3.69,Wheat,Vegetative,Yes,North
Silt,7.31,11.44,18.93,73.86,2496.98,19.3,Cotton,Vegetative,Yes,East
Silt,5.52,53.46,16.04,67.22,2346.67,9.66,Maize,Harvest,Yes,East
Silt,7.66,9.99,38.37,63.16,2483.03,2.85,Sugarcane,Sowing,No,South
Clay,4.9,47.94,31.02,55.45,1748.54,3.54,Potato,Sowing,No,Central
Clay,7.67,9.31,13.82,77.64,1065.22,1.06,Rice,Sowing,No,West
Sandy,6.37,57.15,40.83,70.25,2232.82,4.91,Rice,Vegetative,Yes,West
Silt,5.54,16.99,32.79,86.23,2237.95,19.74,Cotton,Sowing,Yes,North
Sandy,5.25,37.31,16.55,76.31,360.91,6.91,Maize,Vegetative,No,North
Silt,8.04,42.04,41.07,34.83,1938.46,5.38,Wheat,Flowering,Yes,East
Silt,5.05,34.08,22.96,68.37,2298.27,13.52,Maize,Harvest,No,South
Clay,5.48,27.42,41.54,28.12,2246.3,13.65,Cotton,Vegetative,No,Central
Clay,5.98,34.67,15.1,52.12,1767.08,19.37,Wheat,Sowing,Yes,South
Loamy,6.91,25.75,16.8,53.84,1343.4,14.73,Wheat,Harvest,Yes,Central
Clay,6.65,32.97,31.72,84.84,1941.87,2.64,Rice,Sowing,Yes,North
Loamy,5.23,28.46,12.66,37.63,1290.39,19.72,Rice,Flowering,No,South
Loamy,5.79,40.27,12.56,70.05,803.09,15.13,Maize,Sowing,Yes,North
Loamy,5.61,21.56,35.76,38.47,647.35,5.55,Wheat,Harvest,Yes,South
Loamy,5.53,64.35,17.03,91.41,1351.64,5.59,Rice,Sowing,No,South
Loamy,6.2,36.55,39.56,62.06,1139.89,19.22,Wheat,Flowering,No,Central
Sandy,7.19,19.07,24.78,74.57,1311.24,4.26,Wheat,Harvest,No,South
Clay,5.54,35.19,38.21,70.26,651.74,4.94,Sugarcane,Flowering,No,North
Loamy,6.05,57.39,24.53,46.25,1476.46,7.5,Rice,Harvest,No,Central
Silt,6.13,9.24,27.91,88.08,1655.19,13.75,Rice,Vegetative,No,North
Clay,8.12,46.73,21.5,68.91,2017.12,8.88,Rice,Harvest,No,West
Clay,8.05,39.23,31.74,60.72,1474.97,6.57,Potato,Sowing,Yes,West
Loamy,7.52,17.66,21.55,61.99,1890.18,5.72,Sugarcane,Harvest,No,East
Sandy,5.62,54.6,18.7,87.35,423.46,2.94,Cotton,Sowing,No,South
Loamy,5.03,29.03,14.43,29.14,302.66,11.15,Sugarcane,Harvest,No,North
Sandy,5.88,24.75,13.73,52.23,449.1,5.83,Potato,Flowering,Yes,West
Silt,5.71,55.2,21.18,83.91,2115.66,6.96,Cotton,Sowing,Yes,Central
Clay,6.52,44.4,34.09,27.63,1390.37,0.65,Maize,Sowing,No,South
Silt,7.44,59.2,18.17,69.74,1138.29,10.86,Rice,Sowing,No,Central
Sandy,7.72,43.9,20.98,53.23,1905.4,14.08,Cotton,Sowing,No,East
Sandy,7.67,50.23,39.16,39.32,310.19,18.59,Wheat,Vegetative,Yes,South
Silt,6.02,55.68,31.17,67.8,15.52,4.34,Potato,Flowering,Yes,Central
Sandy,7.14,11.12,39.59,83.17,777.41,18.43,Cotton,Sowing,No,East
Silt,5.86,52.23,39.34,57.71,622.24,7.54,Potato,Harvest,No,West
Clay,5.01,42.98,13.9,35.27,768.33,16.15,Cotton,Sowing,No,Central
Silt,7.19,11.96,40.65,46.43,2433.92,17.99,Wheat,Sowing,Yes,East
Clay,4.83,36.99,13.54,93.69,1419.36,19.25,Maize,Flowering,No,East
Silt,6.19,12.7,39.77,32.78,1472.78,6.85,Potato,Flowering,Yes,West
Sandy,5.92,49.95,28.4,36.25,1639.17,5.58,Rice,Sowing,No,East
Silt,7.16,39.15,28.0,94.31,994.31,9.07,Sugarcane,Vegetative,Yes,North
Sandy,7.41,62.35,33.4,86.75,2447.44,11.32,Potato,Vegetative,Yes,Central
Silt,5.83,18.44,38.38,74.5,2433.15,13.97,Potato,Harvest,No,Central
Silt,7.56,42.54,30.51,35.57,1923.11,13.99,Potato,Harvest,Yes,East
Loamy,5.8,20.06,24.76,41.84,529.23,2.77,Potato,Harvest,Yes,North
Sandy,6.32,43.0,15.36,37.61,2200.49,12.43,Maize,Harvest,Yes,Central
Loamy,7.27,49.19,35.68,69.17,252.3,3.77,Sugarcane,Vegetative,Yes,Central
Sandy,7.16,49.17,15.85,52.92,1574.74,14.37,Sugarcane,Vegetative,No,Central
Loamy,8.16,54.46,33.79,28.34,1143.04,19.54,Maize,Flowering,Yes,West
Clay,5.57,56.65,27.84,45.39,98.04,15.53,Cotton,Flowering,No,Central
Silt,7.05,12.4,23.58,85.25,2259.77,14.05,Maize,Harvest,Yes,East
Sandy,6.87,27.57,30.39,80.72,2402.73,2.01,Sugarcane,Sowing,Yes,Central
Sandy,7.91,47.17,35.17,70.01,2268.49,4.1,Maize,Flowering,No,East
Silt,5.33,36.42,40.23,30.99,481.17,7.43,Wheat,Vegetative,No,Central
Sandy,7.36,18.87,19.94,86.8,832.45,18.7,Potato,Sowing,Yes,South
Sandy,6.73,39.5,40.41,62.42,2389.33,6.95,Cotton,Flowering,Yes,South
Loamy,5.73,31.22,40.83,59.62,266.06,16.37,Cotton,Sowing,Yes,Central
Sandy,6.41,30.23,36.41,90.38,1458.26,2.52,Sugarcane,Flowering,Yes,South
Clay,5.93,54.16,38.44,25.62,1213.81,13.41,Potato,Harvest,No,South
Clay,6.77,31.23,32.77,63.91,379.75,15.69,Potato,Harvest,No,East
Silt,7.82,9.51,13.17,80.39,2216.44,11.09,Cotton,Sowing,Yes,South
Sandy,6.74,11.31,29.25,29.46,335.39,15.45,Potato,Vegetative,No,East
Silt,6.95,56.81,34.42,50.0,1481.77,14.61,Sugarcane,Vegetative,Yes,East
Clay,6.56,62.75,40.25,93.42,795.45,9.8,Potato,Harvest,No,East
Sandy,4.97,47.24,29.11,39.83,1044.95,17.38,Wheat,Harvest,Yes,North
Sandy,5.59,28.77,35.83,62.18,528.4,7.16,Sugarcane,Vegetative,No,West
Silt,6.47,61.5,33.15,77.22,1561.67,8.8,Wheat,Harvest,No,East
Clay,5.85,45.78,20.42,52.33,2471.69,11.03,Potato,Flowering,No,West
Sandy,5.42,56.13,16.64,53.55,2083.86,3.05,Wheat,Harvest,Yes,Central
Silt,6.51,51.65,34.53,29.43,1708.01,10.55,Cotton,Sowing,Yes,North
Clay,5.9,29.61,19.01,38.31,1890.95,6.82,Cotton,Harvest,Yes,North
Silt,5.68,35.29,19.34,86.64,2098.22,5.5,Sugarcane,Harvest,Yes,East
Loamy,6.38,18.61,31.32,82.28,1181.37,11.75,Sugarcane,Vegetative,No,North
Sandy,5.25,24.64,35.67,46.32,1417.61,6.93,Cotton,Vegetative,Yes,East
Loamy,7.95,52.35,29.47,51.72,2238.71,17.18,Sugarcane,Sowing,No,East
Clay,7.75,58.96,38.55,55.83,1739.87,8.49,Maize,Vegetative,Yes,East
Loamy,7.21,49.29,18.34,49.22,340.06,8.55,Sugarcane,Sowing,No,South
Loamy,5.16,34.51,19.57,70.77,1948.84,19.65,Maize,Flowering,No,Central
Clay,7.44,12.93,31.11,25.9,56.77,7.16,Sugarcane,Vegetative,Yes,South
Silt,7.55,11.25,36.88,86.61,2118.82,3.06,Maize,Sowing,No,Central
Loamy,7.41,29.34,28.18,46.05,1970.75,17.59,Wheat,Harvest,No,North
Silt,5.19,34.44,12.31,86.07,2076.86,18.38,Rice,Sowing,Yes,South
Loamy,6.99,42.72,32.31,56.81,58.98,4.92,Sugarcane,Sowing,No,Central
Silt,7.64,8.37,36.41,79.34,2431.12,17.7,Potato,Harvest,Yes,Central
Clay,6.76,64.41,20.3,82.8,1535.33,10.14,Sugarcane,Vegetative,Yes,South
Loamy,7.0,28.74,13.63,46.09,2000.12,1.35,Wheat,Harvest,No,South
Clay,6.36,56.34,27.54,69.82,1416.4,11.2,Cotton,Flowering,No,East
Loamy,6.6,38.49,13.26,67.52,849.37,17.05,Cotton,Sowing,No,West
Clay,4.92,15.44,24.48,58.32,740.37,8.23,Cotton,Harvest,Yes,West
Clay,6.97,53.46,12.53,57.87,174.83,11.24,Wheat,Flowering,No,East
Loamy,5.08,48.46,18.75,46.36,1356.29,3.24,Potato,Flowering,No,North
Loamy,6.28,38.06,23.66,46.71,358.97,16.92,Rice,Vegetative,Yes,South
Loamy,5.8,37.33,15.35,63.37,1418.79,2.58,Cotton,Flowering,No,Central
Sandy,6.65,12.99,15.42,27.26,1562.29,2.34,Cotton,Sowing,Yes,North
Silt,5.25,45.38,36.81,90.36,1105.2,18.7,Sugarcane,Flowering,Yes,West
Sandy,7.15,59.94,13.24,70.5,390.81,17.53,Wheat,Flowering,No,Central
Sandy,7.5,13.31,32.67,56.04,1081.77,11.71,Wheat,Harvest,Yes,West
Clay,5.36,23.02,36.43,29.33,2196.68,2.57,Maize,Vegetative,No,South
Loamy,5.15,59.43,15.92,69.1,1145.12,11.15,Sugarcane,Flowering,Yes,South
Silt,5.29,24.21,17.86,26.24,856.82,18.45,Maize,Sowing,No,Central
Clay,7.78,45.27,31.24,72.59,1574.41,12.44,Maize,Sowing,No,West
Sandy,6.6,38.48,21.47,30.08,1547.16,4.37,Rice,Sowing,Yes,West
Loamy,6.39,41.99,26.29,70.93,226.54,18.16,Cotton,Vegetative,No,Central
Clay,5.16,31.7,37.08,53.41,591.23,17.38,Wheat,Vegetative,No,Central
Loamy,7.01,25.1,16.14,71.38,1236.01,11.16,Maize,Sowing,No,Central
Clay,7.75,10.77,30.59,34.69,915.83,17.12,Potato,Flowering,Yes,South
Loamy,7.62,50.42,40.27,33.22,799.89,1.6,Sugarcane,Vegetative,Yes,West
Sandy,6.93,50.53,13.72,42.32,1114.28,9.49,Wheat,Flowering,No,South
Silt,5.06,46.23,13.8,53.81,725.79,3.97,Cotton,Flowering,Yes,East
Sandy,5.18,44.69,28.64,42.71,868.68,16.83,Wheat,Harvest,No,North
Silt,4.97,21.89,40.8,30.74,1934.07,19.44,Rice,Harvest,Yes,East
Loamy,5.68,9.27,18.61,47.75,1275.58,18.65,Cotton,Vegetative,Yes,North
Clay,5.26,54.1,21.92,74.4,2182.14,10.32,Cotton,Flowering,Yes,West
Sandy,5.68,35.99,14.96,65.82,2371.4,10.46,Wheat,Flowering,Yes,South
Silt,6.11,25.49,22.87,92.43,2305.19,18.21,Potato,Sowing,Yes,South
Sandy,8.01,13.81,13.33,55.51,634.28,14.57,Sugarcane,Flowering,No,East
Silt,6.88,11.58,23.67,48.3,1182.21,1.95,Maize,Flowering,Yes,North
Sandy,7.64,27.89,28.66,73.56,1337.63,3.0,Potato,Vegetative,Yes,West
Silt,7.22,53.87,41.25,53.84,2130.48,19.06,Maize,Vegetative,No,Central
Silt,5.18,60.37,36.55,68.28,1397.55,7.63,Potato,Flowering,Yes,East
Loamy,7.3,59.11,36.66,91.24,631.79,4.15,Maize,Flowering,No,South
Silt,5.74,60.44,18.84,59.94,1368.85,14.84,Wheat,Harvest,No,West
Loamy,6.97,59.74,14.62,59.87,110.71,17.65,Sugarcane,Vegetative,Yes,North
Silt,5.96,38.05,30.09,79.26,2085.34,4.53,Wheat,Flowering,Yes,South
Clay,8.19,20.51,27.63,77.93,1415.0,5.4,Potato,Sowing,No,Central
Clay,5.7,53.49,27.5,61.14,1629.29,18.05,Maize,Harvest,Yes,Central
Clay,5.75,20.18,15.27,29.53,502.35,0.76,Maize,Flowering,No,East
Silt,7.96,23.23,26.82,93.66,1395.34,18.21,Potato,Harvest,No,East
Loamy,4.88,21.3,16.51,51.41,1326.59,1.27,Maize,Flowering,No,East
Loamy,7.17,37.35,24.66,47.17,1549.08,2.36,Sugarcane,Flowering,Yes,East
Silt,7.27,26.34,13.86,93.71,2118.55,17.31,Potato,Harvest,No,Central
Clay,7.64,16.79,37.71,86.05,1911.35,5.34,Rice,Flowering,Yes,West
Clay,8.11,33.83,12.4,48.12,1367.19,4.88,Maize,Vegetative,No,West
Loamy,8.12,57.81,40.18,46.58,2233.51,16.96,Maize,Harvest,No,Central
Clay,5.02,40.52,37.89,75.47,896.05,11.07,Sugarcane,Flowering,No,North
Sandy,7.59,58.07,34.58,48.4,1231.38,7.34,Wheat,Harvest,No,East
Loamy,7.0,19.16,41.48,42.6,1623.59,14.43,Potato,Sowing,No,East
Clay,7.0,17.52,13.61,93.58,1101.92,16.29,Cotton,Flowering,Yes,South
Loamy,5.24,40.81,31.25,64.6,903.55,17.32,Cotton,Sowing,Yes,Central
Sandy,7.01,34.41,37.48,78.37,280.99,2.83,Sugarcane,Harvest,Yes,South
Loamy,8.14,45.63,15.8,74.91,1589.75,11.86,Rice,Vegetative,Yes,South
Loamy,7.9,53.29,29.54,77.89,481.52,13.73,Potato,Sowing,Yes,East
Loamy,6.29,50.82,23.82,88.24,345.64,2.77,Wheat,Vegetative,Yes,South
Loamy,4.94,61.71,25.07,60.05,455.38,12.4,Maize,Vegetative,No,West
Sandy,6.03,30.7,39.38,77.74,1721.2,1.12,Wheat,Vegetative,No,West
Silt,7.61,19.76,28.16,80.78,345.9,7.16,Rice,Sowing,Yes,West
Loamy,7.19,39.4,14.8,91.25,2440.59,3.85,Potato,Harvest,Yes,West
Loamy,6.36,14.31,40.12,74.92,1896.35,11.44,Maize,Harvest,Yes,West
Clay,4.99,24.46,17.56,87.48,981.84,4.23,Sugarcane,Harvest,Yes,West
Loamy,6.25,19.85,38.78,31.65,1483.21,15.89,Sugarcane,Sowing,Yes,South
Clay,6.39,30.6,41.13,33.83,19.07,2.86,Maize,Sowing,Yes,West
Silt,7.96,14.34,38.34,36.08,2111.33,15.28,Maize,Vegetative,Yes,East
Sandy,6.98,9.81,32.31,35.14,678.03,2.43,Sugarcane,Flowering,Yes,North
Sandy,5.86,45.44,34.31,31.13,179.71,9.13,Rice,Sowing,Yes,West
Silt,6.59,42.78,33.0,33.58,1895.3,14.12,Rice,Sowing,No,Central
Sandy,5.02,48.38,25.82,94.71,823.95,3.65,Sugarcane,Sowing,No,South
Silt,8.11,45.64,20.23,44.05,1418.85,15.17,Wheat,Flowering,Yes,West
Silt,6.02,14.51,20.55,58.46,2110.08,19.09,Rice,Vegetative,Yes,North
Silt,6.42,24.59,33.94,82.51,1939.83,7.78,Rice,Harvest,Yes,North
Sandy,6.01,15.38,30.78,33.28,842.09,0.5,Rice,Flowering,Yes,West
Clay,7.12,56.05,29.55,47.22,2171.74,9.8,Cotton,Harvest,Yes,East
Silt,7.05,50.57,31.58,36.15,972.12,18.1,Cotton,Harvest,Yes,East
Loamy,7.23,19.49,35.24,29.38,1250.06,13.47,Maize,Flowering,No,West
Sandy,5.71,27.45,34.45,92.25,1531.15,14.21,Rice,Harvest,Yes,Central
Silt,5.87,63.1,15.16,85.09,177.45,15.95,Cotton,Flowering,No,South
Silt,5.23,41.87,22.89,86.55,1492.91,18.21,Rice,Vegetative,No,West
Loamy,7.03,53.67,19.92,85.81,1443.54,2.93,Rice,Sowing,Yes,East
Clay,4.94,23.08,28.15,35.82,2183.74,12.01,Potato,Sowing,No,East
Clay,6.83,19.97,13.84,79.95,884.16,17.85,Potato,Sowing,Yes,Central
Clay,7.76,52.68,34.87,75.95,605.47,15.63,Maize,Harvest,Yes,East
Silt,7.83,47.09,15.2,89.78,1191.29,5.35,Sugarcane,Harvest,Yes,South
Silt,6.33,46.82,20.14,40.35,1718.33,17.55,Sugarcane,Vegetative,No,Central
Silt,6.36,39.5,35.48,53.98,1404.74,6.24,Potato,Flowering,Yes,North
Sandy,5.06,40.12,13.55,45.64,345.52,8.51,Potato,Vegetative,Yes,Central
Loamy,7.08,49.93,31.81,43.05,869.73,4.12,Rice,Vegetative,Yes,East
Silt,7.59,23.39,39.73,70.67,159.46,17.76,Maize,Flowering,No,North
Loamy,5.63,28.11,30.53,36.48,1848.32,2.31,Cotton,Harvest,Yes,East
Loamy,6.23,57.68,33.38,57.54,2207.37,19.89,Wheat,Vegetative,Yes,West
Clay,7.65,25.61,35.77,70.26,114.18,6.91,Potato,Harvest,Yes,East
Sandy,7.78,39.14,18.67,34.12,1313.57,14.36,Maize,Flowering,Yes,Central
Silt,5.63,48.05,29.43,42.99,1414.95,3.01,Rice,Vegetative,Yes,South
Clay,6.67,65.0,21.27,92.72,1097.07,10.01,Sugarcane,Harvest,Yes,East
Clay,5.45,32.81,19.48,80.68,1256.83,1.28,Cotton,Vegetative,No,Central
Silt,5.15,32.4,17.77,72.39,1775.89,17.63,Maize,Harvest,No,West
Loamy,7.9,56.03,29.56,84.92,1209.31,9.21,Potato,Vegetative,Yes,West
Clay,7.59,53.91,35.84,25.98,2299.13,14.98,Sugarcane,Flowering,No,South
Loamy,7.38,49.67,38.28,25.43,1352.18,17.94,Maize,Vegetative,No,South
Sandy,4.97,34.4,24.86,35.78,179.49,1.84,Wheat,Sowing,No,South
Loamy,7.67,26.46,23.19,59.67,2383.31,10.47,Maize,Sowing,No,East
Sandy,6.29,42.7,32.62,64.9,367.03,4.2,Potato,Harvest,Yes,West
Loamy,5.96,57.94,35.41,32.96,1961.15,1.85,Wheat,Harvest,Yes,Central
Clay,6.66,58.38,19.6,30.06,1317.26,12.63,Cotton,Flowering,No,South
Clay,5.11,14.18,20.92,82.98,1852.23,2.72,Rice,Flowering,Yes,North
Sandy,7.37,32.42,28.0,57.51,1283.57,10.09,Potato,Harvest,No,Central
Silt,6.78,34.49,25.33,94.47,147.43,4.34,Potato,Vegetative,No,North
Sandy,5.43,63.72,33.17,41.05,937.31,4.36,Rice,Harvest,Yes,West
Sandy,5.44,46.65,27.13,70.3,1551.71,10.7,Wheat,Sowing,Yes,South
Loamy,5.43,31.21,15.35,81.31,1572.21,11.33,Cotton,Sowing,No,North
Loamy,4.99,9.49,16.98,86.08,2432.61,0.57,Maize,Sowing,No,Central
Sandy,6.8,40.23,39.06,46.44,1515.81,10.27,Maize,Harvest,Yes,West
Clay,7.66,13.48,18.82,38.53,716.1,13.56,Cotton,Vegetative,No,West
Loamy,4.86,55.56,13.5,40.83,108.56,13.73,Wheat,Sowing,Yes,West
Silt,4.97,50.89,33.94,71.67,1971.04,17.07,Wheat,Harvest,No,Central
Loamy,6.75,34.25,32.52,61.56,2223.23,17.96,Rice,Harvest,No,West
Loamy,7.59,32.47,30.0,66.93,1534.1,12.65,Potato,Harvest,Yes,West
Silt,5.91,59.15,27.07,26.44,1205.94,9.9,Rice,Sowing,Yes,North
Sandy,5.99,24.44,41.09,52.37,2152.47,4.48,Cotton,Sowing,No,West
Silt,6.83,22.19,15.59,46.71,600.89,2.97,Maize,Sowing,Yes,South
Sandy,5.73,61.53,27.3,85.46,996.83,12.38,Sugarcane,Vegetative,No,North
Sandy,4.89,54.13,28.92,79.34,1269.14,18.96,Wheat,Vegetative,No,South
Sandy,7.3,54.78,12.67,55.07,123.43,5.93,Cotton,Flowering,Yes,West
Silt,6.93,19.13,24.36,69.14,1721.45,2.44,Sugarcane,Vegetative,Yes,North
Sandy,6.77,16.17,35.48,28.34,471.4,8.77,Cotton,Vegetative,Yes,South
Clay,7.32,9.48,26.13,69.61,832.88,0.51,Maize,Sowing,Yes,Central
Silt,7.1,21.51,38.26,31.8,1036.23,11.29,Sugarcane,Flowering,Yes,Central
Clay,5.5,52.13,31.34,74.98,1596.28,1.46,Wheat,Vegetative,No,North
Sandy,6.0,21.68,34.98,65.17,163.71,18.65,Cotton,Flowering,No,South
Loamy,5.23,49.56,36.13,46.03,852.15,17.46,Cotton,Harvest,No,North
Sandy,5.24,22.36,32.69,50.96,685.9,2.74,Rice,Vegetative,Yes,North
Clay,7.1,30.53,34.48,31.31,3.8,3.36,Maize,Vegetative,No,West
Clay,7.72,64.04,32.86,47.6,1729.13,19.09,Cotton,Vegetative,Yes,North
Silt,8.07,21.95,28.51,92.68,589.84,16.36,Wheat,Sowing,Yes,West
Loamy,6.94,29.45,29.0,59.03,416.1,18.87,Sugarcane,Vegetative,Yes,West
Silt,5.43,25.16,17.7,58.2,1994.91,7.02,Rice,Sowing,No,East
Clay,5.16,14.25,36.82,69.05,98.0,2.66,Potato,Vegetative,Yes,North
Sandy,7.56,35.92,21.36,58.91,2250.6,12.5,Sugarcane,Flowering,Yes,Central
Loamy,6.77,29.59,28.07,49.89,1717.25,19.35,Potato,Sowing,Yes,East
Sandy,6.9,47.61,19.49,34.77,429.37,3.03,Potato,Vegetative,No,Central
Sandy,7.46,54.6,32.88,69.12,875.26,16.47,Potato,Harvest,No,East
Loamy,7.19,39.02,41.26,77.42,2374.96,7.51,Sugarcane,Vegetative,Yes,West
Silt,7.64,9.84,36.06,89.62,1547.11,2.75,Rice,Vegetative,Yes,Central
Sandy,4.99,43.28,30.57,25.21,1521.79,9.45,Cotton,Flowering,No,South
Clay,7.34,11.16,29.03,29.67,1632.68,10.03,Potato,Harvest,No,East
Sandy,7.69,43.13,26.69,87.96,1156.84,0.68,Maize,Vegetative,No,West
Loamy,5.77,47.05,18.15,69.18,418.26,9.75,Maize,Flowering,Yes,West
Loamy,6.98,19.27,22.44,92.05,377.23,13.13,Potato,Harvest,No,North
Loamy,5.87,54.7,24.19,55.16,1718.28,15.41,Sugarcane,Vegetative,Yes,West
Silt,8.06,59.93,40.34,54.17,2209.85,2.42,Sugarcane,Flowering,No,South
Sandy,4.91,54.35,24.77,49.1,750.53,17.59,Maize,Sowing,Yes,North
Silt,6.77,25.39,29.59,35.0,1258.51,3.77,Wheat,Flowering,Yes,Central
Silt,5.37,41.44,39.67,51.5,2480.59,13.34,Potato,Vegetative,No,West
Loamy,7.22,60.14,27.55,26.03,642.9,11.28,Wheat,Sowing,Yes,East
Loamy,5.4,26.28,19.54,60.65,975.53,17.66,Sugarcane,Vegetative,Yes,Central
Silt,5.6,54.74,23.43,84.3,908.8,1.25,Potato,Flowering,No,North
Sandy,6.48,8.54,23.27,47.48,81.46,4.24,Potato,Sowing,Yes,East
Clay,7.91,8.21,33.44,31.62,1273.79,2.88,Maize,Vegetative,Yes,Central
Silt,5.52,51.3,20.88,93.16,521.69,6.89,Potato,Harvest,Yes,North
Sandy,5.29,51.4,33.91,34.03,321.49,7.11,Rice,Flowering,Yes,West
Loamy,7.38,52.97,38.68,62.01,1776.04,2.23,Potato,Flowering,No,North
Loamy,6.5,61.01,22.08,81.64,1914.4,10.53,Cotton,Harvest,Yes,East
Sandy,7.9,14.72,16.06,42.66,2222.23,2.77,Rice,Flowering,Yes,East
Clay,5.3,21.22,31.16,83.9,2335.33,1.95,Potato,Sowing,No,North
Loamy,7.0,59.51,22.83,63.99,2172.66,1.15,Potato,Harvest,No,East
Loamy,5.59,18.1,28.02,48.24,306.24,18.62,Potato,Vegetative,Yes,East
Loamy,5.33,46.89,31.02,85.6,559.07,8.24,Potato,Vegetative,Yes,South
Sandy,7.12,38.24,24.23,68.54,306.19,6.03,Potato,Harvest,No,East
Silt,6.82,12.74,39.74,68.08,883.81,9.9,Potato,Vegetative,Yes,West
Loamy,7.37,24.26,23.99,60.28,310.18,3.57,Wheat,Sowing,No,North
Silt,5.85,37.66,21.22,44.23,1633.19,8.42,Wheat,Vegetative,Yes,West
Clay,6.32,56.58,38.57,46.34,1791.79,4.22,Wheat,Vegetative,Yes,South
Loamy,6.18,48.33,16.09,31.17,398.98,6.44,Sugarcane,Vegetative,No,North
Loamy,8.15,43.45,15.73,42.06,1553.94,18.52,Sugarcane,Harvest,No,North
Clay,5.79,36.27,40.07,44.45,57.47,3.4,Potato,Flowering,Yes,Central
Loamy,5.8,25.02,18.27,29.11,1085.93,9.74,Rice,Vegetative,No,South
Silt,6.01,14.8,16.45,32.72,713.35,13.39,Rice,Harvest,No,West
Sandy,6.72,31.32,28.06,43.92,2496.24,18.4,Rice,Flowering,No,East
Silt,5.66,9.63,13.4,72.41,2306.96,18.5,Wheat,Harvest,Yes,West
Sandy,7.91,20.03,30.6,37.9,368.91,5.32,Cotton,Flowering,No,North
Sandy,5.7,32.65,25.59,61.53,2293.43,18.89,Cotton,Harvest,No,West
Silt,7.85,31.86,31.21,60.55,1046.97,6.96,Maize,Flowering,No,Central
Silt,5.15,10.52,20.52,83.38,1441.62,17.95,Maize,Harvest,No,Central
Silt,7.03,41.58,39.16,67.64,1334.41,2.32,Potato,Flowering,No,North
Silt,7.88,39.33,20.12,89.19,1815.39,4.37,Potato,Vegetative,No,East
Clay,5.37,12.45,31.13,68.97,837.39,2.04,Wheat,Vegetative,Yes,East
Loamy,8.09,61.76,40.35,26.79,174.21,6.33,Maize,Flowering,Yes,South
Sandy,6.34,13.66,24.02,51.7,1044.07,17.54,Cotton,Vegetative,No,East
Silt,8.02,56.73,16.84,73.93,1361.26,3.61,Sugarcane,Flowering,Yes,North
Silt,7.1,8.02,14.05,58.26,1387.28,4.88,Wheat,Sowing,Yes,North
Silt,5.83,58.29,40.89,54.36,1981.49,4.72,Sugarcane,Vegetative,No,Central
Clay,5.44,9.12,34.91,72.01,110.56,5.86,Maize,Flowering,Yes,West
Silt,5.83,51.2,39.57,45.0,2470.24,0.86,Sugarcane,Sowing,Yes,Central
Silt,5.12,28.62,32.96,88.63,2476.41,8.77,Rice,Vegetative,Yes,Central
Silt,5.29,50.08,22.27,53.92,247.54,19.54,Wheat,Harvest,No,South
Loamy,5.16,30.9,15.69,69.19,860.04,9.24,Wheat,Vegetative,No,West
Clay,6.24,12.04,39.88,93.76,1475.78,16.36,Potato,Harvest,No,West
Silt,7.5,51.75,26.69,79.98,933.31,11.64,Maize,Harvest,Yes,North
Sandy,5.28,12.06,23.9,62.21,1219.06,0.79,Cotton,Sowing,Yes,West
Sandy,5.24,60.56,29.33,85.16,814.82,11.92,Sugarcane,Vegetative,Yes,West
Sandy,6.99,10.91,15.2,64.23,1780.33,18.96,Sugarcane,Harvest,Yes,East
Clay,5.47,35.32,21.28,55.92,910.04,11.29,Potato,Sowing,No,West
Clay,5.13,49.21,31.14,86.14,1074.72,10.79,Sugarcane,Vegetative,No,East
Sandy,5.37,30.42,15.0,26.9,1439.77,13.57,Sugarcane,Sowing,Yes,Central
Silt,7.94,20.38,16.06,53.52,2423.0,17.48,Maize,Harvest,No,West
Clay,7.59,51.27,27.32,49.01,1604.51,11.51,Sugarcane,Harvest,Yes,West
Sandy,6.0,52.7,30.7,74.99,242.3,8.43,Potato,Vegetative,Yes,North
Sandy,7.03,60.59,17.61,25.88,797.25,1.22,Potato,Flowering,No,South
Silt,6.63,29.44,12.99,71.26,1049.29,2.67,Rice,Vegetative,Yes,North
Loamy,7.1,36.86,40.75,49.25,1850.43,13.15,Potato,Harvest,No,South
Clay,7.12,28.7,12.82,31.85,1117.19,12.57,Potato,Sowing,Yes,North
Silt,6.94,22.65,12.06,93.62,1647.76,5.16,Sugarcane,Harvest,Yes,Central
Sandy,5.7,50.81,21.7,39.86,2098.74,14.52,Rice,Sowing,No,Central
Sandy,4.93,27.36,18.67,49.44,260.84,5.95,Sugarcane,Flowering,No,West
Silt,6.35,32.4,29.21,39.49,1914.35,6.45,Cotton,Sowing,Yes,East
Clay,7.83,31.01,38.83,71.34,1863.95,1.7,Potato,Flowering,No,North
Loamy,6.74,48.62,26.43,79.78,2049.28,11.23,Sugarcane,Sowing,No,Central
Loamy,7.63,60.31,35.2,85.24,2390.17,6.11,Wheat,Vegetative,Yes,South
Sandy,8.17,46.01,39.28,46.77,773.99,16.47,Potato,Vegetative,No,South
Clay,5.36,34.88,17.68,61.72,1072.55,16.13,Sugarcane,Harvest,Yes,South
Loamy,7.15,52.41,26.65,71.43,656.7,3.0,Cotton,Harvest,Yes,West
Clay,7.09,44.54,31.26,69.07,817.76,3.62,Sugarcane,Harvest,Yes,Central
Clay,8.13,11.45,21.96,75.12,824.56,6.76,Potato,Harvest,Yes,East
Sandy,8.15,13.45,34.19,78.88,2174.44,11.83,Potato,Sowing,No,East
Loamy,7.13,10.16,33.16,31.82,157.25,7.18,Cotton,Flowering,No,Central
Silt,5.63,34.04,24.63,36.78,506.75,7.33,Rice,Sowing,No,Central
Sandy,7.52,55.07,14.64,76.4,1526.4,3.23,Maize,Vegetative,No,West
Loamy,5.16,25.85,12.35,58.37,1912.99,7.04,Maize,Harvest,No,North
Loamy,7.45,29.9,23.08,54.89,1743.44,9.67,Rice,Sowing,No,South
Loamy,7.89,59.84,14.46,56.88,116.44,19.7,Potato,Vegetative,Yes,West
Loamy,6.1,55.7,35.45,51.04,1134.49,16.84,Sugarcane,Harvest,No,Central
Loamy,6.94,45.91,22.03,66.37,461.18,15.96,Wheat,Vegetative,No,Central
Clay,6.26,23.21,31.98,47.63,2470.36,11.42,Wheat,Vegetative,Yes,West
Sandy,6.29,14.67,22.39,69.58,2497.23,7.52,Cotton,Harvest,No,East
Clay,5.86,8.92,35.88,39.18,127.25,17.21,Sugarcane,Sowing,No,North
Silt,7.39,14.1,38.65,78.04,1669.31,7.27,Potato,Harvest,Yes,West
Loamy,7.98,24.68,37.13,79.71,2032.66,12.06,Cotton,Sowing,No,Central
Sandy,8.0,39.45,26.53,65.5,811.95,5.51,Sugarcane,Vegetative,Yes,West
Loamy,5.39,11.65,14.52,50.85,1734.09,15.64,Sugarcane,Vegetative,Yes,Central
Sandy,7.77,15.76,23.15,26.01,469.17,10.53,Sugarcane,Sowing,Yes,North
Clay,7.31,18.32,24.73,33.51,319.9,17.96,Wheat,Sowing,Yes,East
Sandy,5.66,44.02,40.81,30.58,2313.25,11.59,Cotton,Flowering,No,Central
Silt,5.03,43.1,28.96,25.71,1606.34,3.7,Rice,Sowing,No,South
Silt,5.71,39.39,31.23,75.56,2042.37,19.86,Rice,Flowering,Yes,Central
Sandy,7.9,22.28,35.46,91.92,1331.78,10.29,Maize,Harvest,No,South
Sandy,6.95,29.15,29.05,25.78,386.81,5.39,Wheat,Flowering,No,North
Sandy,7.25,13.51,29.95,32.89,941.64,6.92,Rice,Sowing,No,Central
Sandy,5.67,20.91,19.36,85.25,2204.14,2.86,Rice,Vegetative,Yes,Central
Silt,7.25,59.17,13.77,73.2,39.02,1.94,Cotton,Sowing,No,West
Loamy,4.9,63.84,33.64,53.33,517.94,9.29,Maize,Flowering,No,East
Sandy,6.08,44.92,37.46,94.5,633.22,19.06,Cotton,Flowering,Yes,East
Sandy,6.93,60.26,24.36,65.15,657.49,2.9,Wheat,Flowering,No,South
Silt,5.3,44.64,28.47,71.87,246.47,18.1,Cotton,Vegetative,Yes,Central
Silt,7.6,9.89,21.22,70.72,2120.55,16.04,Sugarcane,Sowing,No,South
Clay,5.6,64.82,25.51,40.59,398.78,16.23,Potato,Sowing,No,South
Sandy,7.02,13.64,18.27,59.17,2074.19,14.34,Cotton,Vegetative,No,East
Clay,6.18,46.91,34.8,40.15,887.65,12.04,Wheat,Vegetative,Yes,South
Silt,6.83,22.41,26.76,60.66,1143.3,2.87,Maize,Vegetative,Yes,West
Silt,5.17,30.34,28.41,27.15,1157.13,11.73,Cotton,Vegetative,No,Central
Loamy,4.86,44.82,13.11,51.74,1782.87,7.36,Rice,Harvest,No,North
Sandy,7.89,32.88,30.67,51.05,1828.25,2.55,Wheat,Sowing,Yes,West
Clay,5.72,22.28,18.08,45.41,1601.72,16.17,Rice,Vegetative,No,South
Silt,7.59,27.06,23.5,30.55,1934.42,11.16,Potato,Harvest,No,South
Silt,8.2,27.47,24.38,78.97,20.76,15.03,Cotton,Sowing,No,West
Clay,5.52,62.68,25.46,54.43,1262.03,9.85,Potato,Vegetative,Yes,South
Loamy,5.7,53.52,18.82,81.98,1310.06,11.26,Maize,Vegetative,Yes,Central
Silt,7.05,34.14,37.5,83.5,598.35,14.39,Potato,Harvest,Yes,North
Sandy,8.08,19.39,24.84,39.95,1390.93,5.32,Maize,Vegetative,Yes,South
Silt,7.91,54.23,30.36,54.49,1167.89,17.02,Cotton,Sowing,Yes,Central
Sandy,6.51,16.96,30.42,75.47,1180.28,8.71,Wheat,Harvest,Yes,East
Clay,7.5,20.0,30.21,59.96,296.13,14.32,Sugarcane,Flowering,Yes,North
Sandy,5.26,28.86,28.78,84.85,1088.16,6.86,Cotton,Vegetative,Yes,East
Clay,8.12,58.18,36.68,65.01,1916.08,14.2,Cotton,Sowing,Yes,South
Sandy,8.08,15.51,36.38,69.07,1024.97,1.35,Maize,Harvest,No,East
Clay,5.36,14.97,24.51,80.09,1218.75,18.62,Cotton,Sowing,No,East
Sandy,5.82,36.16,31.08,33.56,2418.8,15.84,Cotton,Flowering,No,Central
Loamy,5.14,23.76,15.08,65.9,2179.46,13.46,Maize,Flowering,Yes,West
Sandy,5.72,40.42,14.72,30.98,2321.75,6.82,Maize,Vegetative,No,Central
Sandy,7.57,33.74,26.4,43.24,194.19,16.93,Wheat,Flowering,Yes,Central
Loamy,6.09,32.79,39.01,39.88,1546.45,15.47,Rice,Harvest,No,East
Silt,5.1,14.38,31.5,64.7,558.53,9.34,Cotton,Flowering,Yes,South
Silt,5.96,16.04,32.08,84.07,1010.61,4.35,Sugarcane,Harvest,Yes,West
Sandy,8.14,54.8,16.73,34.3,1699.38,3.92,Sugarcane,Vegetative,Yes,East
Loamy,6.94,58.5,25.6,78.79,1447.29,10.02,Cotton,Sowing,No,North
Sandy,6.21,21.38,24.02,35.01,1264.33,15.78,Cotton,Sowing,No,South
Clay,5.37,14.47,35.49,38.28,2036.12,14.43,Potato,Flowering,Yes,West
Clay,8.15,11.04,16.13,89.19,1706.5,10.12,Maize,Harvest,Yes,East
Sandy,7.59,42.67,28.18,25.68,2052.61,4.49,Wheat,Flowering,No,North
Silt,5.76,48.78,39.34,38.8,2329.83,5.16,Wheat,Flowering,Yes,East
Silt,5.04,29.25,38.77,40.09,1779.93,1.62,Maize,Vegetative,No,South
Sandy,4.99,46.74,37.57,44.73,988.49,3.95,Sugarcane,Harvest,Yes,South
Sandy,5.21,48.64,23.25,50.44,531.95,0.75,Rice,Sowing,Yes,South
Clay,6.77,61.31,40.23,32.22,677.29,13.65,Sugarcane,Sowing,Yes,Central
Silt,7.96,11.7,36.16,57.79,991.58,11.97,Sugarcane,Sowing,No,South
Sandy,6.49,18.96,37.53,52.95,1850.23,19.77,Rice,Vegetative,Yes,West
Clay,7.67,11.91,39.97,68.75,100.39,15.37,Rice,Flowering,No,East
Silt,6.32,57.48,40.11,85.73,2035.7,5.3,Wheat,Sowing,Yes,South
Loamy,7.21,53.18,19.2,45.84,1895.34,14.3,Rice,Flowering,Yes,East
Clay,7.29,40.75,15.83,63.25,1248.54,0.74,Maize,Vegetative,Yes,Central
Silt,5.39,12.77,32.73,51.0,999.17,19.73,Rice,Flowering,Yes,Central
Silt,6.03,23.58,28.9,27.82,281.74,12.48,Sugarcane,Vegetative,Yes,West
Clay,6.97,24.97,21.82,82.48,724.25,2.83,Maize,Flowering,Yes,South
Loamy,5.04,39.96,32.53,69.4,274.07,10.22,Rice,Vegetative,Yes,West
Clay,6.03,22.71,13.86,25.15,2047.21,18.84,Wheat,Flowering,Yes,East
Silt,6.62,12.16,13.42,42.47,1273.34,17.07,Wheat,Sowing,No,East
Sandy,8.19,49.65,22.63,46.63,616.97,6.33,Sugarcane,Sowing,Yes,Central
Sandy,6.41,25.05,17.82,81.81,45.22,8.22,Cotton,Vegetative,No,Central
Clay,7.57,33.79,33.56,78.25,1309.8,17.14,Sugarcane,Flowering,Yes,Central
Silt,6.27,15.28,40.44,52.73,1880.22,18.05,Rice,Vegetative,Yes,East
Sandy,7.51,53.75,31.85,36.01,1916.23,18.33,Sugarcane,Sowing,Yes,West
Silt,6.82,40.24,31.64,52.02,536.07,18.98,Maize,Flowering,No,West
Clay,7.81,59.39,12.2,81.71,2487.66,10.26,Potato,Vegetative,No,East
Sandy,6.2,36.24,27.37,56.67,1421.95,17.3,Sugarcane,Sowing,No,South
Silt,6.85,61.66,36.51,33.11,830.02,7.27,Wheat,Sowing,No,West
Sandy,6.94,58.84,31.62,27.7,982.02,16.84,Maize,Harvest,No,West
Clay,6.22,40.86,18.83,48.33,311.09,7.28,Potato,Harvest,Yes,South
Silt,5.29,61.23,37.45,35.39,1233.39,12.36,Wheat,Sowing,Yes,Central
Sandy,5.12,26.42,40.93,77.15,1883.24,9.64,Potato,Harvest,No,East
Clay,4.86,28.84,20.37,44.51,1023.53,17.91,Sugarcane,Vegetative,Yes,East
Sandy,7.77,10.59,18.21,86.42,2167.13,1.8,Rice,Harvest,Yes,Central
Sandy,5.6,41.58,22.16,68.21,1191.88,19.0,Sugarcane,Flowering,No,North
Loamy,5.52,49.15,13.89,52.56,2251.52,9.51,Maize,Vegetative,No,West
Loamy,7.3,52.09,38.2,67.7,1758.01,9.89,Wheat,Harvest,No,West
Clay,5.89,16.54,39.88,45.66,137.52,16.64,Sugarcane,Harvest,Yes,West
Loamy,6.52,33.32,31.0,34.89,167.54,13.49,Rice,Flowering,Yes,West
Clay,5.35,18.08,34.93,92.49,2000.27,19.1,Rice,Vegetative,Yes,East
Loamy,8.06,45.74,32.06,64.42,892.06,11.16,Cotton,Vegetative,Yes,North
Sandy,7.7,17.0,23.32,25.51,473.11,11.39,Potato,Vegetative,Yes,South
Clay,7.74,59.54,30.96,46.72,2163.3,19.45,Potato,Flowering,Yes,East
Clay,6.18,21.15,37.09,36.17,2458.27,18.57,Rice,Harvest,No,East
Sandy,7.39,24.61,36.3,43.07,2021.87,4.57,Sugarcane,Vegetative,No,East
Clay,5.29,56.5,14.43,28.9,1812.82,6.49,Rice,Flowering,No,Central
Clay,4.83,34.13,25.88,42.16,2.4,12.69,Rice,Flowering,Yes,South
Loamy,4.87,9.37,23.92,72.81,264.93,18.82,Maize,Sowing,No,Central
Clay,6.79,36.19,34.56,82.44,1677.36,11.49,Rice,Flowering,No,North
Silt,6.35,12.82,27.04,49.32,1023.91,14.79,Sugarcane,Sowing,Yes,Central
Sandy,6.56,64.16,22.49,61.57,48.69,2.33,Rice,Sowing,No,West
Loamy,4.83,41.52,33.19,27.93,1852.17,10.69,Wheat,Sowing,Yes,South
Loamy,6.24,22.62,26.21,31.36,1046.91,3.38,Cotton,Harvest,Yes,East
Silt,7.24,40.13,19.7,63.63,1647.06,5.58,Cotton,Vegetative,Yes,South
Sandy,6.31,12.38,38.71,83.84,1170.84,3.74,Maize,Harvest,Yes,South
Sandy,7.29,53.59,15.39,31.16,66.24,3.74,Sugarcane,Harvest,Yes,South
Loamy,5.59,60.74,12.54,54.3,1589.81,19.84,Potato,Flowering,Yes,Central
Clay,7.56,57.84,16.32,92.93,1970.21,6.32,Sugarcane,Harvest,No,North
Loamy,6.8,27.48,16.91,76.72,389.94,11.53,Maize,Sowing,Yes,South
Sandy,5.52,26.57,28.14,38.83,2227.71,0.89,Cotton,Harvest,No,South
Silt,5.6,10.0,30.75,44.96,453.9,16.22,Wheat,Flowering,Yes,East
Loamy,6.94,45.13,25.46,91.35,1057.09,13.76,Cotton,Vegetative,Yes,East
Sandy,7.62,38.49,18.13,40.47,1317.97,4.96,Cotton,Sowing,No,South
Loamy,6.21,34.18,15.97,55.86,784.66,1.2,Wheat,Sowing,Yes,West
Clay,5.68,59.73,26.76,49.89,1251.14,5.85,Cotton,Sowing,Yes,Central
Loamy,7.75,17.57,28.96,59.3,1795.89,12.76,Rice,Harvest,Yes,West
Loamy,7.08,8.55,21.12,41.56,1786.14,0.8,Sugarcane,Sowing,Yes,East
Sandy,6.32,12.18,18.61,71.78,2305.71,1.97,Cotton,Sowing,No,South
Sandy,6.46,20.73,14.42,41.42,2155.23,8.48,Wheat,Vegetative,No,East
Sandy,5.49,9.9,12.79,67.15,2462.76,3.93,Sugarcane,Sowing,No,South
Loamy,6.93,36.66,15.17,50.04,1488.45,12.82,Sugarcane,Harvest,Yes,Central
Clay,6.02,25.9,34.26,42.6,1001.29,3.91,Cotton,Sowing,No,North
Silt,8.19,18.29,22.32,73.65,600.25,19.88,Cotton,Sowing,No,West
Silt,6.43,50.75,12.82,92.57,609.92,9.0,Cotton,Harvest,No,West
Sandy,6.45,19.65,27.24,85.86,377.31,3.39,Maize,Sowing,No,West
Sandy,6.72,47.19,28.08,31.08,1816.67,1.94,Sugarcane,Vegetative,No,Central
Loamy,7.92,27.91,24.86,56.81,1635.61,8.7,Maize,Flowering,No,East
Silt,7.52,37.17,15.32,73.63,730.74,16.28,Cotton,Vegetative,No,North
Sandy,6.33,61.23,34.65,64.38,2230.34,9.06,Wheat,Vegetative,No,Central
Clay,7.24,10.13,32.67,75.84,1380.72,3.25,Cotton,Vegetative,No,East
Clay,6.79,36.52,23.84,93.26,172.55,10.03,Cotton,Sowing,No,Central
Sandy,6.47,56.7,23.42,48.96,153.63,7.08,Potato,Flowering,No,West
Sandy,5.45,41.51,16.68,78.96,357.97,10.29,Rice,Sowing,Yes,East
Silt,6.38,23.78,34.61,31.58,528.16,8.13,Rice,Harvest,No,Central
Silt,5.64,30.67,29.99,85.88,2218.59,13.13,Sugarcane,Sowing,Yes,West
Loamy,7.91,46.78,14.57,79.49,1946.12,16.17,Sugarcane,Vegetative,Yes,Central
Silt,5.94,58.78,23.34,61.47,504.31,17.79,Sugarcane,Sowing,No,Central
Clay,8.04,10.34,39.11,82.47,621.23,14.96,Maize,Vegetative,No,South
Clay,6.61,12.08,25.57,71.66,1591.97,7.42,Sugarcane,Flowering,No,North
Sandy,6.95,26.53,21.75,63.66,2178.81,9.24,Potato,Flowering,No,South
Silt,6.65,21.27,31.31,91.22,791.82,13.01,Rice,Harvest,Yes,East
Loamy,5.24,23.1,18.09,34.12,1313.74,4.79,Sugarcane,Flowering,No,Central
Clay,6.08,20.61,27.71,94.51,2225.94,14.18,Potato,Flowering,Yes,West
Clay,5.14,19.16,32.09,35.81,1926.58,13.17,Cotton,Flowering,No,West
Loamy,6.92,15.45,37.65,58.61,2228.77,13.3,Rice,Vegetative,Yes,West
Loamy,6.32,61.24,32.78,41.2,695.18,7.0,Maize,Flowering,Yes,South
Clay,7.45,16.22,23.53,44.03,1727.34,12.23,Potato,Harvest,Yes,East
Clay,5.55,19.65,35.03,69.23,285.03,4.36,Maize,Sowing,Yes,North
Loamy,5.36,22.04,38.95,27.43,1540.52,4.2,Potato,Harvest,Yes,Central
Clay,6.18,61.18,26.33,90.85,760.06,15.49,Sugarcane,Flowering,No,East
Sandy,7.95,51.08,12.14,44.57,1753.7,7.9,Maize,Vegetative,No,East
Sandy,7.22,53.01,38.43,44.08,354.69,11.12,Maize,Flowering,No,North
Loamy,6.22,13.97,16.96,85.45,1663.95,6.21,Rice,Flowering,No,South
Silt,6.56,55.67,15.79,78.54,1771.3,5.1,Sugarcane,Sowing,No,East
Loamy,5.09,31.27,21.23,72.02,2142.89,15.71,Potato,Vegetative,Yes,South
Loamy,8.15,22.98,23.4,35.25,1717.69,15.99,Sugarcane,Flowering,No,East
Silt,7.07,40.82,35.98,78.87,1307.16,16.81,Cotton,Vegetative,No,South
Silt,5.77,54.86,23.68,50.25,1960.4,17.16,Sugarcane,Sowing,No,Central
Silt,6.79,52.38,13.46,94.57,711.08,8.52,Sugarcane,Vegetative,No,West
Sandy,5.17,58.73,31.08,71.99,1693.67,16.27,Rice,Sowing,Yes,North
Clay,8.08,60.9,32.14,83.51,1811.32,7.25,Cotton,Flowering,No,East
Sandy,5.39,21.57,36.43,76.36,981.35,1.52,Cotton,Flowering,No,South
Clay,7.0,32.16,23.97,66.6,2472.42,13.94,Sugarcane,Sowing,Yes,East
Sandy,5.63,8.83,14.58,75.14,890.22,4.38,Wheat,Vegetative,Yes,East
Clay,7.24,58.12,28.59,66.82,211.23,9.3,Cotton,Harvest,No,South
Sandy,7.44,16.81,15.63,28.58,758.69,3.7,Sugarcane,Vegetative,Yes,South
Silt,7.09,57.1,12.51,49.19,248.59,8.13,Sugarcane,Flowering,Yes,Central
Loamy,6.89,26.78,35.36,47.15,848.26,17.75,Rice,Flowering,Yes,Central
Sandy,7.83,28.98,24.1,74.98,319.68,12.46,Potato,Harvest,Yes,Central
Clay,5.07,10.23,27.75,65.33,1098.84,3.39,Cotton,Vegetative,Yes,North
Silt,5.93,26.63,31.89,67.73,1944.94,14.65,Cotton,Flowering,Yes,South
Sandy,5.64,58.64,24.03,84.29,168.61,17.03,Wheat,Vegetative,No,Central
Sandy,8.16,9.46,13.53,61.77,1407.77,3.74,Sugarcane,Flowering,No,West
Silt,6.12,31.16,19.58,40.28,109.57,15.01,Cotton,Sowing,No,South
Sandy,7.29,9.79,17.83,25.87,2211.52,11.21,Potato,Vegetative,Yes,East
Loamy,7.13,29.14,41.32,36.16,2303.46,12.28,Maize,Harvest,No,East
Sandy,5.52,17.84,34.19,27.14,1230.89,18.81,Cotton,Harvest,No,North
Loamy,5.61,22.38,25.55,41.59,1923.08,1.21,Sugarcane,Sowing,Yes,West
Loamy,5.76,58.02,13.9,69.45,1482.28,12.96,Maize,Vegetative,No,West
Silt,6.2,32.85,15.48,35.6,851.66,2.09,Wheat,Sowing,No,East
Sandy,5.6,23.61,36.39,30.73,612.85,15.9,Maize,Sowing,Yes,East
Silt,4.87,41.59,40.36,92.96,1896.49,17.97,Rice,Flowering,Yes,West
Sandy,7.79,16.1,12.94,94.78,1074.95,2.19,Maize,Harvest,Yes,East
Sandy,8.08,22.79,39.31,69.59,2300.6,1.0,Maize,Harvest,Yes,Central
Clay,5.96,39.14,23.42,32.6,2439.23,19.14,Maize,Vegetative,Yes,East
Sandy,5.95,21.54,18.41,82.51,525.98,18.57,Potato,Flowering,Yes,North
Silt,4.82,46.71,15.07,62.74,1402.66,18.51,Sugarcane,Vegetative,Yes,East
Loamy,7.11,36.02,35.15,37.75,1342.34,18.82,Wheat,Sowing,Yes,Central
Sandy,7.61,52.0,26.07,65.3,2170.25,10.25,Maize,Vegetative,No,North
Clay,5.3,62.05,36.97,27.76,1727.46,19.55,Rice,Flowering,Yes,Central
Silt,5.34,14.6,18.78,93.07,1518.44,17.9,Cotton,Harvest,Yes,South
Sandy,7.49,27.08,32.36,82.82,1697.56,2.4,Potato,Flowering,Yes,North
Silt,6.9,26.21,15.54,43.25,973.64,16.35,Maize,Vegetative,No,East
Clay,4.95,16.62,14.69,54.32,2400.73,14.39,Cotton,Harvest,No,East
Clay,6.92,54.19,16.0,52.67,144.06,3.11,Cotton,Sowing,No,West
Silt,5.85,51.31,36.27,85.3,72.82,14.89,Cotton,Harvest,Yes,Central
Sandy,6.05,35.61,31.67,49.82,1038.97,9.96,Potato,Harvest,No,North
Loamy,7.42,38.65,16.98,28.36,386.44,17.15,Maize,Flowering,No,North
Clay,7.56,11.39,23.54,40.03,1362.0,16.47,Sugarcane,Vegetative,No,West
Sandy,6.16,39.66,34.91,40.09,22.52,18.88,Maize,Sowing,No,South
Sandy,8.02,53.11,20.57,91.45,1149.21,1.97,Potato,Flowering,No,West
Loamy,6.18,40.71,39.64,89.68,737.31,14.35,Maize,Flowering,No,Central
Clay,7.42,23.12,39.44,46.04,505.9,7.85,Sugarcane,Sowing,Yes,Central
Clay,6.45,46.05,28.59,25.19,1111.62,15.63,Wheat,Vegetative,No,North
Sandy,7.85,28.6,30.96,61.19,2136.37,12.25,Potato,Sowing,Yes,South
Sandy,7.89,39.06,31.6,80.81,1638.49,10.16,Potato,Sowing,No,North
Loamy,5.1,35.79,19.75,43.8,399.85,0.58,Potato,Harvest,No,East
Loamy,7.98,29.73,22.96,55.73,1247.18,12.34,Potato,Sowing,Yes,Central
Clay,7.61,48.98,16.08,37.1,2329.18,8.7,Sugarcane,Harvest,No,South
Silt,7.49,58.38,39.75,47.92,1098.06,6.98,Potato,Vegetative,No,West
Clay,5.48,8.3,33.72,78.12,1176.37,19.78,Maize,Vegetative,Yes,South
Sandy,7.54,61.22,13.39,54.98,2353.39,14.16,Potato,Vegetative,Yes,East
Clay,7.69,37.16,28.48,56.31,339.52,11.03,Potato,Sowing,Yes,West
Silt,5.78,47.94,22.29,80.27,1837.6,17.44,Maize,Harvest,Yes,North
Loamy,8.04,56.77,36.46,78.41,747.9,4.93,Sugarcane,Flowering,Yes,East
Silt,4.97,34.62,22.31,38.1,2164.73,12.59,Potato,Flowering,Yes,North
Silt,5.31,55.59,31.32,54.07,135.91,17.29,Rice,Vegetative,No,North
Silt,6.63,18.12,16.97,84.42,2476.0,2.91,Sugarcane,Flowering,No,Central
Loamy,6.76,17.07,28.76,56.97,1921.52,5.1,Cotton,Flowering,No,West
Silt,6.99,45.48,20.82,71.32,710.83,2.11,Sugarcane,Vegetative,No,Central
Silt,4.86,57.6,16.95,46.42,1902.14,19.85,Rice,Vegetative,No,East
Silt,8.07,58.87,30.58,29.17,2307.42,11.83,Potato,Sowing,Yes,East
Sandy,4.95,44.69,31.16,36.54,282.29,10.04,Cotton,Sowing,No,West
Silt,5.29,37.95,41.5,53.12,2283.95,7.1,Maize,Harvest,Yes,East
Loamy,4.85,26.89,32.07,49.74,900.44,9.26,Wheat,Vegetative,Yes,West
Silt,6.73,63.86,27.47,87.69,16.15,15.63,Sugarcane,Flowering,Yes,North
Silt,7.97,26.22,39.38,63.19,281.05,18.38,Sugarcane,Flowering,Yes,Central
Loamy,7.06,50.42,36.85,68.9,2211.98,2.55,Sugarcane,Harvest,Yes,East
Silt,7.6,38.32,28.46,73.21,2456.67,6.34,Sugarcane,Flowering,Yes,West
Loamy,4.85,42.69,27.34,62.21,2238.43,4.19,Rice,Harvest,Yes,North
Silt,6.64,30.43,40.26,78.88,1103.84,8.99,Cotton,Vegetative,Yes,West
Loamy,6.36,62.99,30.51,79.82,2403.53,10.84,Rice,Sowing,Yes,South
Silt,6.5,40.59,33.41,49.6,1017.13,14.56,Wheat,Flowering,No,East
Silt,5.05,61.45,14.6,30.93,284.24,17.58,Potato,Sowing,Yes,South
Sandy,7.13,8.43,33.55,94.04,852.35,11.07,Rice,Sowing,No,North
Sandy,6.51,40.64,19.94,69.98,2496.05,10.03,Sugarcane,Harvest,No,South
Silt,7.4,48.88,15.47,74.62,1564.86,11.73,Wheat,Flowering,No,North
Silt,6.45,50.47,37.49,77.97,850.0,17.82,Wheat,Sowing,Yes,West
Clay,5.31,59.58,32.74,67.91,1560.45,13.15,Wheat,Sowing,Yes,East
Loamy,7.0,8.25,24.23,57.96,1072.84,15.85,Maize,Sowing,No,East
Clay,5.39,8.02,24.94,93.93,123.87,14.53,Rice,Sowing,No,West
Sandy,7.77,34.92,17.91,75.94,502.82,18.51,Wheat,Harvest,Yes,South
Sandy,6.88,9.67,12.29,84.21,48.09,16.43,Cotton,Harvest,No,Central
Sandy,5.33,63.55,22.48,55.78,636.98,7.15,Potato,Harvest,Yes,Central
Sandy,8.07,20.66,16.45,88.33,1848.91,17.16,Wheat,Vegetative,Yes,West
Silt,6.56,34.94,24.65,76.25,483.3,9.62,Cotton,Harvest,Yes,South
Sandy,5.05,11.48,37.01,77.23,1320.14,17.02,Potato,Sowing,Yes,Central
Silt,6.93,37.76,15.44,31.09,1754.01,18.16,Rice,Flowering,No,East
Silt,5.66,29.66,14.75,68.22,1371.71,13.86,Cotton,Sowing,Yes,Central
Sandy,7.53,10.55,39.06,48.47,38.43,14.52,Potato,Vegetative,No,North
Sandy,7.58,27.1,34.35,71.83,908.35,3.25,Rice,Flowering,No,East
Loamy,8.13,30.31,13.59,64.77,1104.08,6.81,Potato,Harvest,No,South
Clay,6.51,64.43,14.39,32.78,856.88,11.38,Rice,Sowing,No,South
Sandy,6.35,19.85,32.55,62.1,1365.66,0.57,Sugarcane,Vegetative,No,North
Loamy,7.36,39.05,23.11,56.59,1282.88,17.02,Sugarcane,Vegetative,No,South
Loamy,5.25,64.28,33.73,79.35,468.63,7.7,Maize,Vegetative,Yes,North
Clay,6.66,53.15,24.13,60.18,1879.94,14.61,Potato,Harvest,Yes,South
Silt,6.66,64.62,41.03,58.68,402.91,15.5,Sugarcane,Vegetative,No,Central
Sandy,5.1,63.19,32.83,75.36,1147.41,11.19,Cotton,Flowering,No,East
Clay,6.22,35.9,13.4,71.8,1890.76,15.91,Wheat,Harvest,No,East
Sandy,7.7,47.69,21.92,94.43,1743.16,13.81,Potato,Flowering,No,East
Loamy,7.71,14.3,28.91,49.64,1080.46,7.52,Rice,Vegetative,Yes,North
Loamy,5.14,33.15,16.26,73.18,1972.3,16.42,Potato,Harvest,No,South
Silt,5.11,54.11,12.08,36.71,1784.39,12.9,Sugarcane,Flowering,Yes,Central
Loamy,5.69,36.8,14.38,81.32,961.34,3.62,Rice,Harvest,Yes,Central
Loamy,7.77,48.05,27.73,80.03,2238.78,15.57,Cotton,Harvest,Yes,North
Clay,5.24,50.51,30.97,75.81,354.9,13.69,Sugarcane,Flowering,Yes,South
Sandy,7.25,22.45,14.79,33.33,896.21,6.05,Sugarcane,Vegetative,No,North
Sandy,5.14,57.91,31.95,94.13,1744.52,16.92,Potato,Flowering,No,East
Clay,6.92,34.21,30.51,90.98,2182.44,7.79,Wheat,Harvest,Yes,East
Silt,6.01,19.98,40.2,50.91,806.45,11.28,Wheat,Vegetative,Yes,Central
Sandy,7.48,57.33,37.22,65.41,1403.11,7.19,Potato,Harvest,No,Central
Loamy,5.59,31.82,40.3,87.22,29.6,14.63,Sugarcane,Flowering,No,North
Sandy,6.97,50.77,40.98,59.63,927.11,11.83,Rice,Sowing,Yes,South
Loamy,5.6,39.24,25.22,66.94,827.34,9.67,Cotton,Sowing,No,North
Silt,7.23,29.77,26.64,67.23,2106.18,0.9,Cotton,Sowing,Yes,South
Clay,7.77,54.16,20.45,70.45,184.94,12.34,Wheat,Flowering,No,Central
Sandy,5.23,41.31,27.25,65.29,155.29,12.64,Rice,Harvest,No,North
Clay,7.75,30.26,16.52,53.42,1106.76,4.03,Rice,Harvest,Yes,North
Sandy,6.82,14.25,32.14,62.76,1018.47,6.98,Maize,Sowing,Yes,Central
Loamy,5.23,59.04,12.75,86.0,403.9,17.64,Maize,Flowering,No,East
Clay,6.25,10.02,19.07,85.49,658.36,11.21,Maize,Sowing,No,East
Sandy,5.35,57.2,18.24,79.08,2435.49,8.98,Potato,Sowing,Yes,North
Loamy,7.18,28.52,40.14,53.99,1282.96,18.75,Cotton,Vegetative,Yes,West
Clay,7.38,44.44,16.35,80.02,219.63,16.33,Cotton,Sowing,Yes,North
Clay,5.16,60.57,38.72,52.15,124.37,2.4,Sugarcane,Flowering,Yes,South
Sandy,6.52,16.65,15.73,71.48,104.84,17.25,Potato,Harvest,No,South
Sandy,7.57,40.32,31.52,64.72,972.55,3.42,Potato,Sowing,No,North
Sandy,7.98,51.57,21.6,46.0,2164.04,3.91,Sugarcane,Flowering,No,North
Loamy,6.55,51.18,21.48,56.7,2082.29,1.97,Cotton,Harvest,Yes,West
Sandy,8.03,37.96,41.95,83.13,919.72,9.89,Rice,Vegetative,No,Central
Clay,6.62,43.61,18.78,88.89,1936.06,13.07,Potato,Flowering,Yes,West
Clay,6.14,51.18,18.08,39.37,1880.62,15.2,Rice,Vegetative,No,West
Sandy,7.68,55.94,29.68,56.94,1207.49,1.02,Wheat,Vegetative,No,Central
Sandy,6.48,51.42,34.22,55.35,1010.97,3.97,Maize,Vegetative,No,South
Silt,6.4,28.18,41.48,59.23,451.37,12.61,Wheat,Vegetative,Yes,Central
Clay,6.47,64.81,33.04,93.36,696.93,10.75,Potato,Sowing,No,Central
Loamy,7.68,32.77,28.86,61.31,846.74,1.5,Potato,Flowering,Yes,West
Silt,7.63,9.39,24.27,83.11,2031.79,18.74,Cotton,Harvest,Yes,Central
Sandy,6.17,28.67,29.85,71.48,1382.38,15.29,Rice,Sowing,Yes,West
Sandy,5.93,15.28,30.03,32.5,502.29,7.5,Rice,Harvest,No,North
Clay,6.47,14.92,18.53,73.7,239.57,10.96,Sugarcane,Harvest,Yes,North
Sandy,6.75,24.05,32.14,70.29,1241.66,7.8,Rice,Harvest,Yes,West
Loamy,5.61,11.04,18.13,78.09,1665.79,9.38,Cotton,Harvest,No,North
Clay,7.5,47.25,26.7,30.21,2047.21,12.13,Maize,Harvest,Yes,South
Sandy,6.45,12.22,19.8,41.89,1993.29,8.27,Wheat,Vegetative,No,West
Clay,5.94,19.59,21.38,78.85,2060.39,12.6,Potato,Sowing,Yes,Central
Sandy,5.16,13.3,30.42,50.94,1119.62,9.57,Rice,Harvest,Yes,West
Sandy,5.61,11.6,13.93,88.76,2164.14,13.32,Rice,Vegetative,No,North
Sandy,8.03,23.26,12.36,61.24,1111.52,5.61,Cotton,Harvest,No,East
Loamy,5.84,40.6,15.92,25.07,420.3,3.84,Cotton,Harvest,Yes,West
Loamy,5.37,62.99,17.06,73.92,993.45,0.76,Cotton,Vegetative,No,West
Clay,6.37,57.91,17.94,60.94,850.06,12.24,Sugarcane,Flowering,No,West
Sandy,5.84,57.93,35.22,47.2,980.44,19.63,Rice,Harvest,No,South
Sandy,4.92,18.04,25.41,26.43,1646.55,8.7,Wheat,Sowing,No,East
Loamy,5.9,23.1,26.1,38.91,1642.29,4.65,Wheat,Vegetative,No,Central
Sandy,6.65,12.35,31.33,36.31,562.25,0.76,Wheat,Flowering,No,West
Loamy,6.68,52.37,33.87,65.8,789.83,10.5,Sugarcane,Flowering,No,Central
Sandy,6.01,11.98,12.11,78.87,1488.39,19.86,Maize,Vegetative,No,East
Clay,6.32,39.73,37.7,41.42,210.32,19.68,Potato,Flowering,Yes,Central
Sandy,8.08,22.13,41.65,73.84,1721.66,2.48,Sugarcane,Flowering,No,East
Sandy,6.08,21.88,15.65,87.99,447.23,16.42,Potato,Sowing,Yes,Central
Silt,5.68,64.47,31.53,68.51,2126.78,3.88,Rice,Harvest,Yes,South
Loamy,5.63,51.14,12.07,79.3,1003.97,16.28,Potato,Flowering,No,West
Sandy,6.36,55.71,13.47,39.3,552.01,17.14,Sugarcane,Sowing,No,Central
Sandy,7.38,40.6,20.55,30.25,1669.55,0.65,Potato,Sowing,Yes,South
Silt,5.5,57.65,37.39,50.58,1385.08,5.13,Potato,Harvest,Yes,South
Silt,7.21,44.79,31.58,74.63,429.84,1.6,Cotton,Vegetative,Yes,South
Loamy,4.87,61.93,25.37,73.03,2067.9,10.23,Wheat,Vegetative,Yes,North
Silt,6.22,24.04,25.16,91.86,1133.22,1.02,Rice,Harvest,Yes,East
Clay,7.44,41.93,25.98,69.1,380.61,12.71,Rice,Flowering,No,South
Silt,5.95,47.34,21.33,53.79,1990.45,11.39,Potato,Flowering,No,North
Clay,6.72,30.4,38.33,80.8,333.59,7.9,Potato,Harvest,Yes,Central
Loamy,5.5,58.14,29.04,35.71,2420.1,9.51,Potato,Sowing,No,Central
Loamy,7.32,63.85,26.52,81.91,1104.52,19.81,Rice,Harvest,No,South
Loamy,4.98,36.14,25.95,50.62,1820.56,3.77,Rice,Vegetative,Yes,North
Loamy,7.7,30.27,40.07,35.78,1129.92,14.76,Maize,Sowing,No,East
Loamy,5.47,34.9,33.71,36.35,468.91,13.08,Sugarcane,Vegetative,No,Central
Clay,7.77,56.61,16.34,93.85,1895.29,13.44,Rice,Vegetative,No,Central
Clay,6.0,44.79,25.11,68.63,723.39,7.24,Maize,Sowing,No,West
Loamy,7.26,10.55,20.65,37.2,1706.04,4.72,Sugarcane,Harvest,No,East
Silt,5.89,38.9,41.61,43.8,643.43,13.19,Sugarcane,Vegetative,Yes,Central
Sandy,7.88,8.99,24.46,51.05,602.77,18.3,Potato,Vegetative,Yes,South
Loamy,5.23,52.38,14.04,28.91,1143.61,19.53,Maize,Harvest,Yes,East
Silt,5.41,26.71,24.34,32.59,2040.6,9.88,Cotton,Flowering,Yes,Central
Sandy,6.48,34.9,21.64,78.32,1534.08,8.8,Potato,Flowering,No,East
Loamy,5.08,53.52,29.99,80.08,161.67,7.3,Cotton,Harvest,No,South
Loamy,5.47,10.65,18.78,94.18,1834.66,16.29,Rice,Harvest,Yes,South
Clay,8.01,17.04,13.08,29.73,1449.43,5.48,Potato,Harvest,No,West
Sandy,8.12,30.68,14.88,87.24,1558.91,10.5,Maize,Flowering,Yes,East
Sandy,6.08,21.11,20.49,47.21,883.95,7.23,Maize,Vegetative,No,Central
Silt,7.94,27.26,22.45,47.95,1390.4,17.58,Cotton,Sowing,No,East
Clay,6.65,64.9,37.03,33.91,929.72,6.01,Maize,Sowing,Yes,North
Clay,5.72,55.05,20.1,94.04,203.76,13.89,Maize,Sowing,No,Central
Clay,7.19,58.38,12.94,93.67,2111.08,11.98,Rice,Sowing,No,Central
Clay,7.04,61.41,35.42,85.54,1695.07,6.9,Rice,Harvest,No,West
Sandy,8.16,27.43,38.07,31.35,1676.1,5.47,Maize,Flowering,No,North
Sandy,5.7,24.93,26.77,83.92,484.2,16.17,Wheat,Vegetative,Yes,South
Loamy,7.09,21.34,20.55,69.42,1658.99,10.45,Wheat,Harvest,Yes,North
Loamy,4.98,55.32,35.16,34.01,580.08,12.42,Maize,Flowering,No,Central
Clay,5.19,46.73,12.27,43.32,1718.84,19.26,Cotton,Sowing,No,North
Clay,4.81,21.46,39.72,73.25,833.83,8.26,Rice,Sowing,Yes,Central
Clay,8.2,29.49,37.97,81.24,393.78,16.38,Potato,Sowing,No,Central
Loamy,7.53,36.88,28.34,84.37,2265.66,12.96,Wheat,Harvest,Yes,South
Silt,7.47,38.1,20.33,63.07,261.63,12.07,Potato,Harvest,Yes,East
Silt,6.53,58.66,12.99,62.42,1904.47,1.56,Rice,Flowering,No,West
Loamy,5.82,29.69,41.99,72.89,254.44,18.29,Maize,Vegetative,No,West
Loamy,5.31,59.79,34.86,79.44,1711.8,4.96,Rice,Harvest,Yes,West
Loamy,5.77,33.16,22.16,36.94,275.96,9.73,Potato,Sowing,No,North
Loamy,6.08,50.54,12.58,76.79,1272.06,15.16,Wheat,Vegetative,Yes,Central
Loamy,7.37,61.02,31.18,48.92,469.99,10.69,Maize,Vegetative,Yes,West
Loamy,6.63,59.73,41.61,51.86,2166.45,0.58,Maize,Flowering,No,East
Clay,5.06,11.25,33.21,30.44,1003.71,19.01,Maize,Flowering,No,Central
Clay,4.86,19.73,14.51,66.19,38.57,0.9,Rice,Vegetative,Yes,East
Clay,5.15,35.18,24.07,31.54,1570.4,2.25,Cotton,Vegetative,Yes,East
Clay,6.2,32.6,15.28,88.92,1112.85,4.87,Wheat,Flowering,No,Central
Loamy,7.97,44.53,39.36,68.47,2149.35,12.18,Sugarcane,Harvest,No,North
Silt,6.97,61.85,21.91,94.32,1082.86,19.44,Wheat,Vegetative,No,South
Sandy,7.53,14.41,34.0,42.2,1027.85,18.49,Wheat,Vegetative,No,South
Loamy,6.39,33.76,14.54,72.57,1135.23,13.2,Sugarcane,Vegetative,No,East
Sandy,6.03,18.97,15.85,92.51,2149.64,14.96,Potato,Sowing,Yes,East
Silt,5.17,58.96,32.38,45.9,1467.06,14.38,Wheat,Sowing,Yes,East
Clay,7.78,62.98,37.3,31.74,1673.41,13.9,Maize,Harvest,Yes,South
Silt,7.46,35.29,18.04,69.38,1801.03,16.34,Maize,Flowering,No,East
Loamy,5.37,13.93,24.55,50.63,2343.79,7.13,Rice,Harvest,Yes,Central
Clay,6.54,52.76,30.58,44.11,2093.8,4.81,Sugarcane,Harvest,Yes,North
Loamy,6.46,47.74,35.89,94.55,2318.21,7.28,Maize,Harvest,Yes,Central
Clay,6.93,28.22,30.85,77.79,858.26,1.45,Sugarcane,Sowing,Yes,North
Sandy,8.02,58.58,14.86,58.98,537.1,19.36,Maize,Flowering,No,North
Sandy,6.77,63.62,28.28,28.5,508.47,14.92,Wheat,Flowering,Yes,East
Sandy,6.64,39.8,38.54,38.41,2144.5,4.66,Sugarcane,Harvest,No,South
Silt,4.97,40.25,38.04,45.91,2076.48,5.49,Maize,Harvest,No,North
Loamy,5.01,24.96,29.55,59.1,1626.03,19.86,Cotton,Vegetative,Yes,East
Silt,5.44,41.32,41.87,59.81,157.36,15.48,Sugarcane,Flowering,No,Central
Sandy,4.91,33.06,15.15,26.73,795.12,8.8,Sugarcane,Sowing,Yes,Central
Loamy,7.33,25.22,26.36,91.03,1835.5,4.53,Potato,Sowing,No,Central
Sandy,7.26,11.83,35.25,63.0,621.42,1.29,Cotton,Harvest,Yes,North
Silt,5.26,22.4,16.23,26.38,1560.15,13.55,Sugarcane,Flowering,Yes,West
Silt,7.64,19.28,41.18,74.09,1356.85,15.71,Rice,Sowing,Yes,West
Silt,5.33,38.9,22.62,29.99,656.68,2.6,Wheat,Vegetative,No,South
Sandy,5.82,42.3,22.5,75.48,2335.85,0.55,Potato,Vegetative,Yes,South
Loamy,5.65,42.69,18.4,74.1,641.85,7.47,Wheat,Vegetative,Yes,East
Loamy,6.07,30.13,20.64,93.94,2236.98,13.52,Maize,Harvest,No,North
Sandy,5.67,32.01,29.33,48.94,1352.33,18.51,Rice,Flowering,Yes,South
Loamy,6.46,55.55,24.88,35.1,229.57,17.65,Cotton,Sowing,No,North
Sandy,6.19,35.15,17.8,31.43,2084.06,13.93,Cotton,Flowering,Yes,South
Loamy,8.15,64.3,36.27,30.02,1978.58,16.37,Wheat,Sowing,No,Central
Clay,4.99,33.06,13.87,81.72,2077.44,7.44,Cotton,Harvest,No,East
Clay,5.28,45.03,37.04,75.3,1595.37,5.28,Potato,Flowering,No,Central
Silt,4.98,10.87,20.25,93.31,1779.04,2.92,Wheat,Sowing,Yes,East
Clay,6.93,45.24,26.88,46.64,2267.64,4.04,Potato,Flowering,No,West
Clay,4.99,56.53,23.43,81.22,319.25,19.28,Rice,Vegetative,Yes,South
Clay,7.64,61.72,29.12,31.51,207.59,18.63,Potato,Flowering,Yes,East
Sandy,6.54,64.85,35.88,88.27,312.69,1.41,Rice,Harvest,No,West
Clay,6.59,24.08,41.68,28.63,2175.18,9.66,Rice,Sowing,Yes,South
Clay,6.71,40.8,21.18,80.15,1407.34,7.78,Maize,Sowing,Yes,North
Silt,5.38,33.69,28.61,46.51,440.16,13.21,Potato,Flowering,No,West
Clay,5.47,40.14,25.98,37.68,354.28,6.9,Potato,Harvest,No,East
Clay,5.88,16.97,41.97,74.32,1113.56,5.97,Potato,Flowering,No,South
Loamy,6.82,56.8,36.27,87.71,2039.34,16.28,Cotton,Harvest,Yes,West
Silt,5.51,59.85,23.91,78.49,2012.94,18.97,Maize,Harvest,No,Central
Silt,5.2,33.63,26.31,46.92,2128.13,4.45,Sugarcane,Sowing,No,East
Silt,8.1,23.98,19.38,49.75,1922.36,5.09,Cotton,Vegetative,No,Central
Silt,4.87,16.03,34.66,38.25,154.05,8.67,Sugarcane,Flowering,Yes,Central
Silt,7.53,46.97,37.36,82.68,1800.42,14.27,Rice,Sowing,No,Central
Silt,7.48,25.8,40.95,32.5,1297.4,3.76,Maize,Flowering,Yes,East
Sandy,5.81,59.84,28.97,88.22,1816.03,9.62,Maize,Vegetative,Yes,East
Clay,5.26,46.25,32.12,67.08,1210.71,16.9,Wheat,Sowing,No,West
Silt,5.3,44.8,25.38,66.22,1208.85,5.06,Rice,Harvest,No,East
Clay,7.17,39.89,30.27,83.65,315.34,1.43,Wheat,Harvest,Yes,North
Clay,6.99,10.61,22.46,71.73,2263.06,18.18,Rice,Sowing,Yes,South
Sandy,7.46,61.12,34.13,46.3,936.55,15.86,Wheat,Sowing,Yes,East
Silt,7.99,43.79,12.68,49.47,1455.94,14.13,Potato,Harvest,Yes,North
Loamy,7.15,64.66,12.85,37.11,517.89,2.2,Maize,Harvest,Yes,North
Sandy,5.33,38.63,33.48,57.48,922.22,18.04,Maize,Flowering,No,North
Loamy,5.63,48.48,39.92,32.71,2176.44,6.45,Wheat,Sowing,No,Central
Clay,7.66,11.2,30.97,70.71,524.0,4.62,Wheat,Sowing,No,West
Clay,5.51,44.01,33.8,36.85,515.26,10.01,Cotton,Sowing,Yes,South
Sandy,5.05,51.59,36.72,85.48,651.25,18.49,Maize,Sowing,Yes,East
Sandy,7.19,52.38,22.85,74.03,1436.65,19.89,Potato,Sowing,Yes,Central
Loamy,6.17,51.9,15.24,87.41,1301.72,12.48,Potato,Harvest,No,South
Silt,7.93,20.9,39.99,31.09,438.31,19.13,Sugarcane,Flowering,Yes,West
Loamy,7.01,63.6,40.16,80.9,1729.92,9.34,Sugarcane,Harvest,No,East
Sandy,5.11,64.73,25.26,86.66,2268.85,1.08,Rice,Vegetative,Yes,South
Loamy,8.02,12.31,18.52,28.12,497.07,5.88,Cotton,Vegetative,Yes,West
Sandy,5.68,61.38,38.77,94.94,1682.38,6.39,Wheat,Harvest,Yes,East
Loamy,5.95,24.5,33.25,46.05,1465.96,15.76,Sugarcane,Vegetative,No,North
Sandy,6.17,47.29,12.25,39.82,822.35,2.92,Rice,Harvest,Yes,South
Sandy,4.97,27.27,15.23,54.04,1544.58,3.91,Maize,Sowing,Yes,North
Sandy,6.49,63.16,41.5,25.6,524.77,12.48,Maize,Harvest,No,West
Silt,5.22,13.79,13.14,87.01,2084.89,3.05,Sugarcane,Harvest,No,West
Loamy,6.16,36.37,20.48,43.79,55.53,10.16,Rice,Flowering,Yes,East
Loamy,5.99,32.4,28.45,61.51,1417.66,1.18,Maize,Vegetative,Yes,South
Loamy,7.43,26.58,17.53,68.65,796.95,13.54,Rice,Harvest,Yes,South
Sandy,7.53,44.8,18.96,80.38,2203.4,18.21,Maize,Flowering,Yes,Central
Loamy,5.32,15.47,22.59,42.51,1248.42,17.56,Maize,Sowing,Yes,Central
Loamy,6.05,48.85,20.09,75.2,2006.22,1.94,Potato,Sowing,Yes,East
Sandy,6.07,63.89,36.1,33.24,2309.55,12.02,Maize,Flowering,Yes,South
Clay,5.31,53.86,27.01,74.3,835.87,2.52,Potato,Sowing,Yes,South
Sandy,7.51,57.02,20.36,89.35,2200.85,1.54,Wheat,Vegetative,Yes,East
Loamy,7.2,28.5,21.39,30.95,1815.7,12.4,Wheat,Flowering,No,South
Sandy,5.45,26.52,13.2,33.17,270.44,11.66,Potato,Vegetative,No,Central
Clay,6.05,37.47,13.48,64.01,259.8,2.33,Potato,Harvest,No,South
Sandy,5.16,10.61,33.54,28.25,2043.36,7.52,Rice,Vegetative,Yes,North
Loamy,6.94,61.89,15.39,38.12,1170.79,6.67,Potato,Sowing,Yes,South
Clay,5.21,16.2,26.27,38.31,1237.88,7.18,Maize,Vegetative,Yes,West
Silt,8.15,59.47,37.27,58.69,2228.12,7.0,Potato,Vegetative,Yes,West
Loamy,7.45,12.76,23.05,42.39,2259.51,16.58,Rice,Harvest,Yes,West
Clay,6.13,54.89,22.37,58.29,281.76,7.4,Sugarcane,Harvest,No,North
Clay,6.77,16.66,38.19,61.48,934.12,6.94,Maize,Sowing,No,South
Silt,7.9,10.17,37.95,76.15,2238.07,1.08,Maize,Flowering,Yes,East
Sandy,6.68,49.01,38.4,91.22,2049.64,15.91,Rice,Sowing,No,Central
Sandy,5.39,23.98,29.16,60.26,1802.52,13.37,Rice,Vegetative,Yes,South
Loamy,6.09,48.73,40.57,49.85,254.92,7.16,Sugarcane,Sowing,Yes,East
Silt,7.67,39.64,36.57,43.11,1552.99,9.31,Sugarcane,Flowering,No,South
Sandy,6.99,14.2,24.47,69.43,1454.63,15.98,Rice,Harvest,No,West
Silt,7.01,61.13,30.89,91.0,417.92,7.21,Wheat,Harvest,No,West
Sandy,7.75,33.78,15.65,78.53,1934.65,9.73,Potato,Vegetative,Yes,South
Clay,7.84,49.86,28.54,39.43,779.94,0.89,Cotton,Sowing,No,West
Sandy,7.93,36.56,19.89,87.53,1551.56,18.41,Sugarcane,Sowing,Yes,East
Silt,5.12,42.45,20.51,76.49,904.59,7.74,Cotton,Harvest,Yes,South
Clay,6.65,25.26,15.77,33.96,210.99,6.28,Sugarcane,Harvest,Yes,South
Clay,7.32,19.42,22.75,74.9,1311.99,12.38,Sugarcane,Sowing,Yes,South
Clay,7.37,38.93,26.44,45.25,766.61,10.77,Sugarcane,Sowing,No,Central
Silt,6.86,33.09,30.01,59.4,178.28,8.32,Sugarcane,Harvest,Yes,Central
Loamy,5.37,30.24,21.15,46.02,496.27,18.49,Wheat,Harvest,No,East
Loamy,7.51,46.34,35.77,30.88,1547.14,7.58,Wheat,Sowing,Yes,South
Loamy,7.25,47.36,27.63,78.8,253.45,19.97,Cotton,Flowering,Yes,East
Silt,5.09,10.62,31.14,83.01,218.67,15.89,Rice,Sowing,No,Central
Clay,6.38,27.31,20.34,41.24,2360.05,18.11,Cotton,Sowing,No,North
Loamy,5.39,31.47,36.42,41.77,268.81,6.01,Wheat,Sowing,Yes,East
Silt,5.95,13.52,30.73,55.1,940.15,1.87,Wheat,Harvest,No,Central
Loamy,4.86,21.45,37.87,81.8,333.53,8.67,Maize,Flowering,Yes,South
Sandy,6.16,10.94,16.8,30.41,2348.17,6.61,Maize,Vegetative,Yes,Central
Loamy,6.67,64.79,23.42,81.61,1202.9,1.68,Sugarcane,Harvest,Yes,North
Loamy,6.91,49.98,15.39,89.59,277.8,1.89,Maize,Flowering,Yes,South
Clay,7.06,12.98,18.47,64.31,1922.04,3.9,Rice,Vegetative,No,Central
Silt,7.64,9.15,23.84,29.23,1951.97,7.87,Cotton,Vegetative,No,East
Clay,5.53,49.0,38.84,43.87,2253.0,18.74,Potato,Flowering,No,North
Clay,5.21,33.03,28.71,32.8,1764.14,13.33,Potato,Harvest,Yes,East
Clay,7.7,52.85,21.91,43.15,136.79,8.27,Cotton,Sowing,No,South
Clay,5.33,60.64,34.41,81.82,1375.78,16.09,Wheat,Flowering,Yes,West
Clay,8.11,42.16,12.59,28.9,960.1,11.59,Potato,Sowing,Yes,South
Loamy,7.66,18.67,23.1,44.87,1871.45,8.64,Cotton,Harvest,No,Central
Clay,6.5,52.59,30.02,61.19,1477.32,3.32,Rice,Harvest,No,North
Clay,8.14,62.48,29.5,86.18,1813.0,18.58,Maize,Harvest,Yes,East
Silt,5.13,41.07,30.23,42.5,451.11,12.67,Maize,Vegetative,No,Central
Sandy,5.83,46.87,18.35,79.48,1092.68,9.07,Rice,Harvest,Yes,North
Loamy,6.97,27.24,22.11,65.85,1080.26,9.05,Maize,Vegetative,Yes,East
Loamy,5.99,29.75,39.95,72.35,2452.44,15.42,Potato,Vegetative,No,West
Loamy,7.96,49.88,41.22,85.32,47.78,4.0,Sugarcane,Sowing,Yes,South
Clay,5.02,60.88,21.36,26.85,2040.11,8.64,Cotton,Vegetative,No,North
Clay,6.67,43.85,31.34,62.08,242.78,1.73,Maize,Vegetative,No,North
Clay,6.81,53.02,19.24,77.3,200.95,2.06,Cotton,Harvest,No,Central
Silt,7.02,17.78,23.06,86.92,820.44,10.76,Rice,Vegetative,No,South
Sandy,5.67,20.08,35.77,34.29,1751.92,7.93,Maize,Harvest,No,East
Clay,6.04,38.33,27.04,48.9,1696.12,14.53,Sugarcane,Harvest,Yes,South
Sandy,7.67,18.06,37.49,30.5,1569.7,19.74,Sugarcane,Vegetative,No,South
Silt,5.46,44.19,30.86,83.45,1936.38,17.26,Rice,Sowing,No,North
Loamy,7.61,24.62,30.87,85.02,580.95,9.12,Sugarcane,Vegetative,No,West
Clay,6.71,53.12,13.02,58.85,1584.61,7.87,Rice,Sowing,Yes,East
Sandy,7.39,54.06,34.49,26.46,1595.09,11.91,Potato,Sowing,Yes,West
Sandy,7.23,34.44,41.34,32.15,1635.84,2.29,Sugarcane,Sowing,Yes,West
Clay,5.51,18.31,26.19,68.71,1486.13,19.76,Maize,Flowering,Yes,Central
Loamy,6.73,44.87,16.76,93.78,553.81,19.63,Cotton,Flowering,Yes,South
Loamy,7.75,64.59,41.31,83.72,2285.75,18.5,Cotton,Vegetative,Yes,East
Loamy,6.27,43.49,20.7,80.85,2440.01,13.41,Wheat,Harvest,No,Central
Silt,8.09,10.04,24.28,54.26,1722.97,10.31,Cotton,Vegetative,No,East
Sandy,6.34,8.99,14.32,93.96,1110.2,14.28,Sugarcane,Harvest,No,East
Sandy,5.29,26.26,15.33,82.75,1342.98,6.63,Wheat,Flowering,Yes,West
Sandy,6.12,19.16,18.5,48.5,270.93,17.12,Wheat,Harvest,Yes,North
Silt,8.04,54.34,28.45,77.39,908.49,3.13,Maize,Sowing,No,West
Sandy,5.89,56.15,28.73,55.28,2440.34,16.17,Maize,Sowing,No,South
Silt,7.75,22.74,30.19,71.23,1369.31,17.42,Maize,Vegetative,No,East
Loamy,7.8,26.56,29.51,92.9,1401.57,3.82,Potato,Sowing,Yes,South
Clay,5.99,21.47,26.86,42.25,2384.95,9.83,Sugarcane,Sowing,No,East
Sandy,5.08,59.78,36.06,80.65,2215.89,17.89,Sugarcane,Vegetative,Yes,South
Sandy,7.26,36.65,40.02,66.33,1421.79,19.21,Potato,Vegetative,No,South
Loamy,5.86,45.4,20.09,91.5,672.48,16.32,Sugarcane,Harvest,Yes,West
Clay,7.46,31.68,15.91,34.41,292.33,18.85,Cotton,Vegetative,No,East
Silt,6.31,43.97,24.75,75.38,2159.13,18.77,Rice,Vegetative,Yes,East
Clay,6.45,29.99,12.79,27.6,2300.23,19.6,Maize,Vegetative,No,South
Loamy,7.44,27.36,38.5,42.26,1235.71,8.56,Potato,Flowering,No,North
Loamy,6.1,44.17,19.19,47.46,236.37,6.1,Wheat,Vegetative,Yes,South
Clay,6.31,41.69,28.48,55.26,1515.56,12.84,Wheat,Vegetative,No,South
Silt,6.08,24.73,15.45,92.57,918.65,4.18,Wheat,Harvest,No,North
Silt,6.05,16.51,28.6,29.73,394.65,11.36,Rice,Harvest,Yes,North
Sandy,6.59,29.01,13.17,36.83,2297.86,11.8,Sugarcane,Vegetative,No,West
Silt,7.55,31.67,35.06,39.21,598.62,16.23,Potato,Vegetative,No,South
Clay,6.03,43.84,40.66,54.68,1777.9,7.55,Sugarcane,Sowing,Yes,East
Loamy,6.58,60.13,21.21,29.25,1073.44,12.24,Sugarcane,Flowering,No,Central
Sandy,7.08,10.06,19.75,92.58,2069.8,18.11,Potato,Sowing,No,North
Sandy,5.72,21.89,25.44,64.19,1752.09,8.72,Wheat,Harvest,No,West
Loamy,5.74,19.04,30.6,81.93,307.9,11.65,Rice,Flowering,Yes,South
Silt,7.97,36.63,17.67,79.07,1124.03,15.85,Cotton,Vegetative,No,South
Loamy,7.26,32.49,36.1,71.26,649.47,5.37,Potato,Sowing,Yes,West
Silt,6.76,49.56,17.96,88.31,1783.96,2.52,Potato,Flowering,No,West
Loamy,7.0,21.82,12.16,88.17,1361.72,13.8,Potato,Sowing,Yes,South
Clay,4.9,41.89,27.73,33.94,850.45,7.72,Rice,Flowering,No,South
Silt,6.9,58.38,15.45,88.13,823.65,7.94,Rice,Flowering,Yes,East
Clay,6.53,59.91,32.95,61.67,286.22,18.64,Maize,Flowering,Yes,North
Sandy,6.66,62.65,17.02,43.76,534.55,8.45,Cotton,Harvest,Yes,East
Loamy,6.02,52.08,36.52,67.6,1783.67,19.1,Rice,Harvest,No,East
Sandy,5.08,59.64,26.11,44.66,1524.76,2.57,Cotton,Sowing,Yes,Central
Sandy,5.46,21.37,28.99,58.53,888.99,7.19,Rice,Sowing,No,South
Sandy,8.03,19.26,17.6,82.15,2090.29,14.01,Cotton,Sowing,Yes,West
Sandy,6.19,8.37,16.4,27.25,1211.03,2.96,Potato,Sowing,No,East
Loamy,6.39,48.29,30.94,37.82,1986.09,8.05,Cotton,Vegetative,No,South
Sandy,4.98,61.44,19.66,91.96,1952.95,17.11,Cotton,Harvest,No,Central
Loamy,4.93,18.66,23.58,56.16,2120.0,15.35,Maize,Vegetative,No,East
Loamy,7.24,44.31,26.38,46.23,2124.43,6.0,Sugarcane,Vegetative,No,North
Clay,6.63,50.55,18.89,89.63,1697.66,7.45,Rice,Harvest,Yes,Central
Silt,6.53,60.87,35.86,88.78,1873.56,10.35,Maize,Harvest,Yes,West
Silt,5.63,44.87,40.18,28.1,1942.27,14.76,Rice,Sowing,Yes,North
Loamy,7.33,63.31,24.96,50.37,422.9,3.46,Rice,Vegetative,No,West
Clay,5.37,27.65,39.53,88.9,750.61,10.79,Wheat,Harvest,No,North
Loamy,5.45,27.95,38.48,37.58,260.6,1.93,Potato,Harvest,Yes,West
Loamy,6.37,38.95,16.98,65.47,473.43,8.26,Wheat,Vegetative,Yes,North
Loamy,5.77,29.86,17.2,47.45,1945.72,4.22,Maize,Vegetative,No,West
Clay,5.64,8.08,26.32,76.56,2367.78,6.53,Rice,Sowing,Yes,South
Silt,6.99,49.71,27.78,36.08,1684.09,6.96,Maize,Harvest,Yes,North
Clay,7.01,50.85,22.23,66.72,2215.12,15.52,Sugarcane,Vegetative,No,North
Sandy,7.6,50.58,21.39,25.0,794.94,5.67,Sugarcane,Vegetative,No,West
Clay,6.22,27.67,24.94,42.68,2114.49,13.44,Wheat,Vegetative,No,North
Clay,5.05,37.77,32.71,36.35,846.96,10.9,Wheat,Flowering,Yes,South
Clay,5.73,28.52,14.53,39.69,2235.42,16.18,Maize,Sowing,No,North
Clay,8.13,8.91,33.32,85.23,1995.11,6.77,Sugarcane,Harvest,Yes,West
Silt,6.83,40.06,39.79,89.04,2458.99,19.9,Potato,Flowering,No,Central
Sandy,7.21,15.05,34.91,77.85,2068.18,6.27,Sugarcane,Harvest,Yes,North
Silt,4.83,12.56,17.75,66.31,995.52,11.8,Maize,Flowering,No,West
Silt,6.56,51.06,14.62,41.16,275.2,12.83,Sugarcane,Harvest,No,North
Clay,4.93,8.54,26.71,44.23,2185.68,10.99,Wheat,Sowing,No,Central
Loamy,6.74,62.66,40.69,46.69,1427.98,17.25,Maize,Harvest,No,North
Loamy,7.93,37.37,36.57,79.39,2145.35,2.7,Cotton,Flowering,Yes,North
Silt,8.09,64.03,28.88,42.7,967.82,12.15,Cotton,Flowering,Yes,South
Silt,6.64,11.31,16.29,93.14,72.37,10.37,Potato,Harvest,Yes,North
Clay,6.36,41.26,33.42,80.75,131.04,8.64,Cotton,Harvest,Yes,North
Silt,8.01,27.91,36.39,94.98,1676.25,7.25,Sugarcane,Harvest,Yes,Central
Clay,7.09,56.08,40.05,57.14,286.16,3.48,Wheat,Harvest,Yes,East
Loamy,5.02,28.59,30.36,66.25,1863.65,13.17,Wheat,Vegetative,No,North
Loamy,6.38,22.85,27.43,44.63,1048.61,2.8,Sugarcane,Vegetative,Yes,East
Sandy,5.62,56.88,30.58,67.26,1407.77,16.67,Wheat,Harvest,Yes,West
Loamy,6.4,29.36,40.3,93.17,2003.03,9.23,Maize,Vegetative,No,South
Silt,6.35,8.96,30.84,27.13,632.68,12.31,Maize,Harvest,Yes,South
Loamy,6.78,30.25,19.73,45.25,1032.26,2.02,Sugarcane,Sowing,No,West
Clay,6.01,45.31,31.08,44.69,1823.89,2.32,Wheat,Flowering,Yes,East
Loamy,5.36,22.5,38.39,93.77,2296.07,5.1,Sugarcane,Sowing,No,West
Sandy,6.51,32.62,29.01,34.29,725.75,15.7,Wheat,Flowering,Yes,South
Loamy,7.62,11.23,27.08,81.87,1556.81,9.97,Wheat,Sowing,No,South
Clay,7.06,41.52,34.0,44.22,2378.03,6.56,Potato,Flowering,No,West
Clay,5.95,51.11,31.83,85.24,1622.13,17.06,Maize,Flowering,No,West
Silt,7.98,31.56,13.7,59.14,2231.97,4.24,Maize,Flowering,No,Central
Loamy,7.9,31.95,33.76,41.96,2349.32,5.56,Potato,Vegetative,No,West
Clay,5.51,13.03,24.23,74.68,2323.36,15.65,Maize,Vegetative,Yes,South
Sandy,4.93,19.51,40.23,83.91,1896.19,1.03,Rice,Flowering,No,Central
Silt,7.32,16.82,41.12,57.91,1380.24,4.8,Potato,Harvest,Yes,North
Sandy,7.61,35.46,25.46,74.98,241.88,10.67,Sugarcane,Flowering,No,East
Loamy,8.09,38.17,41.06,37.71,556.77,18.34,Cotton,Flowering,No,Central
Loamy,7.83,62.09,21.32,90.63,639.42,5.68,Wheat,Harvest,Yes,South
Loamy,6.84,12.17,32.48,31.75,83.15,4.66,Rice,Vegetative,No,West
Silt,6.6,42.19,14.25,40.54,254.81,19.51,Potato,Flowering,No,West
Clay,4.89,38.01,16.35,45.19,736.89,10.73,Maize,Harvest,Yes,Central
Silt,5.64,37.43,37.94,35.69,226.85,1.72,Sugarcane,Harvest,Yes,West
Sandy,6.36,57.77,38.81,53.47,423.84,5.89,Wheat,Harvest,No,West
Silt,6.94,19.72,27.98,57.04,136.04,10.91,Wheat,Harvest,No,North
Sandy,6.69,10.32,22.19,61.3,1041.33,1.9,Rice,Sowing,Yes,Central
Silt,7.32,46.32,25.53,27.86,2053.32,14.0,Maize,Flowering,Yes,South
Clay,5.75,27.67,38.09,40.34,2030.61,10.69,Cotton,Vegetative,Yes,Central
Sandy,6.72,9.0,18.33,81.54,2262.23,14.34,Wheat,Vegetative,Yes,South
Loamy,5.1,22.33,20.85,81.74,1864.0,7.16,Maize,Sowing,Yes,South
Loamy,6.21,25.63,35.56,48.1,611.1,8.69,Rice,Harvest,No,South
Silt,7.35,43.16,40.06,57.28,1755.97,18.6,Sugarcane,Sowing,No,South
Loamy,7.16,17.84,14.79,37.84,1884.55,4.61,Potato,Harvest,No,East
Sandy,8.17,31.54,36.11,82.55,1357.77,1.27,Sugarcane,Sowing,No,North
Loamy,5.74,35.5,31.35,91.97,2017.53,19.65,Rice,Vegetative,No,North
Clay,6.49,34.18,18.92,45.39,178.16,0.64,Cotton,Harvest,No,Central
Clay,5.92,63.51,34.67,79.74,1486.95,17.82,Sugarcane,Flowering,No,North
Silt,6.3,10.59,33.84,49.67,1199.73,16.61,Rice,Flowering,Yes,East
Sandy,7.71,62.21,16.26,25.18,2013.03,10.01,Sugarcane,Sowing,Yes,North
Clay,7.13,41.17,27.07,66.98,319.9,14.25,Rice,Harvest,No,East
Clay,7.8,53.36,34.75,53.73,531.56,2.55,Sugarcane,Harvest,No,North
Sandy,5.49,32.53,17.75,78.09,1396.73,15.39,Cotton,Sowing,No,South
Loamy,7.77,33.87,25.88,77.41,2368.01,15.78,Rice,Harvest,No,North
Loamy,5.0,58.12,15.62,91.22,208.0,1.5,Cotton,Vegetative,No,East
Silt,7.82,59.07,21.21,55.65,1858.44,10.2,Cotton,Sowing,Yes,East
Loamy,5.92,21.61,18.54,58.78,513.5,18.99,Potato,Sowing,Yes,South
Sandy,5.87,19.36,27.15,53.03,263.62,19.05,Wheat,Vegetative,No,South
Clay,6.54,36.29,16.24,45.79,986.92,19.7,Rice,Flowering,Yes,Central
Loamy,8.0,59.32,23.49,69.65,1457.63,13.3,Cotton,Flowering,No,West
Silt,4.96,26.37,20.25,82.96,2067.54,3.25,Potato,Flowering,No,West
Loamy,6.0,45.16,34.38,36.05,1586.73,8.55,Wheat,Harvest,No,West
Sandy,7.71,48.36,32.99,93.73,1229.17,14.68,Wheat,Harvest,Yes,North
Silt,6.15,52.38,14.85,72.87,714.17,6.03,Cotton,Sowing,No,North
Loamy,5.48,40.14,40.6,79.61,731.38,16.3,Potato,Vegetative,Yes,South
Silt,6.24,30.94,34.34,94.92,1926.44,17.3,Maize,Harvest,Yes,East
Sandy,6.11,63.12,30.48,60.28,285.15,15.39,Rice,Sowing,No,East
Clay,7.91,42.85,26.33,29.99,366.18,7.17,Rice,Vegetative,Yes,Central
Sandy,7.39,49.53,17.34,80.32,1799.34,14.96,Maize,Vegetative,No,West
Sandy,6.52,27.66,40.86,85.95,2402.61,1.91,Rice,Flowering,No,Central
Sandy,8.16,46.19,12.24,36.37,300.59,7.04,Potato,Flowering,Yes,North
Sandy,6.38,22.69,32.77,26.69,1523.57,15.43,Cotton,Vegetative,Yes,South
Clay,5.0,21.97,27.22,34.51,597.97,16.0,Wheat,Sowing,Yes,Central
Clay,5.69,48.74,39.08,47.68,64.39,6.72,Wheat,Harvest,No,North
Silt,6.28,37.72,23.42,89.7,2080.67,19.23,Maize,Vegetative,No,East
Loamy,5.33,46.95,27.56,25.17,1271.51,5.83,Cotton,Harvest,No,West
Clay,8.02,23.36,34.27,81.27,59.72,13.37,Cotton,Vegetative,No,North
Clay,7.41,42.13,13.43,84.84,2238.63,17.64,Wheat,Flowering,Yes,South
Loamy,5.71,33.3,13.63,81.77,1339.21,11.25,Sugarcane,Harvest,No,East
Clay,6.81,42.03,18.35,30.76,1842.67,8.54,Sugarcane,Flowering,No,East
Sandy,7.25,24.58,16.39,72.54,1058.76,4.62,Potato,Harvest,No,West
Sandy,8.0,48.78,12.19,91.77,462.21,4.33,Rice,Sowing,No,Central
Loamy,7.8,53.94,30.69,33.43,1163.93,3.6,Potato,Harvest,Yes,South
Silt,6.55,22.82,35.88,27.22,719.18,9.14,Rice,Flowering,No,South
Silt,7.43,25.14,40.71,86.16,741.84,11.18,Potato,Harvest,Yes,Central
Loamy,6.71,45.69,25.23,70.15,1609.7,16.86,Rice,Vegetative,No,East
Loamy,6.68,47.65,20.39,70.25,235.2,4.74,Cotton,Sowing,No,North
Sandy,5.19,48.13,37.92,92.51,992.54,15.23,Wheat,Sowing,No,Central
Silt,5.23,46.91,37.33,78.88,1366.61,14.04,Cotton,Sowing,No,Central
Clay,6.6,30.39,30.75,52.82,1774.64,12.87,Maize,Sowing,No,South
Sandy,5.71,30.51,20.19,55.51,1582.25,7.12,Wheat,Flowering,Yes,East
Loamy,4.87,22.52,39.26,35.13,2215.62,6.7,Potato,Flowering,Yes,West
Silt,7.26,16.94,17.35,46.28,2480.96,15.3,Wheat,Sowing,No,North
Clay,4.91,47.48,13.31,56.18,2343.56,5.85,Wheat,Flowering,No,South
Clay,6.82,13.31,35.9,43.28,1910.38,6.93,Wheat,Flowering,No,Central
Sandy,6.63,61.45,28.91,89.11,1715.04,19.32,Rice,Harvest,No,West
Silt,8.09,55.12,19.39,25.83,88.58,19.97,Wheat,Harvest,No,Central
Silt,6.45,56.88,32.13,66.09,1333.75,0.53,Cotton,Flowering,Yes,East
Loamy,5.02,59.68,35.0,79.01,1659.29,13.89,Wheat,Harvest,No,North
Silt,6.68,31.29,37.34,76.25,1032.35,10.94,Maize,Vegetative,Yes,South
Silt,7.66,56.26,20.46,70.06,961.99,9.47,Sugarcane,Harvest,Yes,North
Sandy,8.19,17.01,12.77,53.72,1356.32,5.88,Cotton,Vegetative,Yes,Central
Silt,6.26,9.23,27.3,89.29,2266.6,10.39,Cotton,Sowing,Yes,East
Clay,5.89,52.74,37.68,48.03,652.32,9.4,Cotton,Flowering,Yes,North
Sandy,7.88,12.26,18.23,77.51,997.64,8.33,Potato,Sowing,No,South
Sandy,5.45,64.35,24.63,89.87,1632.72,17.07,Rice,Sowing,No,West
Loamy,6.89,46.46,19.69,33.99,465.02,5.78,Potato,Vegetative,No,Central
Silt,6.18,50.95,12.4,91.3,2087.26,12.15,Maize,Harvest,Yes,West
Loamy,4.94,22.01,38.96,79.32,1665.17,17.35,Wheat,Flowering,Yes,South
Clay,5.98,46.41,16.05,68.16,880.66,19.59,Maize,Harvest,No,South
Sandy,5.7,10.46,35.0,51.14,1805.42,12.25,Wheat,Flowering,No,South
Sandy,7.13,55.76,22.4,88.3,698.37,10.64,Rice,Harvest,Yes,South
Sandy,8.03,17.67,20.33,28.08,1936.15,16.89,Sugarcane,Vegetative,No,Central
Clay,5.71,47.75,40.23,55.23,176.72,4.17,Rice,Harvest,Yes,Central
Clay,7.56,20.8,31.72,77.96,1066.88,12.79,Maize,Vegetative,Yes,North
Loamy,4.99,11.9,32.61,81.78,654.1,1.75,Rice,Sowing,Yes,Central
Loamy,6.63,35.45,34.79,39.16,2041.75,13.37,Potato,Flowering,Yes,North
Loamy,5.04,17.65,22.23,28.33,1881.87,16.02,Maize,Harvest,No,North
Silt,7.98,49.58,28.91,81.2,2104.65,1.73,Maize,Harvest,Yes,East
Sandy,7.41,21.54,20.11,54.53,1628.91,17.04,Maize,Harvest,Yes,North
Sandy,7.04,27.52,37.04,35.05,1988.31,2.91,Potato,Flowering,Yes,North
Loamy,7.6,40.34,29.98,30.99,1096.97,3.93,Rice,Flowering,No,South
Sandy,7.0,24.24,19.3,69.84,1695.14,16.81,Sugarcane,Flowering,No,South
Loamy,8.09,29.55,38.99,65.8,77.79,2.93,Wheat,Vegetative,No,South
Silt,7.23,54.49,29.43,84.78,2201.81,13.64,Sugarcane,Harvest,Yes,Central
Silt,7.94,18.21,26.85,27.21,1711.93,6.25,Wheat,Flowering,No,North
Clay,6.56,12.69,13.03,85.79,2165.24,5.34,Rice,Sowing,Yes,East
Silt,5.2,26.72,39.29,87.11,1927.15,13.18,Maize,Harvest,No,South
Loamy,6.6,32.19,40.57,56.24,715.94,2.58,Wheat,Flowering,Yes,East
Silt,5.23,38.93,28.88,30.37,682.2,11.71,Wheat,Flowering,No,East
Clay,6.81,29.23,25.28,91.27,1999.1,18.53,Rice,Sowing,No,South
Sandy,6.44,53.02,22.79,30.04,461.77,17.1,Cotton,Flowering,No,Central
Loamy,6.92,10.24,20.04,66.35,276.65,17.1,Wheat,Harvest,No,East
Sandy,4.83,32.61,29.24,59.52,37.61,6.41,Rice,Vegetative,No,Central
Clay,5.46,29.79,15.84,83.46,746.07,14.18,Sugarcane,Sowing,Yes,West
Clay,6.47,44.91,39.58,60.18,248.16,15.71,Cotton,Vegetative,No,Central
Clay,8.03,63.08,17.28,57.84,2004.22,18.08,Sugarcane,Harvest,No,West
Sandy,6.1,37.09,34.37,86.65,1211.36,5.65,Maize,Flowering,Yes,North
Sandy,6.24,64.25,21.21,92.48,631.29,15.34,Maize,Flowering,No,South
Sandy,7.23,25.23,18.78,63.45,1505.22,5.03,Wheat,Vegetative,Yes,Central
Sandy,6.85,9.76,28.74,56.83,175.88,1.04,Sugarcane,Flowering,Yes,South
Clay,5.82,17.44,34.95,83.18,1815.3,9.9,Cotton,Harvest,No,Central
Clay,6.2,30.52,33.8,83.18,1253.48,15.43,Potato,Sowing,Yes,North
Loamy,5.54,26.03,19.01,47.36,16.19,4.68,Sugarcane,Vegetative,Yes,North
Loamy,8.08,13.53,21.92,65.34,798.04,1.45,Rice,Vegetative,Yes,West
Sandy,5.24,32.66,38.06,35.79,1875.48,7.79,Sugarcane,Harvest,No,South
Silt,6.06,27.27,33.7,69.49,470.29,4.46,Wheat,Harvest,No,East
Silt,4.89,14.99,33.38,83.38,2404.69,7.95,Potato,Sowing,No,West
Clay,5.55,24.88,20.07,38.13,2241.57,18.46,Sugarcane,Harvest,No,West
Clay,7.45,58.53,35.76,47.61,1945.6,15.01,Rice,Vegetative,Yes,North
Clay,5.48,25.22,22.75,56.43,196.37,7.77,Cotton,Harvest,No,North
Loamy,5.07,48.7,24.04,84.16,884.59,6.84,Maize,Vegetative,Yes,East
Loamy,6.41,42.89,20.63,76.2,745.49,18.46,Rice,Vegetative,Yes,West
Clay,4.83,32.35,15.64,47.18,344.06,17.83,Rice,Flowering,Yes,South
Clay,5.09,21.62,24.61,42.01,2499.05,12.28,Potato,Harvest,Yes,West
Clay,7.55,29.03,12.51,73.7,367.99,7.47,Maize,Flowering,Yes,North
Silt,7.42,41.75,25.68,58.59,788.32,15.95,Sugarcane,Harvest,No,North
Loamy,7.91,27.99,33.75,66.55,2200.35,13.44,Wheat,Vegetative,No,Central
Silt,7.71,20.25,40.82,70.41,360.96,11.51,Cotton,Harvest,No,South
Silt,7.12,14.64,14.36,64.11,1173.82,14.9,Potato,Flowering,Yes,West
Clay,4.98,58.15,20.44,67.92,2439.23,3.12,Sugarcane,Sowing,Yes,West
Clay,7.46,33.1,26.82,87.13,618.22,18.64,Maize,Harvest,No,East
Sandy,7.67,43.64,17.11,85.77,1757.65,19.47,Wheat,Vegetative,Yes,South
Sandy,7.52,35.95,15.5,35.43,200.1,7.41,Cotton,Sowing,No,North
Silt,6.53,57.74,25.57,66.05,1502.18,18.96,Wheat,Vegetative,Yes,South
Loamy,5.59,39.18,29.42,55.75,847.62,16.02,Maize,Sowing,Yes,South
Clay,7.67,35.4,36.61,44.99,1748.91,18.85,Wheat,Harvest,No,East
Clay,7.27,60.7,41.93,69.18,1082.23,18.39,Cotton,Harvest,No,East
Silt,8.13,49.02,35.23,60.76,747.5,4.42,Sugarcane,Harvest,No,Central
Sandy,5.33,14.36,18.64,79.24,1365.02,5.57,Maize,Vegetative,No,North
Loamy,5.57,18.13,34.44,31.54,349.22,5.58,Potato,Sowing,No,East
Sandy,5.52,52.87,28.11,46.19,2036.08,2.34,Wheat,Flowering,Yes,North
Sandy,7.49,55.64,25.52,26.8,1876.77,8.25,Maize,Vegetative,No,East
Sandy,5.44,39.08,40.07,77.22,1362.42,7.57,Potato,Vegetative,No,Central
Sandy,5.03,39.6,33.06,88.87,917.62,7.21,Potato,Vegetative,No,West
Clay,8.2,44.02,32.45,66.12,2288.07,7.3,Cotton,Flowering,No,Central
Clay,4.88,33.03,12.35,68.19,1586.15,1.71,Cotton,Sowing,No,South
Sandy,7.64,46.77,37.95,28.25,712.0,4.13,Sugarcane,Vegetative,No,East
Loamy,6.04,14.18,35.8,60.26,2016.77,6.27,Potato,Harvest,Yes,South
Silt,7.66,62.79,20.97,61.88,1587.55,17.84,Potato,Sowing,Yes,South
Loamy,6.69,50.76,20.76,27.73,317.53,18.57,Cotton,Vegetative,No,Central
Loamy,7.87,43.98,13.6,79.77,285.58,6.06,Sugarcane,Harvest,Yes,West
Loamy,7.95,26.03,13.53,44.48,2345.26,14.04,Rice,Sowing,No,Central
Sandy,4.83,17.17,32.06,75.64,719.78,17.09,Sugarcane,Vegetative,No,East
Clay,5.06,31.33,17.59,53.2,1658.71,10.37,Wheat,Harvest,No,West
Loamy,5.65,45.71,39.71,94.7,91.08,15.23,Rice,Flowering,No,South
Sandy,7.08,44.12,37.27,39.85,1391.25,19.53,Cotton,Harvest,Yes,South
Loamy,7.82,29.81,22.47,29.08,577.82,3.66,Potato,Flowering,Yes,North
Loamy,6.36,42.96,23.4,93.59,349.07,1.87,Wheat,Sowing,Yes,North
Sandy,6.86,54.38,21.82,42.07,1933.76,12.98,Wheat,Sowing,Yes,South
Clay,5.44,9.5,14.77,69.47,2023.86,10.42,Wheat,Sowing,Yes,South
Clay,7.54,33.69,12.94,51.22,1788.03,6.28,Cotton,Flowering,Yes,West
Silt,8.09,51.24,25.56,69.77,27.97,18.37,Cotton,Flowering,Yes,North
Sandy,5.71,39.13,40.29,66.72,712.27,16.99,Potato,Harvest,Yes,Central
Silt,6.48,45.13,39.52,74.51,902.4,5.66,Wheat,Vegetative,Yes,South
Silt,5.09,37.45,36.3,26.29,1727.13,15.6,Rice,Flowering,No,Central
Silt,6.7,64.54,30.86,83.53,1888.86,16.65,Wheat,Sowing,Yes,West
Clay,6.51,11.11,37.69,58.51,1569.64,6.84,Cotton,Flowering,Yes,East
Sandy,5.29,35.99,27.45,61.32,1972.72,2.43,Cotton,Vegetative,No,South
Silt,6.3,13.21,17.4,53.77,1068.25,17.08,Sugarcane,Harvest,Yes,West
Sandy,5.94,17.11,32.53,94.26,1354.61,2.39,Maize,Vegetative,Yes,South
Sandy,6.57,29.83,39.62,81.11,160.63,9.83,Rice,Sowing,Yes,West
Clay,6.79,16.87,12.59,46.8,1067.91,4.29,Sugarcane,Sowing,Yes,East
Silt,4.83,62.93,19.54,79.81,1081.58,18.59,Maize,Flowering,No,South
Silt,7.39,61.97,19.96,55.59,1528.8,2.59,Cotton,Sowing,Yes,South
Sandy,7.22,27.16,14.97,85.9,944.74,2.78,Maize,Flowering,No,East
Loamy,6.05,44.47,18.76,27.16,596.14,14.18,Cotton,Sowing,No,West
Clay,4.98,38.42,23.52,49.88,593.99,4.51,Wheat,Sowing,No,South
Clay,7.37,54.49,40.2,55.09,334.68,3.08,Rice,Harvest,Yes,West
Clay,8.05,43.76,37.81,77.1,1752.56,3.78,Cotton,Sowing,Yes,East
Clay,5.62,8.01,40.38,37.76,1556.42,12.12,Cotton,Vegetative,No,East
Silt,5.9,51.5,15.62,45.04,1448.12,4.84,Cotton,Sowing,Yes,West
Silt,5.42,50.57,12.84,75.67,1327.55,7.86,Maize,Sowing,No,West
Loamy,6.76,37.05,15.3,30.38,918.84,17.07,Cotton,Sowing,No,West
Clay,5.33,59.47,39.43,39.08,1921.79,3.93,Wheat,Harvest,No,East
Clay,6.01,59.78,16.72,77.74,2305.06,16.61,Sugarcane,Sowing,Yes,East
Sandy,7.17,37.86,29.18,86.29,1099.97,15.62,Sugarcane,Harvest,Yes,West
Silt,6.7,42.66,18.83,76.02,1022.72,16.71,Sugarcane,Sowing,Yes,West
Clay,6.11,64.8,12.62,61.9,406.82,7.27,Potato,Flowering,Yes,West
Loamy,6.23,25.03,14.54,31.93,1676.77,9.71,Cotton,Vegetative,Yes,South
Loamy,6.71,26.5,33.29,82.91,1395.23,14.29,Wheat,Flowering,Yes,East
Silt,4.82,18.42,17.47,33.68,2469.99,1.23,Maize,Flowering,Yes,South
Loamy,5.07,59.06,18.87,51.96,1460.81,13.44,Rice,Sowing,Yes,East
Loamy,7.8,50.44,23.32,28.53,721.53,2.84,Maize,Flowering,Yes,Central
Silt,5.06,14.02,31.72,74.68,1407.35,6.12,Potato,Sowing,No,South
Clay,7.2,63.96,26.08,60.24,2461.74,16.29,Cotton,Flowering,No,West
Clay,7.93,49.66,40.34,88.53,1808.34,12.89,Wheat,Flowering,Yes,East
Loamy,5.72,56.48,25.03,34.71,321.44,12.63,Rice,Flowering,No,Central
Loamy,6.06,10.74,17.97,82.34,857.91,4.92,Cotton,Sowing,No,West
Clay,6.73,36.78,28.08,60.75,746.71,13.52,Wheat,Harvest,Yes,East
Silt,7.8,47.82,25.53,50.63,2142.06,3.07,Maize,Vegetative,Yes,North
Loamy,8.0,38.95,35.61,70.05,1527.91,19.31,Wheat,Vegetative,No,North
Sandy,7.31,46.0,40.05,80.33,2025.25,5.43,Wheat,Vegetative,Yes,Central
Silt,5.09,54.62,37.09,55.82,440.62,16.62,Maize,Vegetative,No,South
Loamy,7.08,29.34,23.67,41.3,2270.09,18.44,Sugarcane,Sowing,Yes,Central
Loamy,6.2,56.37,18.48,89.11,145.78,3.85,Rice,Flowering,Yes,West
Sandy,6.4,17.29,39.43,46.91,937.09,0.69,Potato,Harvest,Yes,South
Sandy,4.97,23.44,23.58,94.88,35.37,17.55,Maize,Harvest,Yes,Central
Clay,5.45,10.47,35.11,78.71,460.7,15.4,Rice,Sowing,No,Central
Silt,7.49,28.77,41.69,73.15,2405.56,3.51,Cotton,Harvest,No,North
Silt,6.34,29.65,29.32,25.87,196.24,16.69,Potato,Vegetative,Yes,West
Clay,5.83,53.9,26.4,56.4,363.52,16.3,Cotton,Sowing,Yes,South
Silt,6.11,45.23,33.0,60.17,2312.12,9.49,Sugarcane,Sowing,Yes,North
Silt,7.7,32.89,17.82,51.35,1775.44,18.96,Sugarcane,Sowing,No,North
Silt,7.35,45.17,26.65,35.5,1017.41,11.85,Potato,Vegetative,No,East
Silt,5.73,11.01,21.37,50.72,171.91,9.14,Maize,Flowering,Yes,West
Silt,5.2,18.28,16.93,30.25,1962.6,0.76,Maize,Flowering,Yes,North
Sandy,5.66,43.74,30.3,45.36,1231.82,19.08,Rice,Flowering,No,East
Silt,7.93,44.56,29.27,30.86,807.54,3.0,Potato,Sowing,Yes,West
Sandy,6.78,52.13,34.84,77.67,901.88,6.28,Maize,Flowering,Yes,West
Silt,6.61,30.97,38.19,71.98,1263.19,14.72,Sugarcane,Flowering,No,South
Clay,6.83,49.19,18.61,90.8,1378.08,0.6,Potato,Vegetative,Yes,West
Loamy,6.04,46.99,35.39,51.6,2045.25,11.08,Sugarcane,Sowing,No,Central
Sandy,7.54,62.91,23.02,80.03,1929.26,3.6,Sugarcane,Harvest,No,West
Silt,6.58,20.26,30.86,66.13,1917.65,0.94,Rice,Sowing,Yes,North
Clay,5.2,39.45,37.51,70.23,1823.24,13.01,Maize,Vegetative,Yes,Central
Loamy,5.24,42.3,19.69,63.32,1894.47,12.26,Maize,Flowering,Yes,North
Sandy,6.63,64.92,30.03,79.54,1694.0,14.82,Potato,Vegetative,No,North
Loamy,7.98,19.47,26.41,27.94,2170.06,12.56,Rice,Vegetative,Yes,North
Clay,5.85,37.82,35.72,30.63,1393.64,9.12,Rice,Harvest,Yes,East
Sandy,7.76,27.73,32.92,31.71,1302.11,9.83,Potato,Sowing,Yes,South
Loamy,7.4,37.98,35.09,45.21,1753.24,4.79,Wheat,Harvest,No,East
Silt,5.64,21.23,20.64,66.38,415.01,2.13,Rice,Sowing,No,North
Sandy,4.92,10.71,33.13,70.19,1942.38,17.29,Maize,Harvest,Yes,West
Loamy,5.15,40.64,30.17,74.88,2340.39,13.98,Maize,Flowering,No,West
Clay,7.28,27.14,25.7,44.65,740.65,2.9,Sugarcane,Harvest,No,North
Clay,5.48,18.37,23.35,70.51,1527.61,5.65,Sugarcane,Harvest,Yes,West
Sandy,6.06,26.46,21.95,33.24,81.56,17.33,Wheat,Harvest,No,East
Loamy,6.51,10.81,12.29,25.7,1914.56,19.22,Potato,Vegetative,No,West
Sandy,7.27,62.18,17.09,73.63,1399.17,15.93,Rice,Flowering,No,South
Sandy,5.18,41.13,13.77,75.09,1684.14,11.61,Cotton,Flowering,Yes,North
Loamy,6.18,54.44,37.45,68.55,357.48,17.45,Wheat,Vegetative,Yes,Central
Loamy,6.45,32.12,37.8,43.12,2023.64,12.72,Rice,Vegetative,No,South
Silt,6.64,59.49,37.39,89.92,639.84,14.14,Maize,Vegetative,No,West
Loamy,7.58,35.55,36.54,86.3,1711.98,16.63,Wheat,Vegetative,Yes,North
Clay,5.38,40.71,18.64,61.09,1482.85,7.4,Wheat,Vegetative,No,Central
Sandy,7.55,36.03,26.75,94.24,1634.48,15.8,Potato,Flowering,Yes,South
Sandy,7.16,49.8,39.24,45.9,125.59,4.54,Rice,Harvest,No,West
Clay,6.69,40.3,34.79,59.38,1854.63,4.29,Maize,Harvest,Yes,West
Loamy,7.18,23.48,12.05,89.95,1988.12,16.32,Rice,Harvest,No,North
Clay,6.2,16.3,25.78,57.35,1187.04,11.49,Maize,Sowing,No,West
Clay,5.27,42.55,12.32,57.97,1022.15,8.57,Potato,Harvest,No,North
Silt,7.06,35.88,20.42,30.56,856.36,10.71,Maize,Flowering,No,Central
Clay,6.58,13.47,25.07,39.79,2319.7,19.57,Sugarcane,Vegetative,Yes,East
Sandy,6.97,30.55,38.79,36.05,1887.67,17.94,Cotton,Sowing,Yes,North
Clay,5.95,37.34,31.63,64.57,1746.55,10.4,Sugarcane,Sowing,No,South
Sandy,7.88,55.13,22.87,47.29,2314.02,11.17,Wheat,Sowing,Yes,East
Sandy,6.8,12.34,26.72,30.39,871.92,12.48,Wheat,Flowering,Yes,East
Sandy,5.09,27.86,36.52,60.7,1575.35,15.92,Rice,Sowing,No,South
Loamy,6.33,54.89,20.99,71.85,1715.14,17.54,Rice,Sowing,Yes,East
Silt,7.37,44.96,30.45,76.56,2490.57,3.36,Rice,Vegetative,No,East
Sandy,7.5,24.53,19.87,83.63,1067.97,12.75,Sugarcane,Flowering,Yes,South
Sandy,6.48,56.18,26.4,58.74,1000.45,4.93,Maize,Flowering,Yes,South
Loamy,7.84,36.12,12.74,52.34,211.22,12.62,Cotton,Sowing,Yes,North
Sandy,5.71,36.41,37.57,72.89,246.13,3.84,Wheat,Sowing,No,North
Clay,6.2,63.67,13.45,25.94,1279.5,16.26,Potato,Harvest,No,North
Clay,7.86,61.99,18.73,69.35,427.95,13.39,Wheat,Harvest,Yes,East
Silt,7.85,28.44,22.01,53.4,182.33,17.39,Rice,Flowering,No,North
Sandy,7.13,16.01,30.75,56.7,2412.23,18.92,Sugarcane,Sowing,No,East
Loamy,7.72,26.56,33.6,45.74,2378.54,18.71,Potato,Flowering,Yes,East
Clay,5.1,9.74,14.41,33.91,813.19,3.33,Rice,Flowering,No,East
Loamy,7.74,9.18,13.3,53.1,1974.67,7.85,Sugarcane,Sowing,No,South
Loamy,5.89,30.54,35.97,46.57,2181.37,9.92,Maize,Vegetative,Yes,Central
Clay,5.41,61.64,33.36,92.21,1161.87,15.88,Rice,Vegetative,Yes,Central
Loamy,5.61,57.67,36.95,91.05,559.24,0.79,Maize,Vegetative,No,West
Clay,6.22,37.15,32.3,70.07,324.51,18.55,Wheat,Vegetative,No,East
Loamy,5.65,40.22,34.53,88.26,352.06,8.44,Wheat,Flowering,Yes,East
Clay,5.89,8.34,23.37,77.59,1992.33,12.81,Wheat,Vegetative,No,North
Sandy,5.26,20.28,29.71,49.21,961.04,19.62,Maize,Vegetative,Yes,East
Silt,5.81,9.41,36.16,67.27,1733.77,17.71,Rice,Flowering,No,North
Clay,6.75,51.01,17.16,40.42,1346.73,7.56,Sugarcane,Vegetative,No,North
Clay,6.3,16.3,24.68,73.1,986.67,9.95,Sugarcane,Sowing,Yes,Central
Silt,5.98,57.54,34.21,28.14,309.54,15.51,Potato,Vegetative,Yes,East
Clay,7.34,44.67,27.98,83.19,833.62,15.0,Rice,Vegetative,Yes,North
Clay,7.84,21.08,32.45,65.83,2100.43,14.24,Cotton,Vegetative,No,East
Loamy,7.37,16.99,20.79,29.09,2028.49,0.71,Potato,Sowing,Yes,North
Silt,5.93,43.77,12.97,86.02,70.92,4.38,Sugarcane,Sowing,No,South
Sandy,7.33,59.35,12.87,86.44,350.69,4.82,Sugarcane,Sowing,Yes,West
Clay,5.32,48.95,40.28,84.7,1889.75,5.39,Rice,Sowing,No,Central
Silt,5.24,27.87,40.34,79.2,839.33,2.38,Rice,Flowering,No,South
Loamy,5.98,41.48,18.34,72.45,1608.98,16.23,Potato,Vegetative,Yes,Central
Sandy,7.55,25.71,16.42,52.78,1406.69,7.16,Rice,Vegetative,Yes,Central
Silt,5.64,64.95,12.54,34.54,1630.17,15.62,Cotton,Harvest,No,Central
Sandy,5.02,50.68,18.94,45.21,134.24,18.66,Maize,Sowing,Yes,Central
Sandy,5.25,43.02,22.03,49.3,2327.8,6.6,Potato,Sowing,Yes,Central
Sandy,7.72,32.13,19.24,50.07,52.42,9.35,Wheat,Vegetative,Yes,South
Clay,6.95,43.23,35.92,64.58,20.08,2.21,Maize,Vegetative,Yes,Central
Clay,5.66,27.47,34.48,39.59,565.38,6.25,Maize,Vegetative,Yes,North
Loamy,6.69,9.65,14.43,38.28,2483.74,11.15,Rice,Sowing,No,South
Loamy,6.59,30.52,32.92,75.19,181.33,4.01,Rice,Sowing,Yes,Central
Silt,7.03,61.04,27.62,25.53,2186.25,10.97,Rice,Flowering,Yes,West
Loamy,5.59,43.7,15.96,35.47,397.72,6.6,Wheat,Harvest,Yes,East
Sandy,7.74,12.79,34.19,55.45,272.76,19.81,Maize,Flowering,No,South
Sandy,5.85,58.44,14.58,35.44,1947.43,7.83,Wheat,Flowering,Yes,North
Clay,7.16,23.33,17.31,92.19,2116.7,1.26,Sugarcane,Flowering,Yes,North
Sandy,4.85,21.89,16.48,71.91,1980.46,9.72,Maize,Vegetative,No,West
Silt,6.07,24.93,40.17,55.29,602.57,7.01,Potato,Flowering,Yes,East
Sandy,6.0,40.9,32.94,32.86,2199.61,7.72,Wheat,Flowering,Yes,East
Sandy,6.65,39.05,24.34,51.96,179.71,7.73,Wheat,Harvest,No,Central
Silt,5.05,36.01,36.67,70.54,854.94,17.68,Cotton,Flowering,Yes,East
Loamy,7.49,48.9,18.48,92.82,1157.96,10.22,Wheat,Flowering,No,South
Loamy,5.54,26.04,39.93,58.09,169.34,5.43,Wheat,Sowing,No,East
Silt,7.1,52.58,32.91,73.47,1449.61,15.95,Cotton,Sowing,No,Central
Clay,7.53,17.99,28.79,38.68,1398.46,9.15,Wheat,Harvest,No,North
Sandy,6.71,52.61,35.84,68.65,2480.46,3.33,Maize,Vegetative,No,East
Silt,7.32,45.84,31.34,41.73,1554.16,19.97,Rice,Harvest,No,Central
Sandy,7.05,46.94,38.61,38.87,993.86,1.03,Maize,Sowing,No,Central
Clay,6.01,35.45,36.87,60.65,1975.46,14.33,Rice,Vegetative,No,West
Sandy,7.55,46.02,17.93,39.82,837.42,17.03,Cotton,Flowering,Yes,East
Silt,5.8,12.55,19.19,75.49,1332.17,7.4,Wheat,Flowering,No,North
Sandy,6.74,56.54,13.95,90.61,138.67,3.57,Potato,Flowering,Yes,Central
Loamy,7.33,11.17,18.61,52.55,806.66,9.01,Potato,Harvest,No,East
Clay,6.09,16.48,22.3,47.57,1320.27,9.91,Cotton,Flowering,No,South
Clay,5.83,40.88,12.86,37.31,1755.78,19.99,Cotton,Sowing,No,South
Clay,6.36,50.15,21.45,52.33,247.58,0.88,Cotton,Sowing,Yes,North
Silt,7.58,12.35,35.15,64.17,1992.97,13.29,Maize,Sowing,No,South
Clay,7.96,60.48,37.21,51.11,2250.4,16.19,Cotton,Vegetative,Yes,Central
Loamy,6.65,63.5,12.27,68.62,702.59,12.55,Potato,Vegetative,Yes,West
Silt,7.05,42.54,12.21,71.37,1913.37,12.78,Wheat,Harvest,No,Central
Loamy,7.87,35.43,16.39,31.85,450.87,17.57,Sugarcane,Harvest,Yes,South
Sandy,5.14,50.26,38.18,73.84,1308.54,11.52,Cotton,Harvest,Yes,West
Sandy,5.59,26.72,26.08,88.02,1994.09,17.69,Rice,Vegetative,Yes,East
Sandy,7.21,36.12,41.49,26.84,966.23,4.6,Wheat,Vegetative,No,Central
Sandy,7.6,60.22,38.62,63.59,65.75,10.56,Wheat,Flowering,No,North
Loamy,7.71,62.47,38.7,67.27,1349.92,1.16,Sugarcane,Flowering,No,North
Silt,6.21,60.84,15.85,74.69,2111.75,16.17,Potato,Sowing,No,West
Silt,5.1,22.96,26.26,52.0,270.82,15.66,Wheat,Harvest,Yes,South
Clay,6.29,21.25,41.81,82.31,74.1,11.01,Wheat,Flowering,No,West
Loamy,5.58,24.97,16.47,62.79,2022.6,8.22,Cotton,Harvest,Yes,South
Sandy,5.79,33.15,29.23,53.63,667.83,7.72,Sugarcane,Sowing,No,North
Loamy,7.43,25.91,22.33,75.35,910.86,4.42,Cotton,Vegetative,No,South
Clay,5.06,29.33,23.64,89.92,217.46,8.84,Sugarcane,Flowering,No,South
Clay,7.61,43.38,38.72,81.84,241.55,6.43,Sugarcane,Flowering,Yes,South
Loamy,6.25,51.46,29.64,90.15,1536.36,11.76,Cotton,Flowering,No,West
Loamy,6.83,49.93,34.76,43.62,1380.57,15.84,Wheat,Harvest,Yes,East
Loamy,5.1,54.42,32.2,33.3,731.0,14.04,Potato,Flowering,No,Central
Silt,5.95,9.83,27.87,62.4,1131.84,10.52,Maize,Sowing,No,Central
Sandy,5.1,10.72,35.75,28.11,970.49,19.0,Cotton,Vegetative,No,Central
Loamy,8.07,52.99,41.12,72.22,1737.63,4.35,Sugarcane,Vegetative,Yes,Central
Loamy,7.54,38.39,41.0,41.8,2155.22,12.98,Cotton,Sowing,No,South
Loamy,6.36,40.95,35.68,56.8,1912.76,2.22,Potato,Sowing,No,Central
Clay,5.56,11.0,26.62,70.89,11.02,13.62,Wheat,Flowering,No,South
Clay,7.97,22.55,16.89,58.82,248.88,14.64,Maize,Vegetative,Yes,East
Silt,5.97,44.39,13.33,41.52,1073.44,15.76,Wheat,Flowering,Yes,East
Sandy,5.35,56.97,18.94,86.63,2129.5,13.44,Sugarcane,Harvest,Yes,West
Silt,6.71,60.27,22.21,78.52,592.44,2.89,Sugarcane,Flowering,No,Central
Sandy,8.01,36.52,15.9,67.08,2197.38,1.36,Sugarcane,Flowering,Yes,East
Clay,4.81,39.09,18.74,73.9,275.03,14.43,Sugarcane,Harvest,Yes,Central
Clay,5.61,55.48,14.51,54.07,181.52,16.07,Maize,Vegetative,No,East
Clay,7.99,38.64,27.71,51.31,2283.55,1.14,Potato,Harvest,No,East
Silt,5.38,37.46,15.79,36.21,404.94,3.42,Maize,Flowering,Yes,North
Loamy,5.19,59.59,34.28,81.25,1159.44,15.91,Sugarcane,Flowering,No,North
Loamy,6.74,53.03,21.98,51.67,814.89,19.37,Cotton,Flowering,No,East
Clay,7.73,59.82,32.16,73.46,369.09,10.65,Rice,Flowering,Yes,South
Loamy,6.42,20.44,38.48,46.0,1580.28,3.49,Cotton,Sowing,No,Central
Loamy,8.18,37.89,14.58,80.72,2409.18,6.76,Cotton,Sowing,Yes,North
Silt,7.11,56.02,41.67,32.37,1645.27,15.74,Potato,Flowering,No,East
Sandy,5.05,14.34,31.36,68.75,884.25,11.09,Sugarcane,Flowering,No,North
Clay,8.18,53.3,13.6,81.53,1779.49,1.63,Maize,Flowering,Yes,North
Clay,6.19,18.43,21.42,71.22,358.12,6.51,Maize,Flowering,Yes,East
Silt,5.78,54.06,38.59,73.73,1450.04,15.18,Potato,Flowering,No,Central
Silt,6.7,42.88,29.89,61.82,1173.64,6.85,Cotton,Flowering,Yes,East
Loamy,5.83,19.01,20.62,64.13,899.96,8.93,Cotton,Flowering,Yes,Central
Clay,5.09,34.98,40.21,29.61,1848.92,18.15,Cotton,Vegetative,No,West
Sandy,4.8,46.87,35.62,42.56,296.22,19.7,Potato,Vegetative,Yes,South
Silt,6.33,44.13,34.07,75.54,1331.98,15.27,Sugarcane,Sowing,Yes,West
Sandy,7.65,32.35,38.65,91.18,2135.99,5.18,Wheat,Sowing,No,Central
Sandy,6.75,59.26,35.09,62.92,504.28,5.24,Rice,Flowering,Yes,Central
Clay,8.2,37.6,20.6,75.79,661.35,6.43,Sugarcane,Vegetative,Yes,North
Clay,5.78,36.83,29.52,72.85,1651.68,3.63,Rice,Harvest,No,South
Silt,5.75,11.55,37.27,94.96,1931.47,3.99,Wheat,Flowering,No,North
Clay,5.34,60.56,17.43,80.65,708.34,5.49,Wheat,Vegetative,Yes,Central
Clay,5.36,18.1,16.89,68.94,899.75,13.37,Sugarcane,Harvest,Yes,East
Clay,5.77,38.12,16.77,33.06,1849.78,12.44,Maize,Harvest,Yes,South
Sandy,7.5,53.8,17.83,50.39,713.31,7.15,Maize,Vegetative,Yes,South
Silt,7.88,20.28,15.1,42.55,1665.62,4.34,Rice,Flowering,No,West
Loamy,8.12,38.06,37.13,84.76,397.09,12.67,Maize,Vegetative,No,West
Sandy,5.59,21.72,36.55,56.23,1028.28,3.05,Cotton,Harvest,Yes,West
Clay,7.8,51.3,16.54,62.47,1721.69,3.35,Cotton,Harvest,No,North
Sandy,5.92,40.17,33.17,92.54,1149.76,7.98,Wheat,Sowing,Yes,South
Clay,5.18,56.79,30.81,83.57,48.09,11.56,Sugarcane,Flowering,Yes,Central
Clay,7.76,58.99,20.29,80.29,1015.95,14.7,Maize,Harvest,No,North
Sandy,6.96,44.98,18.82,34.96,720.84,13.9,Wheat,Vegetative,Yes,West
Silt,5.36,49.35,19.52,26.59,253.21,7.88,Cotton,Flowering,No,North
Clay,6.26,39.31,33.92,33.79,22.85,13.27,Potato,Vegetative,No,South
Silt,5.78,29.91,21.58,76.82,113.79,4.62,Maize,Harvest,No,South
Loamy,7.31,44.94,20.34,53.75,2373.12,10.13,Maize,Flowering,No,West
Clay,6.34,59.77,12.67,33.22,1874.55,12.5,Sugarcane,Sowing,Yes,North
Silt,8.16,31.75,39.25,76.73,2349.35,15.02,Maize,Harvest,No,South
Silt,4.99,25.92,34.58,38.62,286.96,2.05,Maize,Vegetative,Yes,East
Loamy,6.01,30.14,26.18,66.23,1426.27,2.47,Sugarcane,Sowing,No,Central
Silt,6.44,32.82,40.29,76.91,208.22,1.94,Rice,Vegetative,Yes,North
Silt,6.51,12.19,20.81,67.56,67.02,11.16,Maize,Flowering,Yes,South
Loamy,5.87,36.41,32.24,94.55,1165.7,11.62,Sugarcane,Vegetative,No,West
Clay,7.28,36.18,21.15,55.39,1615.86,0.71,Wheat,Vegetative,Yes,East
Silt,7.77,41.54,21.44,46.83,158.91,13.31,Wheat,Vegetative,No,Central
Silt,7.99,28.68,37.34,39.08,912.65,15.38,Cotton,Flowering,Yes,North
Silt,7.54,42.95,35.61,60.26,225.42,2.77,Potato,Vegetative,Yes,East
Sandy,7.69,58.06,20.82,84.67,905.26,7.08,Sugarcane,Sowing,No,Central
Loamy,6.67,62.46,14.44,91.28,1179.49,17.07,Maize,Harvest,Yes,North
Sandy,7.61,41.27,22.73,93.04,843.83,13.9,Wheat,Sowing,Yes,Central
Loamy,5.83,10.43,34.8,62.2,1440.62,6.44,Potato,Vegetative,Yes,North
Clay,6.15,63.25,15.02,67.37,1461.48,14.97,Maize,Flowering,No,East
Clay,5.88,48.23,32.16,65.71,832.34,17.8,Sugarcane,Harvest,Yes,Central
Silt,6.39,27.15,38.69,57.62,974.0,6.53,Wheat,Harvest,No,North
Loamy,5.77,16.39,17.38,35.66,1102.66,13.84,Cotton,Vegetative,Yes,South
Clay,8.07,16.17,37.87,29.58,939.13,2.32,Wheat,Flowering,Yes,South
Loamy,5.86,17.56,13.54,55.56,1901.62,1.64,Cotton,Sowing,Yes,East
Clay,5.13,10.6,32.01,38.03,349.87,11.93,Sugarcane,Vegetative,Yes,West
Sandy,6.59,59.42,35.73,87.07,2142.59,10.1,Rice,Vegetative,Yes,East
Clay,4.99,38.82,25.34,78.32,828.13,16.3,Sugarcane,Vegetative,No,Central
Sandy,5.18,47.9,18.11,68.29,1809.9,15.72,Cotton,Sowing,No,West
Clay,5.55,55.2,39.74,28.32,2209.44,6.09,Maize,Harvest,Yes,South
Silt,6.38,53.12,12.6,68.56,2218.63,10.49,Wheat,Sowing,No,South
Sandy,6.27,58.31,28.65,68.47,1130.91,15.24,Wheat,Sowing,Yes,East
Clay,7.52,63.13,23.19,55.74,641.51,5.78,Cotton,Flowering,No,East
Silt,7.31,33.03,25.83,71.04,1514.4,7.56,Wheat,Harvest,No,South
Sandy,6.25,62.17,28.1,85.05,459.91,1.67,Cotton,Vegetative,Yes,East
Silt,5.93,49.23,28.04,78.06,1976.49,3.04,Maize,Flowering,No,North
Loamy,5.88,12.03,18.11,58.14,1778.36,12.4,Rice,Vegetative,Yes,East
Loamy,7.43,46.86,32.39,43.36,1989.1,10.19,Sugarcane,Flowering,No,West
Sandy,4.98,47.14,12.57,58.45,1083.14,3.79,Maize,Flowering,No,South
Clay,4.84,59.63,12.64,91.22,1393.57,0.64,Maize,Sowing,No,Central
Sandy,7.5,29.26,26.35,82.4,256.82,3.8,Potato,Flowering,Yes,South
Silt,6.42,41.34,28.26,26.89,1719.11,15.12,Wheat,Flowering,Yes,West
Clay,5.24,8.69,20.25,79.81,1217.1,2.33,Wheat,Harvest,Yes,East
Loamy,5.6,26.93,28.55,36.94,1273.1,8.35,Potato,Harvest,Yes,Central
Clay,7.97,11.55,27.48,64.98,2117.48,5.16,Rice,Flowering,No,South
Loamy,7.72,37.75,22.48,81.46,1930.8,11.21,Cotton,Harvest,Yes,North
Clay,7.21,54.59,31.55,64.29,1337.98,10.48,Potato,Flowering,No,North
Clay,6.44,19.77,40.74,53.27,887.77,19.67,Cotton,Harvest,Yes,South
Clay,6.57,38.06,26.72,47.49,1116.09,15.57,Maize,Harvest,Yes,East
Silt,8.12,19.63,35.58,46.36,876.91,18.8,Maize,Flowering,Yes,North
Silt,8.08,14.88,19.43,83.62,379.01,11.77,Potato,Vegetative,Yes,North
Sandy,5.53,37.13,34.86,82.75,1614.44,14.89,Wheat,Flowering,No,Central
Sandy,7.56,12.51,31.47,82.64,1728.79,17.95,Cotton,Flowering,No,North
Loamy,5.47,41.48,31.19,44.79,2428.03,1.3,Potato,Vegetative,No,East
Silt,5.53,9.79,38.79,80.92,1139.26,18.35,Rice,Harvest,No,South
Loamy,7.1,14.08,19.0,27.56,2493.23,4.63,Potato,Sowing,No,North
Sandy,6.18,39.35,23.05,39.45,467.75,14.25,Maize,Sowing,Yes,North
Loamy,7.97,41.71,14.49,61.02,1641.58,15.58,Potato,Sowing,No,East
Sandy,5.1,9.65,33.78,53.47,2486.92,2.63,Wheat,Vegetative,Yes,West
Silt,6.54,40.68,37.32,32.83,1600.81,19.09,Sugarcane,Flowering,No,North
Clay,7.92,55.79,24.18,27.92,1130.92,18.57,Sugarcane,Flowering,Yes,East
Silt,7.87,49.17,22.7,67.78,1288.13,13.26,Sugarcane,Vegetative,No,West
Loamy,5.33,15.48,31.76,46.94,2113.78,3.53,Sugarcane,Vegetative,No,Central
Loamy,6.05,41.77,14.27,26.12,2347.78,11.54,Maize,Vegetative,No,North
Silt,6.91,46.32,20.82,55.16,1134.82,7.21,Cotton,Harvest,No,Central
Silt,5.34,10.12,22.99,46.47,1930.93,18.65,Cotton,Sowing,Yes,East
Sandy,8.09,56.75,27.56,65.36,2334.22,8.43,Cotton,Harvest,No,South
Loamy,7.91,59.66,26.3,90.09,705.3,14.03,Rice,Harvest,Yes,Central
Loamy,5.37,56.48,18.26,46.55,1232.9,12.92,Rice,Sowing,Yes,North
Silt,5.21,55.0,28.22,94.8,2488.54,5.78,Cotton,Sowing,No,West
Clay,5.09,50.46,39.78,31.02,883.7,10.94,Maize,Vegetative,Yes,North
Loamy,7.89,44.11,12.81,31.18,1549.22,8.49,Sugarcane,Sowing,No,Central
Clay,5.46,46.68,32.41,74.91,1642.58,7.81,Sugarcane,Vegetative,Yes,North
Silt,6.22,53.96,30.74,77.4,385.37,17.35,Cotton,Sowing,Yes,South
Silt,6.33,45.76,39.73,54.6,2016.54,3.23,Wheat,Flowering,No,West
Sandy,6.84,26.68,31.36,45.02,1032.25,8.5,Maize,Harvest,No,Central
Loamy,5.04,29.43,30.75,80.58,1250.81,0.63,Wheat,Vegetative,No,North
Clay,5.57,59.13,35.09,91.94,1607.11,5.61,Wheat,Flowering,No,Central
Sandy,7.97,8.98,20.03,94.29,1026.21,12.62,Maize,Vegetative,Yes,West
Loamy,7.89,47.83,29.87,69.41,812.71,2.21,Maize,Sowing,Yes,South
Sandy,7.46,62.42,27.58,76.81,1366.08,5.79,Rice,Flowering,No,South
Silt,4.87,48.26,25.15,82.56,866.96,17.66,Rice,Sowing,No,East
Loamy,5.91,64.65,14.38,80.92,1085.32,13.99,Sugarcane,Harvest,No,South
Sandy,6.94,47.19,20.78,94.54,271.02,1.87,Rice,Harvest,Yes,West
Sandy,5.74,9.96,20.4,81.73,2111.86,19.85,Wheat,Vegetative,No,Central
Clay,7.89,55.14,33.73,71.38,1029.27,18.93,Potato,Flowering,Yes,South
Sandy,6.96,24.22,39.62,51.34,206.96,3.26,Potato,Vegetative,Yes,South
Loamy,5.04,33.43,18.92,66.86,1975.06,18.48,Maize,Harvest,Yes,South
Loamy,7.89,25.79,14.24,86.63,49.06,11.22,Potato,Harvest,No,North
Clay,8.06,23.31,42.0,46.38,1498.37,18.62,Potato,Sowing,No,East
Loamy,5.06,32.59,32.74,27.15,1756.66,19.38,Potato,Harvest,Yes,South
Silt,6.61,29.59,38.59,47.9,478.03,14.02,Potato,Harvest,No,South
Loamy,5.83,44.1,16.32,92.22,328.15,6.18,Sugarcane,Vegetative,No,East
Loamy,6.14,54.35,36.02,80.58,284.71,18.53,Potato,Sowing,Yes,South
Sandy,5.41,24.93,36.4,38.1,2483.32,11.68,Rice,Vegetative,Yes,Central
Sandy,6.77,20.18,16.54,25.84,1887.72,7.16,Potato,Harvest,Yes,West
Loamy,8.06,46.01,16.84,71.84,781.78,9.47,Potato,Vegetative,Yes,North
Clay,6.51,46.21,20.86,65.53,838.89,8.42,Sugarcane,Vegetative,Yes,South
Sandy,5.08,59.36,18.5,30.81,1621.56,18.74,Potato,Sowing,No,Central
Clay,6.91,8.91,41.26,92.62,1144.18,16.49,Cotton,Harvest,No,South
Loamy,5.96,56.62,22.89,68.25,678.35,1.11,Rice,Vegetative,Yes,South
Loamy,7.71,37.7,34.84,70.61,142.74,0.69,Sugarcane,Vegetative,Yes,Central
Silt,6.28,43.41,36.15,84.75,1959.63,1.85,Maize,Flowering,Yes,Central
Sandy,5.46,13.21,23.58,48.59,2220.56,12.4,Wheat,Vegetative,No,Central
Loamy,5.45,32.66,32.48,64.08,514.9,16.38,Maize,Flowering,Yes,South
Silt,7.41,20.96,15.23,65.33,158.51,10.54,Cotton,Harvest,No,West
Sandy,5.7,22.49,23.91,92.71,296.56,10.93,Rice,Vegetative,Yes,Central
Loamy,7.41,36.73,41.02,34.2,1035.65,5.19,Potato,Flowering,No,Central
Loamy,5.5,54.31,17.06,78.12,748.37,9.46,Cotton,Vegetative,Yes,Central
Sandy,5.89,50.4,23.57,65.26,183.64,5.51,Wheat,Sowing,Yes,West
Sandy,6.38,41.69,35.72,84.18,1137.17,5.84,Rice,Harvest,Yes,North
Sandy,8.01,38.75,31.96,83.24,509.8,8.13,Rice,Vegetative,Yes,North
Loamy,7.97,32.36,30.95,25.84,167.37,1.43,Wheat,Harvest,No,North
Loamy,5.5,63.44,37.6,42.95,1644.82,19.12,Cotton,Sowing,Yes,Central
Silt,6.02,39.93,12.87,37.66,1431.27,18.33,Potato,Harvest,Yes,West
Clay,5.31,22.48,35.13,57.32,2065.99,16.03,Maize,Harvest,No,North
Sandy,6.53,21.12,38.48,88.37,755.7,11.59,Wheat,Harvest,Yes,South
Loamy,6.37,42.85,12.49,25.35,339.56,16.35,Sugarcane,Harvest,No,East
Loamy,7.86,37.8,28.77,59.17,900.4,19.5,Maize,Harvest,No,East
Sandy,7.96,8.44,22.46,86.94,1946.77,6.03,Rice,Flowering,No,East
Clay,6.1,55.31,13.52,89.83,604.35,7.6,Wheat,Flowering,Yes,South
Sandy,6.47,48.13,24.53,71.01,637.5,14.72,Wheat,Harvest,No,West
Clay,7.85,45.72,31.32,83.08,368.96,13.04,Sugarcane,Vegetative,No,South
Loamy,7.54,11.92,39.57,47.68,2466.29,16.58,Cotton,Flowering,No,West
Clay,4.81,28.64,30.62,45.02,2418.27,7.27,Potato,Harvest,No,West
Silt,5.89,61.32,37.7,28.44,1645.13,6.56,Potato,Harvest,Yes,East
Loamy,6.23,57.17,15.65,60.22,537.05,11.92,Sugarcane,Vegetative,No,South
Silt,5.58,24.28,18.32,56.91,1916.39,3.34,Sugarcane,Flowering,No,Central
Sandy,5.48,16.95,41.11,51.03,1459.83,1.27,Cotton,Flowering,No,West
Sandy,4.93,33.6,38.62,32.93,1873.92,5.26,Rice,Sowing,Yes,Central
Sandy,6.99,28.28,19.06,41.15,2151.03,3.59,Wheat,Vegetative,Yes,Central
Clay,5.69,46.89,30.63,39.26,796.19,0.63,Maize,Vegetative,Yes,East
Loamy,4.98,63.09,22.88,91.08,2284.25,15.67,Rice,Vegetative,Yes,East
Sandy,5.59,28.69,26.06,92.65,2246.4,11.09,Rice,Vegetative,No,West
Sandy,7.53,11.55,37.83,25.24,1367.83,13.54,Rice,Vegetative,No,South
Loamy,7.7,59.16,34.07,36.94,1711.43,3.68,Maize,Vegetative,Yes,South
Sandy,6.44,10.16,19.15,87.21,1027.59,5.51,Wheat,Vegetative,No,Central
Silt,6.21,62.31,21.48,27.68,1637.76,1.67,Rice,Harvest,Yes,South
Loamy,8.12,45.88,20.69,91.04,1372.4,19.95,Sugarcane,Sowing,Yes,East
Loamy,5.48,61.68,35.42,51.6,807.05,2.51,Maize,Sowing,No,West
Loamy,5.53,19.38,26.7,62.71,807.1,2.26,Potato,Flowering,No,West
Silt,5.79,10.32,40.52,78.47,1629.17,12.48,Cotton,Harvest,No,Central
Loamy,5.39,35.83,36.5,42.07,2391.57,6.97,Potato,Vegetative,Yes,East
Silt,6.09,33.69,18.34,32.05,503.87,17.81,Wheat,Harvest,No,Central
Loamy,7.9,26.9,35.58,81.7,981.34,16.71,Sugarcane,Sowing,Yes,North
Clay,6.89,62.59,27.18,93.92,2014.27,17.43,Maize,Vegetative,No,North
Sandy,6.2,54.89,19.61,71.11,307.53,14.84,Maize,Harvest,Yes,North
Clay,7.98,45.71,22.9,82.77,2485.42,3.07,Potato,Flowering,No,East
Sandy,4.96,17.28,41.16,90.89,1695.35,1.74,Cotton,Harvest,Yes,Central
Silt,5.51,49.86,26.52,41.0,2277.0,1.76,Maize,Vegetative,No,West
Clay,6.72,49.44,33.59,49.53,2095.13,16.13,Wheat,Vegetative,No,North
Loamy,6.89,32.23,26.31,40.33,1942.84,13.31,Sugarcane,Vegetative,Yes,North
Sandy,4.93,60.71,23.15,29.32,82.25,19.63,Maize,Harvest,No,South
Sandy,6.17,17.52,35.89,76.26,1016.24,13.05,Cotton,Harvest,No,Central
Clay,7.01,23.24,37.45,35.2,504.66,5.36,Wheat,Harvest,No,North
Silt,7.17,11.6,14.16,31.49,2178.33,2.25,Maize,Vegetative,Yes,Central
Clay,6.97,53.34,20.37,50.03,1700.72,7.63,Rice,Sowing,Yes,South
Silt,5.89,43.44,27.24,29.24,267.68,4.39,Rice,Harvest,No,South
Silt,5.12,25.95,21.49,37.57,898.99,12.75,Cotton,Sowing,Yes,North
Sandy,6.25,17.34,35.51,29.9,173.27,2.37,Rice,Vegetative,No,Central
Clay,5.24,10.29,15.44,86.41,1849.99,15.56,Rice,Vegetative,Yes,West
Clay,8.02,17.5,35.93,79.58,1045.79,14.08,Wheat,Vegetative,Yes,South
Silt,6.42,33.84,30.54,85.17,585.93,14.86,Wheat,Vegetative,Yes,West
Clay,5.88,22.09,20.68,85.78,1294.23,19.33,Potato,Flowering,No,North
Loamy,7.41,22.76,22.33,91.12,105.11,13.19,Sugarcane,Vegetative,Yes,West
Loamy,6.49,57.91,17.49,38.07,643.24,15.88,Sugarcane,Harvest,Yes,East
Clay,5.85,37.36,19.58,88.0,438.26,2.16,Sugarcane,Sowing,No,North
Clay,7.56,49.57,33.52,61.75,2326.61,18.89,Wheat,Vegetative,No,Central
Silt,7.75,10.04,23.28,36.64,942.77,4.76,Wheat,Vegetative,No,North
Loamy,7.09,28.81,32.62,70.9,1461.18,10.11,Wheat,Flowering,Yes,North
Loamy,4.96,35.31,27.42,47.89,1257.35,19.16,Rice,Vegetative,No,North
Sandy,6.73,18.63,16.36,28.25,1648.01,4.0,Sugarcane,Harvest,No,North
Silt,7.4,14.85,26.97,30.51,697.79,1.19,Potato,Harvest,No,Central
Sandy,5.26,57.61,34.69,54.66,301.95,6.29,Rice,Flowering,Yes,Central
Loamy,5.58,61.55,20.93,82.85,203.63,3.55,Sugarcane,Vegetative,No,West
Silt,7.8,12.49,31.44,46.77,483.49,13.53,Cotton,Harvest,No,Central
Clay,4.87,27.89,17.97,78.63,1207.07,5.93,Rice,Sowing,No,North
Silt,7.36,62.62,16.07,28.9,590.07,1.73,Sugarcane,Harvest,No,West
Clay,6.41,12.74,22.81,52.56,1085.01,17.91,Maize,Flowering,No,West
Clay,6.32,44.69,23.68,33.92,73.26,1.46,Cotton,Harvest,No,West
Silt,4.82,63.42,34.83,85.45,1568.88,5.79,Rice,Harvest,No,West
Clay,7.59,63.76,25.8,92.76,2195.4,5.19,Rice,Vegetative,Yes,West
Sandy,6.02,34.86,14.44,47.79,118.97,0.96,Maize,Vegetative,Yes,Central
Loamy,6.64,17.28,31.02,94.22,545.1,3.72,Wheat,Harvest,No,South
Clay,7.1,19.52,26.08,77.66,794.43,16.39,Maize,Sowing,No,North
Sandy,7.19,58.71,21.95,25.09,718.1,1.23,Wheat,Sowing,No,West
Clay,8.05,59.97,36.07,58.97,100.96,0.95,Potato,Sowing,No,South
Loamy,6.61,42.65,16.63,83.39,266.45,12.86,Rice,Vegetative,No,West
Sandy,6.16,51.67,39.4,62.37,2281.15,2.23,Wheat,Harvest,No,North
Loamy,8.04,50.18,22.02,63.5,1778.4,7.75,Maize,Harvest,No,West
Loamy,6.98,45.72,25.83,56.34,2396.1,0.54,Sugarcane,Harvest,Yes,North
Sandy,5.81,55.15,39.88,52.65,1101.16,7.57,Cotton,Sowing,Yes,North
Sandy,5.23,47.07,34.84,26.92,2197.58,6.7,Rice,Sowing,Yes,Central
Sandy,7.66,38.44,14.23,68.52,2041.35,12.45,Cotton,Flowering,Yes,North
Silt,6.03,21.51,29.35,78.67,2187.35,10.23,Maize,Flowering,No,North
Sandy,7.05,50.4,21.31,80.31,97.89,13.73,Potato,Vegetative,No,West
Sandy,6.4,34.99,27.25,68.72,1631.29,18.75,Cotton,Sowing,No,Central
Sandy,5.48,24.8,34.29,48.89,1416.57,16.01,Sugarcane,Harvest,Yes,North
Sandy,6.85,53.71,26.89,26.58,1363.04,18.7,Sugarcane,Sowing,Yes,East
Clay,5.01,47.71,14.13,87.7,1260.96,1.56,Sugarcane,Vegetative,Yes,North
Silt,6.21,61.43,27.9,55.03,1989.94,19.81,Maize,Sowing,No,West
Loamy,6.66,17.43,12.72,67.08,2420.14,6.78,Sugarcane,Sowing,Yes,East
Sandy,6.28,45.0,22.45,38.62,2072.3,5.9,Potato,Flowering,Yes,Central
Clay,7.35,21.92,26.34,34.94,2175.99,8.37,Rice,Harvest,Yes,East
Clay,7.61,59.5,31.34,31.08,1209.76,15.77,Sugarcane,Sowing,Yes,West
Clay,7.42,13.67,27.19,80.91,1726.52,19.11,Maize,Sowing,No,South
Loamy,4.93,45.4,16.56,70.25,1038.91,11.31,Sugarcane,Vegetative,No,South
Sandy,5.46,53.09,39.97,68.48,900.72,3.51,Cotton,Sowing,No,West
Silt,6.62,28.23,31.51,89.36,2238.2,4.67,Sugarcane,Vegetative,No,East
Silt,7.98,62.39,21.51,36.11,2263.03,8.4,Maize,Vegetative,No,West
Clay,7.64,56.49,40.98,36.92,1705.55,7.63,Cotton,Vegetative,No,Central
Loamy,7.66,24.79,38.48,38.26,2094.61,5.15,Wheat,Harvest,No,Central
Loamy,5.83,8.43,16.3,54.64,900.91,17.08,Rice,Sowing,No,Central
Loamy,6.26,24.91,31.66,86.2,1084.4,5.96,Sugarcane,Sowing,No,North
Silt,6.4,24.03,28.8,86.7,2052.54,12.06,Maize,Vegetative,Yes,North
Clay,5.34,58.73,17.78,66.34,995.13,9.85,Rice,Flowering,No,West
Sandy,4.91,63.13,19.0,71.07,99.92,18.51,Potato,Sowing,Yes,South
Silt,8.02,12.02,28.91,87.84,883.25,12.76,Cotton,Flowering,Yes,West
Clay,5.62,34.86,21.64,68.7,995.58,6.98,Maize,Vegetative,Yes,West
Clay,5.62,39.25,37.04,41.09,386.59,12.95,Sugarcane,Flowering,No,Central
Sandy,5.08,13.3,14.93,74.34,860.31,6.72,Sugarcane,Vegetative,Yes,South
Sandy,7.96,29.52,39.42,78.89,2336.06,2.27,Wheat,Harvest,No,Central
Sandy,6.77,26.07,37.22,69.47,2146.33,9.96,Potato,Harvest,No,South
Loamy,7.07,38.56,34.16,44.15,1114.81,17.27,Potato,Sowing,No,Central
Sandy,7.9,45.69,19.88,52.99,1774.72,18.23,Potato,Vegetative,Yes,South
Clay,5.98,48.1,33.45,57.94,379.62,11.1,Rice,Flowering,No,Central
Sandy,6.91,15.8,25.16,35.17,1881.38,14.14,Sugarcane,Harvest,Yes,South
Clay,4.93,54.34,31.01,56.66,1189.46,12.41,Potato,Flowering,Yes,South
Silt,5.44,46.68,21.38,36.28,1806.42,16.31,Cotton,Harvest,Yes,West
Loamy,7.63,58.68,37.08,59.96,1610.06,2.51,Cotton,Sowing,No,East
Silt,7.41,33.61,13.22,28.56,581.91,8.33,Potato,Vegetative,Yes,Central
Silt,5.99,58.95,32.74,91.4,2086.73,5.44,Cotton,Harvest,No,North
Clay,6.08,57.35,36.86,42.24,1430.44,0.63,Cotton,Harvest,Yes,Central
Silt,6.61,32.99,31.39,57.69,1960.49,16.68,Rice,Vegetative,No,Central
Clay,4.8,29.73,17.76,27.29,234.97,3.12,Wheat,Sowing,Yes,East
Sandy,5.62,61.17,20.55,38.49,1538.38,6.81,Wheat,Vegetative,No,North
Sandy,5.51,48.76,27.45,73.53,729.71,17.4,Maize,Vegetative,Yes,East
Clay,5.65,60.91,21.88,32.83,2152.24,14.57,Potato,Sowing,Yes,North
Sandy,7.54,53.43,12.15,68.97,2373.76,11.57,Rice,Harvest,No,East
Loamy,5.75,42.73,13.22,25.14,139.57,6.55,Maize,Harvest,Yes,North
Silt,5.45,14.6,35.03,57.55,1810.71,10.55,Sugarcane,Harvest,No,South
Loamy,6.51,24.61,14.51,75.49,257.44,1.6,Maize,Harvest,Yes,South
Silt,7.74,63.22,39.84,89.84,2143.77,14.68,Cotton,Flowering,No,Central
Sandy,5.62,26.21,25.28,59.5,311.31,5.13,Potato,Vegetative,No,Central
Loamy,5.07,13.32,34.75,83.84,487.52,9.84,Wheat,Harvest,No,West
Sandy,6.01,48.33,15.77,81.18,629.05,2.34,Wheat,Vegetative,Yes,Central
Silt,7.34,49.84,39.8,45.7,1819.58,14.36,Wheat,Harvest,Yes,North
Clay,6.67,24.27,13.01,86.23,731.34,17.97,Rice,Sowing,Yes,East
Clay,7.58,24.97,13.26,69.82,1490.21,9.39,Cotton,Harvest,No,East
Loamy,8.06,34.73,13.64,32.29,1429.86,2.12,Maize,Vegetative,Yes,South
Sandy,7.5,9.24,15.1,90.74,1005.65,18.93,Sugarcane,Harvest,No,South
Sandy,6.85,52.99,26.6,37.37,1348.72,9.22,Rice,Flowering,No,Central
Loamy,6.48,26.07,35.65,57.93,295.48,2.07,Sugarcane,Flowering,No,South
Clay,4.94,56.66,20.55,57.65,2190.44,4.17,Rice,Harvest,No,North
Silt,8.15,53.75,34.37,68.77,517.69,2.84,Cotton,Harvest,Yes,South
Loamy,6.1,45.7,35.22,71.55,2200.57,4.35,Rice,Sowing,No,East
Silt,5.32,26.52,39.25,41.3,1296.84,3.54,Sugarcane,Sowing,Yes,South
Clay,7.07,37.43,16.48,49.67,1534.84,18.5,Rice,Vegetative,No,East
Sandy,5.77,33.36,16.07,35.12,643.24,4.58,Cotton,Vegetative,No,West
Clay,6.79,27.32,15.66,33.82,555.82,9.12,Wheat,Sowing,No,North
Loamy,6.8,56.34,22.78,82.75,1226.76,14.73,Rice,Harvest,Yes,West
Sandy,6.32,35.56,26.68,77.55,668.4,13.7,Sugarcane,Harvest,Yes,West
Loamy,7.64,55.47,25.85,55.99,1057.85,19.15,Potato,Vegetative,No,West
Loamy,5.7,14.0,19.71,31.71,1100.55,19.34,Sugarcane,Sowing,No,East
Clay,6.33,16.04,30.66,56.49,677.29,11.63,Rice,Harvest,No,South
Loamy,6.63,63.71,22.15,45.61,729.32,15.17,Cotton,Flowering,Yes,West
Clay,7.06,41.5,22.98,79.45,2432.27,8.03,Maize,Harvest,No,West
Sandy,7.47,37.06,15.17,31.76,1468.64,8.87,Wheat,Flowering,Yes,North
Clay,6.14,37.82,29.77,56.6,2079.69,2.54,Cotton,Flowering,No,East
Sandy,7.0,20.27,31.66,66.4,114.36,13.63,Maize,Vegetative,Yes,South
Clay,5.31,48.97,34.74,94.0,4.81,5.78,Sugarcane,Harvest,Yes,West
Silt,7.97,12.83,39.12,31.27,1297.76,2.06,Rice,Sowing,Yes,West
Silt,6.1,40.68,34.98,32.98,2067.01,2.42,Sugarcane,Harvest,Yes,South
Loamy,7.28,40.53,19.07,94.16,1527.3,14.59,Rice,Flowering,Yes,North
Clay,4.87,60.11,19.07,53.39,1547.07,4.96,Potato,Harvest,No,West
Clay,5.5,37.99,39.45,77.06,348.4,15.51,Wheat,Vegetative,Yes,West
Sandy,6.46,15.81,35.7,79.84,2446.42,18.17,Rice,Sowing,Yes,South
Loamy,7.79,40.65,35.47,47.02,1324.25,7.15,Sugarcane,Vegetative,Yes,Central
Clay,6.59,13.21,33.59,40.0,256.5,15.98,Potato,Harvest,Yes,Central
Loamy,7.96,19.62,20.02,44.33,1035.49,8.86,Maize,Flowering,Yes,Central
Silt,6.44,9.77,37.42,78.51,179.93,15.56,Maize,Sowing,Yes,Central
Clay,6.47,37.26,16.29,83.83,1045.35,6.48,Maize,Sowing,No,North
Clay,5.21,12.82,22.5,73.97,1778.9,18.66,Rice,Vegetative,No,Central
Loamy,7.53,34.76,22.39,55.89,808.82,19.75,Cotton,Harvest,No,East
Clay,5.64,61.18,28.8,43.38,782.76,8.03,Sugarcane,Sowing,Yes,Central
Loamy,7.86,49.03,25.9,54.77,1285.85,4.38,Sugarcane,Sowing,Yes,West
Clay,7.9,12.41,25.79,89.02,1246.21,13.86,Cotton,Harvest,No,South
Sandy,8.01,20.78,28.61,85.42,1167.86,11.88,Potato,Harvest,No,West
Loamy,6.57,46.4,24.46,47.64,1292.11,19.83,Maize,Vegetative,No,Central
Clay,7.1,59.0,19.5,47.96,119.9,16.33,Maize,Sowing,Yes,West
Silt,7.45,9.88,31.92,79.6,1185.67,16.78,Potato,Harvest,No,Central
Clay,5.25,54.31,35.72,54.86,2480.03,14.67,Potato,Flowering,Yes,South
Silt,6.84,40.02,26.37,65.09,1910.84,7.34,Sugarcane,Harvest,No,Central
Silt,4.92,39.13,31.48,54.56,718.92,18.75,Rice,Harvest,No,East
Sandy,6.49,62.6,28.06,41.96,1694.28,9.58,Rice,Flowering,No,North
Loamy,5.33,50.62,13.77,38.22,824.76,8.29,Wheat,Vegetative,No,Central
Clay,5.42,56.46,24.69,34.77,478.79,4.29,Maize,Flowering,No,North
Sandy,6.04,28.18,12.3,25.8,1933.88,6.43,Potato,Harvest,Yes,South
Clay,6.27,39.6,31.86,44.64,523.97,0.54,Potato,Harvest,No,North
Silt,6.92,43.08,27.24,37.0,2146.56,13.37,Sugarcane,Flowering,No,East
Loamy,5.05,26.33,15.8,43.06,951.02,12.31,Rice,Flowering,No,East
Clay,6.51,40.5,28.27,30.31,1892.11,8.36,Wheat,Sowing,Yes,South
Clay,5.42,21.49,38.95,48.91,648.99,19.36,Cotton,Flowering,No,West
Silt,6.75,16.17,22.21,61.4,1631.84,14.02,Rice,Flowering,Yes,South
Clay,6.97,29.32,41.47,91.12,531.33,5.23,Rice,Harvest,Yes,West
Clay,6.69,50.14,40.78,49.3,54.59,7.88,Sugarcane,Sowing,No,South
Silt,7.31,60.22,35.56,27.17,2036.51,10.56,Maize,Flowering,Yes,Central
Sandy,5.94,34.09,36.41,50.37,2140.41,11.13,Potato,Sowing,No,South
Silt,7.4,44.64,24.32,82.21,2201.44,5.87,Sugarcane,Sowing,Yes,West
Sandy,6.27,13.87,24.08,48.81,90.74,5.36,Cotton,Flowering,Yes,East
Loamy,6.45,59.55,40.63,45.42,1902.3,6.34,Maize,Flowering,Yes,North
Sandy,7.0,40.41,22.99,89.33,2089.68,19.29,Sugarcane,Harvest,Yes,North
Sandy,4.86,52.48,14.91,45.81,779.25,7.51,Rice,Sowing,Yes,North
Loamy,7.02,53.28,16.58,92.92,1176.13,7.8,Sugarcane,Harvest,Yes,West
Sandy,6.9,22.62,33.31,83.28,1019.79,14.54,Maize,Flowering,No,Central
Silt,5.85,38.16,23.49,72.9,1100.26,3.67,Wheat,Sowing,No,East
Sandy,5.09,62.75,17.98,66.88,2116.76,13.04,Wheat,Sowing,No,West
Loamy,5.11,13.11,36.41,40.73,1044.67,13.49,Cotton,Vegetative,No,Central
Silt,7.94,46.93,26.66,76.13,755.91,1.76,Sugarcane,Flowering,Yes,South
Loamy,7.14,62.85,29.03,49.3,325.96,4.2,Rice,Vegetative,Yes,West
Loamy,5.23,25.13,16.62,58.99,1687.1,9.6,Potato,Vegetative,Yes,Central
Clay,6.01,57.1,17.78,32.28,210.51,16.79,Cotton,Sowing,Yes,East
Clay,6.81,61.22,15.78,45.73,152.96,14.78,Cotton,Harvest,Yes,North
Loamy,7.64,50.58,27.44,62.04,1703.95,17.53,Cotton,Sowing,Yes,South
Loamy,4.95,21.19,35.27,57.76,1735.72,17.09,Maize,Vegetative,Yes,South
Loamy,5.6,27.04,33.97,49.05,497.7,10.47,Potato,Flowering,Yes,North
Clay,7.83,10.04,19.84,58.04,2392.96,12.63,Wheat,Harvest,Yes,East
Clay,4.83,55.39,37.55,77.14,1969.54,18.46,Maize,Vegetative,No,North
Sandy,5.48,56.43,15.17,57.15,1716.07,14.95,Wheat,Vegetative,No,Central
Sandy,8.06,44.06,15.42,60.43,1885.87,7.48,Sugarcane,Flowering,Yes,West
Loamy,6.89,28.09,37.48,74.08,1029.72,7.33,Potato,Sowing,No,East
Silt,5.69,12.38,19.33,83.91,1139.11,7.65,Maize,Vegetative,No,Central
Silt,5.03,50.92,33.24,61.88,2175.54,10.16,Rice,Flowering,Yes,North
Clay,4.9,49.41,12.27,91.37,63.55,7.57,Sugarcane,Flowering,Yes,East
Clay,5.63,60.02,14.81,49.74,2006.05,4.16,Maize,Flowering,No,East
Clay,7.8,49.64,30.28,42.68,1118.92,12.1,Rice,Sowing,Yes,North
Loamy,6.21,55.24,17.47,73.52,1159.92,17.45,Sugarcane,Flowering,No,Central
Silt,7.25,50.52,12.85,37.3,814.25,10.1,Sugarcane,Vegetative,Yes,West
Sandy,7.92,43.95,26.01,88.0,1517.68,4.77,Rice,Flowering,No,South
Loamy,6.19,32.34,21.92,52.06,1689.18,16.35,Potato,Flowering,Yes,South
Sandy,5.45,59.42,36.07,73.87,401.88,15.24,Potato,Vegetative,Yes,West
Sandy,6.56,45.11,36.56,64.91,1414.29,14.15,Rice,Flowering,Yes,West
Loamy,7.89,30.71,30.43,28.81,1162.28,13.66,Cotton,Vegetative,No,South
Sandy,7.53,12.76,20.79,74.64,1954.77,15.75,Maize,Sowing,Yes,South
Silt,5.02,24.57,25.85,80.3,1363.22,16.69,Potato,Sowing,Yes,South
Sandy,7.15,38.99,33.07,93.77,1073.93,18.01,Wheat,Flowering,No,West
Silt,6.74,23.71,14.08,54.13,1322.33,12.39,Potato,Sowing,No,Central
Silt,7.89,20.61,21.97,60.21,1226.42,8.18,Rice,Sowing,Yes,North
Silt,5.22,38.06,36.67,86.24,2337.94,2.25,Wheat,Harvest,No,Central
Clay,6.62,17.68,24.18,43.84,779.72,14.59,Potato,Flowering,No,North
Sandy,7.79,53.62,30.74,38.24,93.37,3.25,Cotton,Vegetative,Yes,South
Loamy,6.19,35.61,14.89,34.3,1654.99,17.44,Potato,Vegetative,No,West
Loamy,6.44,40.71,35.31,93.48,1509.61,8.41,Wheat,Vegetative,Yes,South
Sandy,5.04,16.4,15.01,43.93,2274.92,17.58,Rice,Vegetative,No,Central
Clay,5.75,26.5,37.85,78.02,293.69,10.61,Potato,Harvest,No,North
Clay,5.9,31.38,15.2,56.48,1306.61,9.34,Maize,Vegetative,Yes,East
Silt,8.01,54.07,38.73,41.84,376.93,7.59,Wheat,Harvest,Yes,North
Sandy,5.76,51.9,22.91,88.93,1139.27,1.7,Sugarcane,Flowering,No,North
Sandy,6.37,20.71,30.74,57.47,1998.42,0.72,Potato,Sowing,Yes,West
Loamy,7.08,43.12,37.4,64.62,2143.47,10.42,Wheat,Harvest,No,North
Sandy,5.35,21.88,12.31,40.57,2084.65,18.07,Cotton,Harvest,No,Central
Clay,6.45,64.33,19.97,47.69,1368.51,11.93,Cotton,Vegetative,Yes,East
Sandy,7.31,62.27,39.25,77.34,1584.9,17.32,Rice,Sowing,No,East
Loamy,7.75,40.11,23.65,49.01,1378.91,20.0,Maize,Vegetative,No,North
Silt,6.93,47.84,33.19,60.42,1403.09,3.98,Wheat,Flowering,No,South
Loamy,7.07,53.68,16.2,33.0,2212.88,13.36,Potato,Flowering,Yes,Central
Loamy,5.23,49.1,32.35,84.5,523.18,8.63,Rice,Sowing,No,Central
Silt,8.02,47.89,14.19,76.63,1096.91,4.57,Maize,Harvest,Yes,South
Loamy,5.25,62.64,33.52,78.25,1525.16,5.2,Cotton,Sowing,No,West
Loamy,7.43,42.0,21.71,37.47,1913.38,5.27,Wheat,Sowing,No,West
Sandy,5.7,44.27,25.98,59.66,1904.72,14.73,Rice,Harvest,No,West
Sandy,7.97,56.41,16.99,26.93,293.12,7.42,Wheat,Sowing,No,South
Silt,7.25,46.18,30.84,47.06,554.77,5.49,Wheat,Flowering,Yes,West
Sandy,7.36,49.78,22.13,49.36,2278.8,17.78,Sugarcane,Sowing,Yes,West
Sandy,5.54,21.35,23.5,88.96,893.8,1.17,Cotton,Vegetative,No,North
Loamy,6.31,29.16,31.57,94.49,6.78,14.84,Potato,Flowering,Yes,South
Clay,6.9,16.4,17.37,68.24,499.49,19.23,Maize,Harvest,Yes,West
Sandy,7.42,36.83,37.56,61.17,2423.88,12.7,Cotton,Harvest,No,Central
Clay,5.15,33.98,34.18,55.81,774.37,11.19,Rice,Vegetative,No,West
Sandy,8.07,64.84,29.33,26.28,1534.29,1.7,Potato,Harvest,Yes,North
Sandy,7.83,42.84,15.85,81.01,1816.62,10.31,Cotton,Harvest,No,South
Silt,5.72,52.83,32.61,72.03,1616.46,7.55,Rice,Flowering,No,West
Silt,7.6,27.04,12.54,70.45,943.92,15.67,Cotton,Flowering,No,North
Silt,6.56,55.4,36.13,81.63,1076.04,16.33,Rice,Vegetative,No,West
Clay,6.37,43.06,21.11,89.96,2094.96,3.77,Rice,Flowering,Yes,East
Loamy,5.87,47.73,15.52,52.27,1656.96,10.68,Wheat,Sowing,Yes,West
Sandy,6.78,24.78,16.93,54.85,58.59,17.27,Sugarcane,Vegetative,Yes,West
Sandy,7.28,39.27,40.89,93.26,508.64,12.68,Potato,Flowering,No,East
Sandy,6.2,44.14,35.21,71.51,715.74,9.88,Sugarcane,Harvest,No,South
Clay,6.94,41.58,19.14,84.59,913.72,18.01,Wheat,Harvest,Yes,West
Silt,7.18,60.17,40.9,40.51,1442.23,19.35,Sugarcane,Harvest,No,South
Loamy,7.22,59.2,16.2,47.2,916.28,5.09,Potato,Harvest,Yes,North
Clay,4.98,63.35,34.01,52.41,2062.53,4.06,Maize,Flowering,Yes,Central
Silt,7.72,46.04,31.7,47.19,1184.59,17.36,Wheat,Vegetative,No,South
Clay,6.36,63.4,36.64,86.9,1255.45,5.24,Sugarcane,Vegetative,No,West
Loamy,5.69,55.45,23.45,60.81,1068.47,17.03,Potato,Sowing,Yes,North
Silt,5.62,23.44,24.06,91.76,776.17,6.37,Wheat,Sowing,Yes,North
Clay,6.44,32.36,30.74,47.49,1812.0,0.87,Wheat,Harvest,No,Central
Loamy,7.82,21.59,23.95,27.61,573.91,8.73,Wheat,Sowing,No,East
Sandy,6.09,8.24,13.24,34.66,1723.72,1.29,Sugarcane,Sowing,No,North
Loamy,7.35,18.72,33.89,40.19,1324.27,4.56,Potato,Sowing,No,West
Sandy,5.13,8.23,31.23,69.8,255.66,9.85,Sugarcane,Vegetative,No,Central
Clay,6.42,49.03,24.71,37.68,44.92,1.25,Potato,Vegetative,No,West
Silt,8.17,32.26,21.08,51.7,423.61,1.15,Maize,Vegetative,Yes,East
Silt,7.42,25.82,21.62,80.68,1902.55,3.53,Wheat,Vegetative,Yes,West
Clay,5.52,51.42,34.23,33.73,961.49,9.52,Sugarcane,Harvest,Yes,East
Silt,6.5,55.45,33.87,30.63,2012.19,19.49,Maize,Harvest,Yes,Central
Silt,5.59,63.59,36.57,62.8,1254.76,2.32,Cotton,Sowing,No,West
Sandy,6.19,44.59,34.87,73.86,81.87,12.63,Maize,Flowering,Yes,South
Clay,7.45,34.31,34.74,88.77,2115.25,10.19,Sugarcane,Sowing,Yes,West
Loamy,7.42,25.4,19.55,71.34,2340.66,1.67,Cotton,Vegetative,Yes,South
Sandy,5.58,20.67,15.05,91.23,185.54,1.17,Rice,Vegetative,No,South
Clay,7.94,20.14,34.85,42.12,520.88,4.83,Sugarcane,Sowing,No,West
Sandy,6.81,31.32,14.96,48.93,1788.88,13.85,Maize,Harvest,No,South
Loamy,6.09,64.53,41.46,83.75,2492.94,19.27,Cotton,Flowering,Yes,North
Loamy,6.51,8.05,38.25,81.77,2190.76,11.34,Wheat,Flowering,No,North
Clay,6.86,19.24,28.0,71.54,247.37,1.39,Maize,Harvest,No,West
Loamy,6.7,18.74,22.57,60.42,1518.09,5.53,Sugarcane,Sowing,No,North
Sandy,6.45,48.88,27.81,26.24,1663.01,18.88,Maize,Vegetative,Yes,South
Loamy,6.52,28.09,34.03,44.63,1577.08,0.74,Wheat,Harvest,No,Central
Sandy,5.4,34.06,34.69,36.08,1420.15,12.24,Rice,Flowering,Yes,West
Sandy,7.56,16.47,14.21,28.58,730.51,3.99,Maize,Harvest,No,East
Loamy,6.64,31.08,36.15,79.33,1671.27,1.79,Sugarcane,Flowering,Yes,North
Clay,5.25,13.88,31.24,34.19,1821.13,5.46,Cotton,Vegetative,No,North
Silt,7.4,38.38,13.22,50.02,1439.42,18.77,Rice,Sowing,Yes,South
Loamy,7.97,13.58,21.39,93.42,1242.89,15.35,Rice,Sowing,Yes,North
Sandy,8.02,53.06,27.32,53.64,547.58,3.84,Wheat,Harvest,No,West
Sandy,6.05,40.3,17.65,34.91,1361.81,1.78,Rice,Sowing,No,Central
Loamy,5.26,49.27,16.66,73.28,320.63,10.12,Rice,Harvest,No,North
Clay,6.56,31.86,12.43,81.7,181.79,1.53,Rice,Vegetative,No,West
Clay,5.18,29.75,39.35,44.54,1944.63,8.38,Potato,Flowering,Yes,Central
Sandy,7.98,13.6,13.68,81.65,1690.68,16.1,Sugarcane,Harvest,Yes,North
Sandy,5.42,37.86,22.98,44.01,1622.58,10.26,Rice,Vegetative,Yes,East
Clay,5.66,37.33,18.17,73.52,2320.32,17.99,Potato,Flowering,Yes,West
Silt,6.18,34.68,34.23,33.74,951.93,15.93,Potato,Harvest,No,South
Loamy,6.1,50.21,33.22,54.95,999.33,11.33,Maize,Flowering,Yes,South
Sandy,7.5,55.45,36.19,61.43,1034.37,15.91,Rice,Sowing,No,Central
Sandy,6.35,50.8,30.5,75.77,1163.21,2.35,Wheat,Vegetative,Yes,West
Clay,5.38,16.2,29.75,70.5,1282.11,4.43,Rice,Sowing,Yes,Central
Loamy,5.71,43.46,24.21,84.73,1945.04,14.16,Maize,Flowering,No,West
Clay,6.53,12.58,31.09,37.9,544.26,0.61,Wheat,Flowering,No,North
Loamy,5.3,47.59,15.46,71.29,1085.21,0.59,Sugarcane,Sowing,No,North
Loamy,6.88,29.76,32.54,33.94,1262.82,7.92,Wheat,Vegetative,No,West
Loamy,6.72,15.55,15.12,58.47,422.79,17.41,Maize,Vegetative,No,Central
Sandy,7.23,57.14,37.85,61.72,1754.86,19.63,Wheat,Vegetative,Yes,West
Silt,7.99,43.0,27.17,26.91,140.68,13.17,Cotton,Sowing,No,North
Clay,7.9,28.22,27.91,29.92,1464.78,19.03,Maize,Sowing,No,South
Silt,8.02,9.75,29.55,83.75,505.36,17.03,Wheat,Flowering,No,North
Clay,5.63,38.63,35.28,45.08,21.17,4.43,Rice,Harvest,No,East
Loamy,5.25,60.62,26.35,49.23,789.43,8.38,Wheat,Vegetative,Yes,Central
Sandy,5.83,41.99,24.83,69.83,1072.85,12.66,Rice,Sowing,Yes,Central
Silt,7.84,63.38,20.65,40.45,2043.25,3.45,Potato,Flowering,Yes,Central
Sandy,8.1,15.78,15.84,38.5,1019.61,6.61,Cotton,Sowing,Yes,East
Clay,7.72,40.39,17.71,54.51,2288.59,15.25,Sugarcane,Flowering,No,Central
Sandy,5.17,53.49,12.02,29.13,2106.35,7.22,Maize,Vegetative,No,East
Sandy,8.02,37.96,38.08,89.19,481.84,18.56,Sugarcane,Flowering,Yes,South
Silt,6.24,13.19,34.95,90.81,389.29,8.43,Wheat,Harvest,Yes,North
Loamy,4.83,41.22,18.56,56.37,609.61,4.79,Potato,Sowing,Yes,North
Sandy,6.3,42.87,12.07,39.65,899.2,4.6,Potato,Sowing,Yes,North
Loamy,4.96,49.54,26.76,57.94,1458.7,13.9,Cotton,Vegetative,No,East
Clay,6.65,51.39,24.38,32.0,310.2,7.68,Wheat,Harvest,No,North
Sandy,5.95,51.93,35.28,52.85,1330.1,5.13,Cotton,Vegetative,No,South
Silt,6.41,45.82,24.09,30.16,1451.93,14.03,Sugarcane,Harvest,No,West
Clay,6.88,20.3,37.92,74.43,1652.23,8.72,Potato,Sowing,Yes,South
Clay,7.75,31.04,14.88,44.3,1375.23,17.0,Cotton,Sowing,Yes,North
Silt,7.05,52.24,22.98,61.45,2062.93,11.21,Wheat,Vegetative,Yes,Central
Sandy,6.28,62.35,40.02,25.95,1603.98,19.46,Cotton,Harvest,No,West
Sandy,7.59,12.5,12.35,61.72,2311.38,7.8,Rice,Sowing,Yes,West
Clay,7.88,38.53,23.72,25.23,1752.31,6.0,Potato,Vegetative,Yes,West
Sandy,5.21,25.81,19.79,89.76,1090.28,13.07,Potato,Flowering,No,Central
Loamy,6.61,20.85,27.96,60.08,524.21,14.31,Rice,Harvest,No,West
Silt,5.77,36.83,20.36,32.0,26.3,0.83,Cotton,Sowing,Yes,East
Loamy,4.96,42.55,38.1,48.87,226.01,13.55,Cotton,Vegetative,No,Central
Sandy,7.07,8.56,40.11,28.22,474.19,4.03,Cotton,Sowing,Yes,East
Clay,7.73,52.47,37.47,62.16,541.1,19.2,Cotton,Sowing,Yes,Central
Silt,5.35,54.73,23.96,33.56,1855.11,11.73,Cotton,Flowering,Yes,North
Sandy,7.56,63.03,41.7,58.12,965.14,2.97,Rice,Vegetative,No,West
Sandy,7.7,18.3,34.05,46.39,811.35,1.53,Maize,Flowering,Yes,Central
Clay,7.91,41.89,22.67,78.31,130.92,17.65,Sugarcane,Flowering,No,East
Clay,5.7,32.32,14.81,58.76,1346.65,17.09,Rice,Harvest,Yes,South
Loamy,7.87,27.09,32.01,84.37,1532.27,8.96,Cotton,Harvest,No,West
Silt,5.89,40.24,33.86,90.89,2194.64,2.21,Maize,Flowering,No,East
Silt,6.68,52.6,15.67,92.87,1257.11,8.1,Maize,Harvest,No,South
Clay,4.97,9.31,28.49,43.21,19.3,15.33,Potato,Harvest,No,Central
Loamy,4.95,63.26,41.61,78.73,163.2,13.4,Potato,Flowering,No,West
Silt,7.25,54.16,21.79,55.67,677.51,17.37,Sugarcane,Sowing,No,South
Clay,6.31,50.82,21.06,54.83,347.96,15.15,Wheat,Vegetative,No,East
Sandy,5.67,51.34,39.1,85.78,1926.47,6.94,Potato,Harvest,Yes,South
Silt,5.45,30.18,15.52,35.2,269.64,7.15,Wheat,Flowering,Yes,Central
Loamy,7.08,50.84,40.01,58.45,401.96,13.13,Potato,Sowing,No,Central
Loamy,4.8,30.05,35.38,66.5,1666.97,6.55,Wheat,Vegetative,Yes,Central
Loamy,7.54,59.23,23.73,29.63,599.07,17.42,Wheat,Vegetative,No,Central
Sandy,5.07,18.1,14.51,85.52,2422.7,6.89,Rice,Sowing,No,Central
Silt,5.45,24.66,12.58,47.0,2157.97,10.03,Rice,Flowering,Yes,North
Silt,6.11,39.43,23.27,70.98,1861.35,1.34,Cotton,Sowing,Yes,South
Sandy,6.45,26.2,33.16,89.97,857.84,2.8,Maize,Vegetative,No,East
Silt,6.01,32.18,26.63,75.38,141.95,3.07,Rice,Harvest,No,West
Sandy,5.89,36.07,34.16,87.02,841.0,7.21,Potato,Harvest,No,South
Sandy,8.08,56.81,32.12,29.87,941.82,2.77,Rice,Flowering,Yes,North
Sandy,6.98,37.82,29.19,59.49,318.58,9.41,Sugarcane,Vegetative,Yes,South
Loamy,4.88,28.66,41.02,64.54,301.6,5.75,Rice,Harvest,No,West
Silt,6.26,22.12,33.85,73.23,1670.27,5.81,Wheat,Flowering,No,West
Sandy,7.78,31.29,39.44,33.18,581.01,9.19,Rice,Flowering,No,South
Silt,5.82,37.4,19.26,70.98,1695.03,17.15,Wheat,Sowing,No,East
Loamy,5.12,50.53,33.41,35.22,1370.75,15.35,Potato,Flowering,No,East
Sandy,7.38,14.9,29.93,29.73,2253.66,17.73,Potato,Flowering,Yes,West
Clay,6.86,20.63,39.73,57.85,1992.92,19.81,Rice,Sowing,No,West
Loamy,6.74,29.64,27.31,67.03,378.43,0.72,Cotton,Flowering,Yes,South
Clay,4.98,28.54,20.39,92.07,1525.4,14.0,Cotton,Sowing,No,Central
Silt,5.28,30.33,23.55,73.9,1632.82,2.84,Potato,Vegetative,Yes,West
Silt,6.92,53.23,18.56,66.4,2155.14,18.77,Sugarcane,Harvest,No,South
Loamy,5.51,26.48,18.6,40.02,1602.39,4.92,Maize,Vegetative,No,North
Silt,6.51,36.61,26.11,35.64,351.79,7.32,Sugarcane,Harvest,Yes,North
Clay,6.65,43.56,38.78,67.51,646.12,19.59,Rice,Harvest,No,East
Sandy,5.76,21.23,17.76,40.61,1594.0,17.41,Potato,Harvest,No,East
Sandy,8.02,48.97,20.64,74.46,2279.86,1.42,Rice,Sowing,No,West
Sandy,7.66,39.19,37.59,33.01,2228.82,1.41,Rice,Harvest,Yes,South
Loamy,7.26,33.47,22.18,48.77,897.97,16.47,Potato,Flowering,No,North
Silt,5.07,54.16,40.87,79.12,2076.68,1.87,Rice,Vegetative,Yes,South
Clay,5.16,21.88,20.07,83.17,1278.22,17.11,Potato,Vegetative,No,North
Silt,6.48,58.34,25.26,49.17,1160.86,18.53,Wheat,Flowering,No,West
Silt,5.35,39.98,14.87,39.47,877.22,0.96,Maize,Flowering,No,South
Silt,8.13,42.72,41.77,92.07,1695.51,4.79,Cotton,Sowing,Yes,East
Sandy,5.34,57.88,38.7,78.28,1498.99,0.95,Potato,Sowing,Yes,South
Clay,6.46,54.6,36.53,81.49,936.66,1.92,Maize,Vegetative,Yes,East
Clay,6.04,42.29,16.72,40.59,1907.1,10.91,Wheat,Flowering,Yes,North
Silt,6.97,50.93,41.08,54.71,948.36,14.74,Potato,Flowering,No,South
Sandy,5.24,32.7,39.87,29.77,1460.97,9.85,Potato,Flowering,No,East
Sandy,6.26,39.2,25.07,32.66,980.96,8.03,Potato,Sowing,No,South
Clay,5.73,11.54,32.45,40.47,292.19,4.53,Rice,Sowing,Yes,West
Sandy,7.82,13.12,41.77,46.23,402.99,5.11,Wheat,Sowing,Yes,East
Sandy,4.94,55.28,24.29,94.8,1641.85,11.86,Cotton,Vegetative,No,Central
Sandy,7.91,11.4,15.39,54.55,2028.06,17.19,Maize,Harvest,No,North
Loamy,7.63,17.66,38.03,73.85,1171.16,8.39,Rice,Flowering,Yes,South
Silt,5.81,53.36,26.29,88.31,813.97,18.82,Sugarcane,Harvest,Yes,South
Clay,7.48,8.07,41.61,42.22,841.24,1.52,Cotton,Harvest,No,North
Clay,4.91,24.1,28.53,35.13,1494.12,16.67,Rice,Sowing,Yes,East
Loamy,8.09,41.29,12.88,42.03,1169.22,7.1,Potato,Flowering,No,North
Silt,6.59,41.94,26.75,86.77,1.85,17.44,Sugarcane,Sowing,Yes,South
Clay,5.83,52.3,33.54,71.6,1928.68,18.43,Cotton,Harvest,No,Central
Sandy,6.03,36.84,12.78,56.59,355.79,14.16,Rice,Flowering,Yes,South
Clay,5.03,37.04,24.4,82.42,1687.03,7.42,Sugarcane,Vegetative,Yes,West
Sandy,8.16,49.34,16.67,41.57,860.53,9.41,Rice,Vegetative,No,East
Loamy,4.93,36.42,31.29,41.74,1445.01,11.26,Maize,Harvest,Yes,Central
Sandy,7.03,42.68,40.72,64.71,2137.79,9.51,Potato,Harvest,No,North
Clay,6.31,59.17,30.74,80.3,385.68,15.93,Potato,Vegetative,No,East
Clay,8.03,30.88,32.85,43.17,1944.09,15.54,Potato,Sowing,No,South
Clay,5.64,29.95,23.9,39.7,95.77,0.75,Maize,Flowering,No,Central
Loamy,6.61,8.2,28.89,58.18,2303.42,3.46,Sugarcane,Flowering,Yes,North
Loamy,6.44,42.97,28.32,34.39,503.97,7.59,Maize,Harvest,No,North
Silt,7.19,9.7,34.79,77.35,1986.03,13.61,Potato,Sowing,No,South
Clay,5.03,36.74,37.71,65.41,168.05,4.98,Maize,Flowering,No,North
Sandy,5.46,53.84,31.89,60.88,817.62,6.79,Cotton,Sowing,Yes,West
Loamy,5.53,39.35,41.39,86.06,1583.87,9.51,Wheat,Flowering,Yes,West
Clay,7.31,23.37,36.85,76.28,1647.06,12.0,Maize,Vegetative,Yes,Central
Clay,5.44,52.81,15.74,35.45,1747.02,18.09,Sugarcane,Harvest,No,East
Loamy,6.75,23.37,27.22,54.43,877.15,16.19,Cotton,Harvest,No,West
Silt,5.53,49.78,39.1,47.49,1665.02,7.5,Sugarcane,Flowering,Yes,East
Loamy,7.73,42.78,40.32,81.14,1071.25,15.48,Maize,Flowering,Yes,Central
Loamy,8.0,17.69,23.41,75.33,1414.8,16.74,Rice,Flowering,No,North
Sandy,6.56,59.59,33.77,58.04,1368.07,10.69,Rice,Sowing,Yes,West
Sandy,6.0,19.44,24.32,82.66,420.35,6.27,Maize,Flowering,No,West
Silt,5.6,64.41,15.71,53.7,2116.5,18.89,Rice,Sowing,Yes,South
Clay,4.97,8.42,38.54,81.25,2167.85,19.26,Wheat,Flowering,No,Central
Loamy,5.71,23.02,39.96,27.25,509.31,4.88,Sugarcane,Flowering,No,East
Silt,7.02,19.39,27.14,34.42,1041.33,15.81,Potato,Harvest,No,East
Sandy,6.61,8.8,12.55,77.92,1162.19,1.31,Wheat,Sowing,No,West
Loamy,8.01,49.74,36.48,33.01,1372.31,0.55,Cotton,Vegetative,Yes,South
Clay,6.15,47.53,26.31,72.86,55.68,7.36,Potato,Vegetative,No,South
Sandy,7.16,53.16,14.25,75.65,1897.04,9.52,Maize,Vegetative,Yes,West
Sandy,6.46,22.63,17.68,71.35,2154.9,11.15,Sugarcane,Harvest,No,South
Sandy,6.54,33.33,16.56,82.28,355.48,7.88,Potato,Sowing,No,East
Silt,5.71,45.57,32.59,60.81,2241.57,3.01,Maize,Vegetative,No,North
Clay,6.35,33.07,20.98,87.79,2127.28,7.22,Maize,Sowing,No,Central
Loamy,6.4,47.75,15.83,64.86,1355.64,16.53,Wheat,Sowing,No,North
Silt,7.2,44.14,39.53,60.55,686.83,7.05,Rice,Flowering,No,West
Silt,8.0,14.53,40.7,60.66,518.72,12.05,Rice,Harvest,Yes,North
Silt,5.92,52.52,16.16,88.85,1222.81,13.78,Sugarcane,Vegetative,Yes,Central
Sandy,4.94,49.08,18.91,42.06,1268.01,14.78,Sugarcane,Vegetative,No,East
Clay,6.49,45.38,29.76,73.65,1629.67,10.02,Sugarcane,Harvest,No,Central
Silt,6.65,16.84,16.52,41.98,2004.09,2.95,Cotton,Harvest,No,South
Loamy,5.37,23.28,16.76,31.45,2336.25,18.06,Potato,Flowering,Yes,West
Clay,7.39,30.41,22.1,91.76,1990.7,5.58,Rice,Sowing,Yes,Central
Loamy,8.15,23.96,40.48,34.08,2272.61,7.11,Cotton,Flowering,Yes,South
Clay,8.02,20.99,40.87,73.03,1248.42,15.59,Sugarcane,Flowering,Yes,South
Loamy,5.47,53.91,37.25,54.72,97.21,15.39,Wheat,Vegetative,Yes,South
Sandy,7.78,44.38,32.87,83.6,129.58,17.98,Sugarcane,Vegetative,Yes,Central
Silt,7.2,40.23,33.62,79.12,671.22,1.16,Wheat,Sowing,Yes,North
Loamy,6.34,20.88,26.09,35.06,1534.97,17.55,Rice,Sowing,Yes,Central
Clay,6.64,60.33,27.9,57.75,838.06,15.95,Maize,Flowering,No,South
Silt,7.69,18.9,31.03,26.93,415.36,10.74,Maize,Harvest,Yes,North
Silt,6.43,53.31,33.94,55.07,2126.24,3.61,Sugarcane,Flowering,No,West
Clay,6.07,63.1,14.91,74.02,2462.49,11.13,Rice,Harvest,No,South
Loamy,6.48,49.44,18.75,41.25,41.6,4.28,Wheat,Sowing,Yes,East
Sandy,6.77,64.59,40.89,81.7,223.56,19.32,Maize,Sowing,Yes,Central
Sandy,5.44,45.11,22.05,28.72,1248.35,14.32,Maize,Vegetative,No,South
Loamy,7.86,20.4,20.05,27.42,844.17,12.13,Rice,Vegetative,Yes,West
Silt,7.09,19.62,24.66,26.92,1955.38,16.36,Wheat,Flowering,Yes,Central
Silt,6.95,26.5,20.73,44.6,1635.76,10.88,Maize,Sowing,Yes,South
Silt,5.14,8.41,14.74,57.7,171.28,1.68,Rice,Vegetative,No,West
Silt,6.85,46.86,18.24,32.52,1362.21,5.55,Rice,Harvest,No,North
Loamy,5.21,23.31,31.2,94.77,841.33,19.64,Cotton,Sowing,No,South
Silt,5.07,54.47,18.7,94.97,2412.78,17.09,Potato,Harvest,Yes,South
Clay,6.59,28.47,31.43,61.39,1188.2,18.59,Rice,Flowering,Yes,North
Silt,6.17,35.36,15.0,64.76,2319.16,2.41,Maize,Flowering,Yes,North
Sandy,6.8,63.04,13.26,89.88,75.44,5.34,Wheat,Vegetative,No,North
Silt,5.1,21.8,37.85,78.89,258.19,1.73,Potato,Sowing,No,North
Loamy,6.27,49.11,34.8,36.76,965.67,16.53,Rice,Harvest,Yes,Central
Sandy,5.39,51.04,31.98,80.47,2217.39,3.89,Maize,Sowing,Yes,North
Loamy,8.16,20.6,12.93,41.17,1361.51,8.5,Potato,Vegetative,No,North
Loamy,6.71,36.56,19.18,55.12,2060.35,5.76,Potato,Harvest,Yes,East
Sandy,7.14,27.96,36.37,62.28,708.82,18.64,Cotton,Vegetative,No,West
Loamy,5.91,52.0,16.34,75.19,278.74,12.36,Wheat,Harvest,No,West
Loamy,5.12,43.48,36.39,35.51,615.1,16.09,Sugarcane,Harvest,No,Central
Silt,8.12,35.13,29.53,30.33,1613.26,12.24,Sugarcane,Flowering,No,Central
Clay,5.77,52.42,34.21,85.63,2178.54,12.44,Potato,Flowering,Yes,East
Loamy,6.24,21.4,31.34,82.88,1137.5,7.97,Rice,Sowing,Yes,North
Loamy,7.01,50.96,24.51,61.63,484.04,5.16,Sugarcane,Sowing,No,North
Loamy,4.88,57.33,20.76,71.37,1594.03,7.29,Wheat,Vegetative,Yes,East
Silt,7.55,58.08,32.18,75.35,492.33,6.25,Wheat,Flowering,No,North
Clay,6.62,52.67,36.21,58.36,1425.72,13.98,Maize,Flowering,Yes,South
Sandy,5.75,31.26,13.34,43.01,255.73,8.74,Sugarcane,Vegetative,No,West
Silt,5.01,63.96,23.4,58.7,2027.84,11.23,Sugarcane,Harvest,Yes,South
Silt,5.35,29.64,22.52,91.56,2012.92,15.53,Potato,Harvest,Yes,East
Clay,7.84,44.4,28.78,83.65,1353.14,5.7,Maize,Flowering,No,Central
Clay,7.13,17.18,15.42,57.59,95.46,8.76,Sugarcane,Sowing,No,East
Silt,5.65,63.89,40.0,40.79,700.46,10.63,Sugarcane,Flowering,No,West
Sandy,5.02,48.13,28.46,87.27,345.71,1.55,Wheat,Sowing,No,East
Silt,7.15,50.94,39.71,69.68,1308.64,3.47,Sugarcane,Sowing,Yes,South
Clay,6.75,11.75,36.51,53.33,254.34,1.74,Sugarcane,Flowering,Yes,North
Sandy,6.18,51.51,17.75,32.82,2174.32,15.17,Sugarcane,Vegetative,No,South
Clay,6.04,52.16,15.97,77.62,2125.41,6.35,Cotton,Sowing,No,West
Sandy,5.54,46.29,37.84,47.19,390.25,8.74,Sugarcane,Sowing,Yes,Central
Loamy,7.08,24.64,28.08,67.44,1737.22,13.61,Cotton,Sowing,No,East
Clay,8.1,35.91,12.59,64.87,1741.26,19.35,Cotton,Sowing,No,West
Clay,5.4,14.29,40.03,73.97,991.89,16.32,Potato,Harvest,No,East
Silt,6.83,34.88,26.19,62.63,382.5,1.63,Sugarcane,Vegetative,No,West
Clay,6.24,21.9,21.03,69.13,330.27,6.46,Maize,Vegetative,Yes,East
Clay,6.32,27.9,27.5,30.71,1848.69,1.46,Sugarcane,Flowering,Yes,South
Loamy,5.66,17.27,36.69,71.57,550.44,1.7,Potato,Harvest,Yes,North
Clay,7.61,21.11,15.31,38.59,1508.63,2.99,Cotton,Sowing,Yes,South
Loamy,6.45,12.36,22.77,52.44,2164.7,6.76,Potato,Sowing,Yes,South
Loamy,6.65,60.43,21.57,60.88,1482.75,5.01,Potato,Sowing,No,East
Loamy,5.84,38.23,37.19,73.08,2434.91,7.37,Sugarcane,Sowing,Yes,Central
Loamy,5.42,30.61,35.35,76.97,1613.75,16.53,Potato,Harvest,Yes,West
Sandy,5.09,38.5,24.0,74.34,786.51,16.05,Maize,Vegetative,No,South
Silt,7.23,43.81,31.93,31.66,2131.17,7.34,Maize,Sowing,Yes,Central
Sandy,5.47,60.55,23.83,52.08,777.28,13.37,Rice,Sowing,Yes,South
Clay,7.15,18.19,29.14,44.65,2428.93,7.77,Wheat,Flowering,No,South
Sandy,6.13,24.85,41.74,52.89,1194.33,8.03,Sugarcane,Harvest,Yes,South
Sandy,6.21,63.62,28.07,70.28,2383.12,13.68,Rice,Vegetative,No,Central
Clay,6.4,29.16,41.66,38.5,459.0,7.99,Rice,Flowering,No,South
Clay,6.05,9.29,34.42,60.15,28.5,11.21,Rice,Vegetative,Yes,Central
Clay,5.14,16.42,15.62,86.94,490.33,2.75,Maize,Flowering,Yes,South
Sandy,5.85,9.5,35.88,76.18,245.92,11.01,Sugarcane,Sowing,No,South
Sandy,7.06,64.43,16.84,75.78,1834.89,14.97,Sugarcane,Vegetative,Yes,North
Clay,7.06,23.9,27.97,84.41,661.36,17.82,Sugarcane,Vegetative,No,North
Silt,5.77,60.64,30.4,52.95,1598.69,3.37,Cotton,Vegetative,No,East
Silt,6.36,64.77,38.77,78.16,1671.64,8.51,Wheat,Harvest,Yes,South
Loamy,5.46,42.19,18.31,29.11,1720.61,9.98,Cotton,Vegetative,No,North
Clay,5.52,9.89,38.28,28.95,2081.52,18.14,Maize,Sowing,Yes,Central
Loamy,4.88,12.65,40.03,48.23,372.41,5.52,Rice,Sowing,Yes,Central
Silt,7.85,35.45,14.68,38.78,126.16,3.73,Rice,Sowing,Yes,North
Loamy,5.52,31.15,38.56,61.3,74.26,3.26,Cotton,Flowering,No,North
Clay,5.57,42.55,19.78,37.82,259.48,3.52,Maize,Sowing,No,East
Clay,5.75,33.01,14.43,93.29,947.96,17.46,Wheat,Vegetative,Yes,East
Clay,5.23,61.24,40.76,84.58,2418.44,12.59,Potato,Sowing,Yes,North
Sandy,6.97,38.48,23.77,93.78,883.06,8.7,Wheat,Sowing,No,South
Loamy,5.06,47.54,30.69,81.54,1132.31,17.4,Rice,Flowering,No,East
Silt,5.26,59.1,28.59,91.58,2035.99,6.31,Rice,Vegetative,Yes,Central
Silt,6.99,16.37,18.4,50.77,2296.5,18.59,Sugarcane,Flowering,Yes,South
Silt,5.95,21.09,32.09,59.85,2428.6,15.3,Cotton,Sowing,No,West
Sandy,7.21,14.12,13.38,41.79,2066.13,0.9,Rice,Flowering,No,North
Sandy,6.7,15.96,18.09,69.51,1256.29,9.52,Maize,Harvest,Yes,South
Clay,5.67,37.22,40.34,80.18,573.69,16.93,Wheat,Harvest,No,East
Silt,7.01,26.31,40.61,59.91,1495.92,8.22,Potato,Flowering,Yes,West
Sandy,5.2,32.12,26.48,45.75,491.99,19.75,Potato,Vegetative,Yes,South
Clay,6.62,64.0,17.07,60.54,139.31,17.01,Wheat,Vegetative,Yes,East
Silt,6.29,16.93,24.65,29.4,2298.38,15.18,Potato,Vegetative,No,West
Loamy,5.71,38.83,38.31,75.48,1211.98,3.14,Potato,Vegetative,No,West
Clay,6.85,13.64,14.11,56.61,1270.6,2.6,Maize,Flowering,Yes,Central
Sandy,7.76,26.15,15.84,87.88,1523.05,13.0,Wheat,Sowing,Yes,West
Sandy,8.2,38.07,38.87,89.63,1128.52,13.4,Cotton,Flowering,Yes,West
Clay,6.87,61.96,24.46,33.79,1111.08,3.38,Potato,Vegetative,Yes,South
Clay,6.18,30.3,14.5,94.73,2287.86,17.15,Maize,Vegetative,Yes,South
Sandy,5.57,11.7,16.18,92.89,2041.37,17.54,Sugarcane,Vegetative,Yes,West
Loamy,5.67,30.13,38.47,68.9,531.48,8.62,Potato,Harvest,Yes,North
Silt,6.43,16.31,26.7,82.78,729.44,12.35,Potato,Vegetative,No,East
Loamy,6.05,21.11,16.89,26.29,1651.56,10.46,Wheat,Flowering,No,North
Clay,7.91,43.23,38.82,92.93,1427.73,1.2,Cotton,Flowering,No,Central
Loamy,6.05,11.84,37.36,56.94,1915.4,2.26,Rice,Sowing,Yes,North
Sandy,6.07,34.49,12.69,88.68,1819.08,15.71,Potato,Harvest,No,West
Clay,6.1,42.74,29.43,51.96,1771.37,10.02,Maize,Vegetative,No,Central
Silt,7.64,32.05,19.33,80.17,2200.54,12.41,Rice,Flowering,Yes,North
Sandy,7.01,9.09,27.99,54.26,1916.38,12.45,Sugarcane,Sowing,No,West
Sandy,6.89,64.17,20.38,50.39,607.12,7.9,Rice,Sowing,No,West
Silt,5.94,28.93,21.48,91.27,2182.09,1.07,Wheat,Harvest,Yes,South
Silt,7.58,52.38,30.06,73.94,838.83,15.84,Wheat,Sowing,No,South
Loamy,4.93,26.56,28.17,83.81,2277.24,9.63,Wheat,Sowing,No,Central
Clay,7.76,35.08,23.86,63.04,2060.67,3.21,Wheat,Vegetative,Yes,East
Silt,6.54,30.14,15.23,89.28,185.21,0.91,Maize,Harvest,No,West
Silt,6.15,27.52,41.08,76.8,1928.2,0.84,Cotton,Sowing,Yes,West
Clay,6.49,9.25,17.24,30.05,1250.29,1.15,Wheat,Harvest,No,West
Silt,7.07,28.52,30.99,78.68,2442.78,3.52,Sugarcane,Vegetative,Yes,Central
Silt,4.84,58.7,14.48,26.31,1146.05,5.01,Sugarcane,Sowing,No,North
Loamy,7.76,47.35,32.65,83.03,167.52,5.32,Potato,Sowing,No,North
Sandy,6.32,16.29,14.85,48.23,732.84,12.83,Wheat,Flowering,No,West
Sandy,5.97,41.7,18.89,66.88,1075.52,5.21,Cotton,Vegetative,Yes,East
Sandy,5.27,58.86,31.41,77.46,1479.79,13.64,Sugarcane,Vegetative,Yes,East
Sandy,6.29,47.9,20.49,69.59,380.26,16.56,Maize,Sowing,Yes,South
Silt,6.49,16.48,27.99,72.07,1287.71,8.0,Potato,Vegetative,No,North
Clay,6.17,57.47,15.74,87.49,1208.68,14.51,Cotton,Flowering,No,West
Clay,7.11,25.19,18.07,51.18,2091.66,2.53,Potato,Sowing,No,East
Loamy,6.23,33.88,34.01,63.3,756.01,6.89,Cotton,Flowering,Yes,North
Loamy,8.07,37.99,13.05,37.25,1123.79,13.81,Cotton,Harvest,No,South
Silt,6.84,56.48,15.35,57.73,971.53,18.67,Sugarcane,Sowing,Yes,West
Clay,7.55,61.1,18.45,35.5,1580.58,12.5,Maize,Harvest,No,Central
Clay,5.17,60.99,12.61,69.35,2090.47,7.59,Wheat,Vegetative,Yes,West
Sandy,6.15,8.45,14.86,47.7,1689.06,6.62,Potato,Sowing,No,West
Silt,5.95,60.55,20.44,85.13,1162.62,8.14,Sugarcane,Harvest,Yes,North
Silt,6.74,11.1,14.79,49.05,1594.57,13.23,Cotton,Sowing,No,North
Sandy,7.73,23.15,37.98,45.08,805.61,6.88,Cotton,Harvest,No,North
Silt,5.07,37.35,13.98,59.39,360.25,9.66,Cotton,Vegetative,Yes,East
Silt,5.05,35.36,37.83,37.27,799.29,15.3,Cotton,Harvest,No,South
Loamy,7.69,42.47,36.69,39.27,1109.22,5.14,Sugarcane,Flowering,Yes,North
Clay,5.52,35.33,15.02,79.82,1098.16,14.47,Rice,Vegetative,Yes,South
Silt,7.07,61.26,12.76,59.81,1844.0,15.35,Rice,Sowing,Yes,North
Loamy,6.65,21.71,13.5,39.44,2340.86,17.34,Sugarcane,Sowing,Yes,East
Clay,7.63,23.62,29.71,27.21,972.4,0.97,Rice,Sowing,Yes,South
Sandy,5.23,60.48,32.11,57.65,216.12,2.72,Potato,Flowering,Yes,East
Loamy,5.24,12.37,30.62,76.98,83.53,19.12,Sugarcane,Harvest,Yes,Central
Loamy,6.69,42.74,28.24,49.58,9.88,2.95,Sugarcane,Harvest,Yes,Central
Clay,8.02,46.86,17.24,42.36,2345.25,10.01,Sugarcane,Vegetative,No,East
Sandy,6.21,36.82,37.23,52.75,2489.08,3.76,Cotton,Vegetative,Yes,South
Loamy,5.91,47.57,21.83,92.14,128.46,16.33,Wheat,Vegetative,Yes,Central
Silt,6.86,17.85,41.59,54.62,895.52,2.38,Potato,Vegetative,Yes,West
Silt,7.96,56.6,23.55,43.17,1673.36,2.17,Potato,Vegetative,Yes,Central
Silt,7.65,15.98,19.89,64.85,447.36,10.34,Potato,Harvest,Yes,South
Sandy,8.18,30.85,38.83,81.75,1486.09,5.14,Rice,Vegetative,Yes,South
Loamy,4.88,12.29,29.02,26.56,2034.04,13.4,Sugarcane,Vegetative,No,South
Silt,5.18,39.08,33.66,64.07,2145.22,13.85,Maize,Harvest,Yes,North
Sandy,6.87,46.18,24.25,83.54,1766.05,11.93,Cotton,Harvest,No,West
Silt,7.59,61.65,38.61,40.09,204.41,16.78,Maize,Vegetative,Yes,North
Clay,5.77,50.14,39.53,89.52,870.99,14.1,Potato,Vegetative,Yes,Central
Loamy,5.61,38.84,25.1,65.44,2418.36,4.16,Rice,Sowing,Yes,Central
Loamy,7.48,61.16,19.22,61.17,481.89,2.03,Rice,Vegetative,Yes,North
Sandy,4.99,35.27,31.43,92.46,1134.82,15.08,Maize,Sowing,Yes,South
Sandy,6.06,39.99,40.64,34.08,835.44,14.93,Sugarcane,Harvest,Yes,Central
Loamy,6.52,41.98,30.67,76.81,513.85,17.08,Maize,Vegetative,Yes,East
Silt,6.71,31.37,40.63,82.3,808.84,4.45,Sugarcane,Vegetative,No,Central
Silt,7.28,55.79,22.31,59.2,473.8,4.85,Cotton,Sowing,Yes,West
Clay,6.01,18.56,39.45,25.45,2193.13,11.75,Sugarcane,Vegetative,Yes,Central
Silt,6.88,39.63,15.38,61.7,436.11,3.53,Maize,Flowering,No,South
Sandy,6.79,49.17,22.77,35.75,1558.86,6.28,Wheat,Vegetative,Yes,East
Sandy,6.66,59.53,26.83,64.38,2355.79,16.34,Cotton,Sowing,Yes,North
Silt,6.98,58.38,31.59,76.7,2381.61,7.02,Cotton,Sowing,Yes,South
Sandy,5.68,37.0,20.82,62.18,1501.06,0.72,Maize,Sowing,No,West
Loamy,5.09,44.66,39.73,69.16,677.24,13.19,Potato,Harvest,No,East
Loamy,5.21,30.47,39.1,32.28,619.74,4.02,Wheat,Vegetative,Yes,Central
Silt,5.56,34.69,35.98,31.79,1868.68,4.32,Wheat,Flowering,Yes,North
Loamy,6.5,59.66,15.43,84.57,2451.77,0.82,Potato,Flowering,No,West
Loamy,7.66,61.05,14.35,28.45,193.99,11.77,Rice,Harvest,No,East
Clay,7.18,59.04,26.94,44.9,1973.67,11.46,Wheat,Vegetative,Yes,East
Clay,7.48,15.89,34.96,90.64,307.46,2.38,Rice,Sowing,Yes,South
Loamy,5.99,56.45,15.7,57.12,745.46,1.48,Sugarcane,Harvest,Yes,South
Silt,6.18,62.06,31.24,72.22,1416.56,10.07,Sugarcane,Sowing,Yes,South
Clay,6.14,28.59,27.84,40.52,743.06,15.74,Potato,Flowering,No,East
Sandy,5.45,37.56,33.78,43.94,1625.65,19.1,Potato,Vegetative,Yes,Central
Sandy,5.01,52.41,25.06,60.63,1042.99,1.97,Sugarcane,Flowering,No,East
Sandy,6.81,40.04,32.8,69.67,547.78,14.31,Rice,Harvest,Yes,East
Silt,8.16,64.63,16.79,92.23,1327.33,4.23,Wheat,Vegetative,Yes,North
Loamy,5.37,33.98,18.44,65.21,60.02,1.16,Maize,Flowering,No,Central
Sandy,4.96,48.69,39.1,31.72,1852.7,7.03,Potato,Sowing,No,Central
Silt,7.45,53.18,21.88,50.68,1305.72,11.69,Cotton,Flowering,Yes,West
Clay,5.66,36.16,41.57,42.09,2366.75,12.23,Wheat,Vegetative,Yes,East
Loamy,7.62,56.85,13.39,42.81,256.97,1.46,Rice,Harvest,Yes,South
Clay,7.19,39.13,26.88,60.38,1830.73,18.59,Maize,Sowing,Yes,Central
Silt,8.02,31.46,21.75,47.17,752.38,1.56,Rice,Flowering,Yes,East
Sandy,6.19,14.15,41.88,45.25,932.87,4.74,Rice,Harvest,Yes,West
Sandy,7.05,30.42,41.7,92.76,871.22,8.93,Cotton,Flowering,No,South
Silt,6.38,49.83,19.06,65.88,895.05,18.94,Maize,Flowering,Yes,Central
Sandy,6.94,60.51,20.02,43.32,1077.09,19.83,Sugarcane,Vegetative,No,West
Loamy,6.33,22.35,34.49,44.31,52.51,0.51,Wheat,Harvest,Yes,East
Silt,5.44,28.25,38.69,81.77,2116.89,4.88,Potato,Vegetative,Yes,South
Clay,6.53,16.78,31.91,87.05,2204.49,10.28,Sugarcane,Flowering,No,Central
Silt,6.6,47.37,37.94,72.53,98.89,14.04,Rice,Flowering,No,South
Loamy,7.56,62.73,13.9,55.2,1940.01,13.31,Cotton,Flowering,Yes,Central
Loamy,7.3,44.53,31.22,78.52,180.68,5.4,Maize,Sowing,No,Central
Silt,7.06,43.17,33.01,90.62,2019.53,4.35,Cotton,Harvest,No,North
Silt,5.19,39.55,17.71,36.63,1532.47,0.78,Potato,Harvest,No,Central
Sandy,7.25,13.04,35.34,85.32,765.88,16.94,Cotton,Harvest,Yes,Central
Loamy,6.5,49.58,40.33,84.42,1534.71,7.89,Maize,Sowing,Yes,North
Silt,7.84,42.32,38.94,50.66,1266.62,17.35,Maize,Flowering,Yes,Central
Silt,7.93,45.7,19.35,45.43,1589.39,6.81,Potato,Harvest,No,North
Loamy,4.99,59.23,21.72,64.57,1188.43,15.24,Maize,Sowing,Yes,West
Silt,7.59,52.69,26.99,44.06,1932.19,1.86,Cotton,Sowing,No,Central
Sandy,4.93,52.51,16.75,35.18,113.17,16.32,Rice,Vegetative,Yes,South
Loamy,6.05,60.85,40.62,91.72,860.71,17.87,Potato,Sowing,Yes,Central
Sandy,6.64,64.43,16.85,59.4,1398.22,5.67,Cotton,Flowering,Yes,North
Sandy,5.3,41.13,34.84,58.06,1470.61,3.27,Rice,Sowing,Yes,West
Sandy,7.34,14.21,22.24,33.83,423.86,4.32,Wheat,Sowing,No,West
Sandy,4.83,34.17,29.21,60.29,186.32,17.42,Rice,Vegetative,No,East
Loamy,5.37,52.89,13.42,77.0,52.45,6.08,Wheat,Sowing,Yes,West
Sandy,6.77,9.58,18.15,42.36,1032.53,5.01,Sugarcane,Sowing,Yes,South
Sandy,7.23,11.24,25.33,50.82,825.97,19.59,Wheat,Flowering,No,North
Silt,7.92,11.83,32.32,37.52,1419.52,13.57,Cotton,Harvest,No,North
Loamy,7.2,49.67,35.33,49.86,1123.79,16.73,Sugarcane,Sowing,Yes,West
Loamy,7.08,36.57,12.9,85.29,985.17,15.07,Cotton,Harvest,No,West
Clay,6.14,29.03,16.57,41.59,2108.3,7.79,Cotton,Vegetative,No,South
Loamy,4.8,14.02,33.89,27.07,1553.79,17.32,Wheat,Vegetative,No,West
Loamy,5.21,49.74,36.39,62.54,1615.25,11.97,Maize,Vegetative,No,South
Clay,6.62,26.3,19.1,65.56,954.57,13.32,Cotton,Harvest,No,South
Loamy,7.1,23.12,18.89,48.02,1942.11,6.86,Sugarcane,Harvest,Yes,North
Loamy,6.22,45.18,14.64,69.91,380.22,19.63,Cotton,Flowering,Yes,East
Loamy,7.28,39.86,16.51,27.65,1005.0,17.16,Maize,Harvest,No,Central
Loamy,6.57,28.66,12.24,48.84,117.93,3.39,Maize,Sowing,No,South
Clay,5.05,44.56,29.69,35.12,288.59,4.48,Potato,Sowing,No,East
Loamy,5.45,23.46,39.12,41.09,203.81,15.1,Cotton,Harvest,Yes,West
Loamy,7.66,53.31,16.49,51.78,1103.59,1.0,Maize,Sowing,No,East
Clay,7.26,21.07,34.54,59.54,1743.31,7.04,Potato,Vegetative,No,North
Silt,7.84,17.05,29.21,31.52,781.74,10.88,Wheat,Vegetative,No,East
Sandy,5.2,52.6,40.2,32.09,66.53,4.5,Rice,Vegetative,No,Central
Silt,8.17,48.35,35.94,72.18,1768.02,17.53,Maize,Flowering,No,West
Clay,5.51,18.41,37.58,53.29,518.58,17.84,Cotton,Harvest,No,Central
Sandy,4.84,14.63,31.17,37.36,1806.69,19.16,Maize,Harvest,No,West
Clay,8.19,55.79,36.34,41.44,18.39,3.35,Cotton,Vegetative,Yes,West
Clay,5.76,52.27,22.53,75.4,780.86,2.05,Sugarcane,Vegetative,Yes,Central
Loamy,7.07,26.65,18.27,28.62,1553.08,11.34,Cotton,Flowering,Yes,East
Sandy,5.4,45.52,39.38,60.61,2177.88,15.95,Sugarcane,Flowering,Yes,North
Loamy,6.77,15.08,34.03,50.22,1885.32,6.18,Potato,Harvest,Yes,Central
Sandy,7.87,36.9,14.72,81.78,1124.05,5.2,Rice,Harvest,Yes,North
Clay,5.89,9.07,38.01,80.31,1796.29,10.6,Wheat,Harvest,No,West
Clay,7.08,30.32,22.47,73.24,1343.85,9.9,Rice,Harvest,Yes,East
Silt,5.44,12.27,20.95,51.93,2033.49,9.85,Cotton,Flowering,No,East
Sandy,6.92,35.08,30.7,69.19,1930.16,8.4,Rice,Sowing,Yes,East
Loamy,5.94,32.04,29.06,69.79,2439.63,14.68,Sugarcane,Vegetative,No,West
Silt,5.52,33.33,28.15,48.25,262.35,12.49,Rice,Sowing,Yes,North
Silt,5.86,10.58,19.65,86.6,851.76,10.01,Wheat,Vegetative,No,East
Silt,5.41,28.61,40.79,93.94,480.94,14.55,Maize,Flowering,No,East
Loamy,7.87,51.12,40.5,47.01,1576.92,5.6,Sugarcane,Sowing,Yes,West
Silt,6.15,29.03,12.12,81.09,1660.07,17.89,Potato,Vegetative,Yes,East
Loamy,5.63,48.76,22.13,60.06,509.53,7.99,Rice,Harvest,No,East
Silt,6.32,29.06,13.37,57.46,1053.88,6.89,Rice,Flowering,No,West
Loamy,5.89,32.12,37.51,52.06,1505.38,11.07,Rice,Harvest,Yes,East
Clay,7.33,40.14,38.6,45.44,1647.38,5.77,Sugarcane,Vegetative,Yes,South
Clay,8.1,62.19,27.55,89.37,256.62,5.74,Rice,Flowering,No,North
Clay,6.29,14.21,37.19,76.86,2302.68,2.02,Maize,Flowering,No,East
Clay,7.73,9.88,33.1,55.85,85.21,13.21,Potato,Vegetative,Yes,North
Clay,6.72,42.65,26.99,77.61,2432.36,18.3,Cotton,Sowing,Yes,South
Silt,5.33,62.1,22.91,75.3,790.81,13.86,Rice,Flowering,No,East
Silt,7.15,64.41,19.99,43.71,790.86,11.57,Maize,Vegetative,Yes,South
Silt,6.55,35.6,19.78,37.33,1115.06,14.38,Sugarcane,Flowering,No,North
Loamy,7.01,34.68,28.86,83.54,1737.4,19.35,Cotton,Flowering,No,West
Loamy,7.82,44.76,17.0,81.8,399.0,7.06,Potato,Sowing,No,North
Loamy,6.3,39.67,17.24,94.78,637.46,8.9,Sugarcane,Sowing,Yes,Central
Loamy,7.86,44.14,12.31,26.36,2403.93,6.08,Cotton,Flowering,Yes,West
Clay,7.35,57.82,30.4,62.83,2192.11,0.83,Maize,Vegetative,No,East
Clay,6.46,50.54,41.83,74.09,530.98,7.27,Maize,Vegetative,Yes,Central
Clay,6.85,36.32,38.68,65.78,1432.53,1.9,Cotton,Sowing,Yes,South
Sandy,5.91,34.33,33.17,74.73,509.0,17.24,Maize,Harvest,No,South
Silt,8.14,44.46,35.57,34.61,1375.15,14.45,Potato,Flowering,No,Central
Loamy,7.07,33.98,24.51,25.11,914.43,6.43,Wheat,Vegetative,Yes,East
Loamy,4.95,34.09,20.94,31.51,906.06,6.89,Cotton,Vegetative,No,East
Clay,5.91,8.93,23.06,51.6,1587.67,11.61,Rice,Harvest,No,Central
Loamy,6.92,17.92,14.44,48.03,629.6,16.06,Potato,Vegetative,No,North
Loamy,4.99,35.85,31.01,86.18,1010.65,14.51,Rice,Harvest,Yes,Central
Silt,4.88,54.89,17.25,30.85,2313.15,1.06,Rice,Vegetative,No,West
Clay,6.33,23.89,34.89,55.99,1888.41,15.81,Rice,Harvest,No,West
Silt,5.93,37.79,17.7,92.05,958.21,17.69,Rice,Vegetative,Yes,Central
Sandy,6.29,27.66,18.84,60.2,575.65,2.25,Potato,Flowering,No,North
Sandy,5.69,13.97,40.72,34.27,1647.53,15.52,Wheat,Flowering,Yes,West
Sandy,5.36,62.62,15.16,45.39,2019.22,5.41,Rice,Flowering,No,East
Clay,7.14,56.72,26.97,68.88,2151.91,3.89,Maize,Vegetative,No,West
Loamy,6.55,12.47,13.88,25.84,1410.7,11.11,Sugarcane,Harvest,No,East
Clay,5.48,49.03,14.71,92.77,1292.0,11.28,Maize,Flowering,Yes,West
Clay,5.89,27.81,31.01,64.69,1799.11,9.68,Maize,Sowing,No,Central
Loamy,6.81,64.71,30.92,74.29,439.42,18.09,Wheat,Flowering,No,West
Silt,5.05,25.24,17.79,59.93,2130.35,5.21,Wheat,Vegetative,Yes,West
Sandy,5.3,21.61,38.17,92.05,184.81,12.25,Maize,Flowering,No,North
Silt,5.05,40.37,33.07,66.25,1507.54,8.49,Maize,Harvest,No,Central
Sandy,7.56,55.6,21.02,71.34,1474.23,17.54,Rice,Harvest,Yes,North
Clay,7.36,18.97,19.45,85.26,776.76,3.09,Potato,Harvest,Yes,South
Sandy,7.36,48.44,34.63,85.31,88.66,2.12,Sugarcane,Sowing,No,Central
Clay,7.24,11.5,34.01,26.97,1794.64,19.86,Potato,Sowing,Yes,West
Silt,7.08,60.38,16.46,44.83,60.44,11.76,Wheat,Vegetative,No,South
Clay,6.42,12.62,22.48,42.24,449.03,18.28,Sugarcane,Flowering,Yes,East
Silt,6.98,60.11,18.5,25.47,1360.59,8.46,Sugarcane,Harvest,Yes,Central
Loamy,4.93,35.98,20.82,86.37,2349.96,12.28,Potato,Sowing,Yes,Central
Loamy,6.91,33.54,20.63,47.2,164.83,14.03,Wheat,Vegetative,Yes,West
Loamy,7.44,63.48,41.28,49.29,1446.97,19.73,Sugarcane,Sowing,Yes,Central
Clay,6.5,64.45,34.51,31.97,822.23,2.7,Rice,Harvest,No,West
Loamy,6.02,45.06,35.4,94.28,1673.54,2.93,Potato,Harvest,Yes,West
Sandy,5.74,15.25,20.32,82.84,2382.27,10.7,Wheat,Harvest,No,Central
Silt,6.99,36.85,12.02,65.03,671.48,1.59,Maize,Vegetative,No,Central
Silt,7.16,38.16,13.74,79.04,2389.82,14.69,Cotton,Harvest,Yes,East
Sandy,7.76,37.32,28.59,79.4,2176.57,19.82,Rice,Sowing,Yes,West
Clay,5.96,40.46,20.56,70.97,1517.64,16.32,Wheat,Harvest,Yes,North
Clay,7.42,9.07,17.79,37.18,1895.59,5.68,Sugarcane,Vegetative,No,East
Silt,6.71,48.54,13.49,75.42,2162.22,16.09,Potato,Harvest,Yes,East
Loamy,7.8,48.61,38.28,64.87,2008.67,12.74,Maize,Flowering,No,North
Clay,6.59,14.58,30.0,75.69,816.77,2.83,Cotton,Flowering,No,Central
Clay,6.56,40.5,15.22,63.04,2031.51,11.54,Wheat,Vegetative,No,Central
Sandy,6.76,40.4,34.99,91.94,783.8,17.99,Potato,Sowing,Yes,West
Sandy,7.35,46.9,34.67,68.89,2167.7,6.15,Rice,Sowing,No,Central
Loamy,8.08,12.87,20.68,65.16,638.67,13.35,Rice,Flowering,No,North
Clay,5.05,43.71,17.65,84.0,1430.65,1.31,Maize,Flowering,No,East
Clay,4.98,24.0,36.42,51.55,1732.31,16.77,Rice,Vegetative,Yes,East
Sandy,7.99,36.9,21.89,47.11,1064.48,4.52,Wheat,Harvest,No,South
Clay,6.6,52.08,37.42,60.22,1957.43,12.37,Maize,Sowing,Yes,Central
Silt,6.89,48.22,13.31,65.91,2313.39,10.72,Cotton,Vegetative,No,North
Sandy,6.44,14.78,26.98,40.43,465.63,11.19,Potato,Flowering,No,Central
Loamy,5.12,41.7,17.39,72.76,83.61,5.45,Wheat,Vegetative,No,Central
Sandy,7.41,63.24,32.16,81.17,1566.29,11.4,Rice,Vegetative,No,West
Clay,7.34,16.94,41.92,65.41,1505.47,12.25,Cotton,Vegetative,No,South
Loamy,5.86,56.62,24.38,61.61,853.26,8.8,Cotton,Sowing,Yes,Central
Sandy,5.84,48.05,15.01,45.62,1963.66,12.85,Potato,Vegetative,No,South
Silt,7.65,52.12,21.53,88.67,2065.36,4.24,Maize,Vegetative,No,North
Silt,5.05,24.07,38.75,77.81,829.96,10.5,Rice,Harvest,Yes,North
Sandy,7.8,24.41,34.97,58.62,1705.68,14.48,Sugarcane,Flowering,No,East
Silt,5.67,59.64,18.97,71.14,1605.06,7.68,Cotton,Sowing,Yes,North
Silt,6.82,28.51,40.61,48.58,856.61,8.52,Cotton,Harvest,Yes,East
Silt,7.98,11.59,30.67,29.19,2422.87,3.7,Wheat,Harvest,Yes,Central
Loamy,7.11,42.23,17.04,39.27,866.01,12.52,Maize,Flowering,Yes,North
Silt,6.21,15.11,29.17,30.56,1550.71,2.91,Sugarcane,Harvest,Yes,North
Silt,7.14,53.41,25.54,60.57,950.32,10.27,Rice,Flowering,Yes,North
Silt,5.97,44.58,36.59,68.54,29.58,4.6,Rice,Harvest,Yes,West
Loamy,5.74,57.86,22.32,51.63,229.1,4.29,Wheat,Sowing,Yes,North
Sandy,8.19,52.74,38.25,62.11,580.79,2.37,Sugarcane,Flowering,No,South
Clay,7.35,14.39,36.36,30.98,2030.42,7.47,Rice,Flowering,No,East
Silt,6.99,29.72,32.24,78.9,1105.16,17.41,Cotton,Flowering,No,Central
Sandy,6.01,52.15,19.76,27.29,1471.56,12.3,Potato,Harvest,No,West
Silt,4.97,31.79,41.11,69.41,2359.64,15.69,Cotton,Harvest,No,North
Loamy,4.91,63.42,28.46,55.33,367.56,2.73,Wheat,Flowering,Yes,East
Sandy,6.68,49.94,39.23,37.87,2154.55,6.61,Rice,Sowing,Yes,West
Loamy,7.39,8.88,18.47,61.61,948.09,8.08,Wheat,Sowing,Yes,Central
Silt,6.63,58.16,41.5,79.67,843.7,17.27,Potato,Vegetative,Yes,North
Silt,7.66,13.75,36.48,53.95,1563.82,13.46,Wheat,Flowering,Yes,West
Loamy,4.91,16.01,40.48,50.74,2246.6,10.06,Maize,Vegetative,No,East
Clay,6.05,49.87,18.37,34.97,871.34,6.36,Rice,Harvest,No,North
Loamy,5.61,57.3,24.92,66.62,1903.52,15.32,Rice,Vegetative,Yes,Central
Silt,6.32,38.57,14.93,82.96,48.11,17.82,Wheat,Flowering,Yes,West
Loamy,5.05,24.48,16.11,64.29,1557.75,10.97,Wheat,Sowing,No,East
Clay,8.04,28.02,20.52,36.56,1576.4,1.35,Potato,Vegetative,No,East
Loamy,5.56,27.54,40.55,71.29,1390.15,5.8,Cotton,Harvest,Yes,West
Clay,7.94,26.62,32.02,27.11,2344.56,15.04,Maize,Flowering,No,East
Clay,6.25,21.85,21.44,83.66,2346.48,8.06,Wheat,Vegetative,Yes,Central
Loamy,8.15,42.71,40.64,89.5,855.15,12.71,Rice,Harvest,Yes,West
Loamy,6.68,59.32,34.19,66.79,1140.91,10.73,Maize,Vegetative,Yes,South
Sandy,7.96,25.5,39.21,86.72,1980.94,18.2,Rice,Vegetative,No,Central
Silt,4.82,18.64,39.82,30.92,2109.78,6.49,Maize,Sowing,No,East
Clay,7.34,55.8,34.52,40.98,1044.92,9.2,Cotton,Vegetative,No,Central
Sandy,7.87,50.28,19.29,47.21,872.57,1.76,Potato,Flowering,No,South
Loamy,5.28,61.06,41.9,79.12,2051.54,16.2,Potato,Sowing,No,North
Silt,5.13,17.43,21.75,58.9,942.17,6.85,Potato,Flowering,No,West
Sandy,6.24,16.22,32.15,49.38,1013.08,14.58,Potato,Flowering,Yes,West
Clay,7.97,38.86,37.34,36.06,338.83,0.56,Potato,Flowering,No,South
Sandy,6.64,43.02,17.25,81.75,1357.37,17.41,Sugarcane,Vegetative,Yes,South
Clay,6.59,35.37,30.27,26.44,816.12,19.45,Sugarcane,Sowing,No,North
Loamy,5.28,42.14,23.26,48.61,1476.52,9.66,Wheat,Harvest,Yes,East
Silt,4.8,18.28,19.33,41.99,1120.52,9.91,Sugarcane,Vegetative,Yes,East
Silt,7.55,35.34,12.35,34.03,1870.34,12.52,Potato,Flowering,No,South
Silt,5.1,45.51,38.16,37.04,694.43,19.51,Rice,Vegetative,No,East
Loamy,6.96,32.66,16.08,59.57,430.0,11.39,Rice,Harvest,Yes,Central
Clay,7.91,46.73,38.34,54.82,1757.4,1.94,Maize,Vegetative,No,West
Loamy,5.51,33.72,30.02,61.29,960.32,11.52,Cotton,Harvest,Yes,Central
Silt,7.06,27.02,30.63,75.93,1409.01,8.67,Wheat,Sowing,No,East
Loamy,5.07,25.31,36.86,87.46,2352.67,15.34,Wheat,Flowering,No,East
Loamy,6.85,31.42,27.28,33.29,1210.23,6.42,Rice,Harvest,No,East
Loamy,5.36,9.32,22.72,30.79,380.98,18.53,Rice,Flowering,No,East
Clay,7.3,46.11,16.16,47.42,1066.76,16.1,Potato,Flowering,Yes,North
Sandy,5.82,56.17,29.11,63.24,1196.33,6.87,Sugarcane,Vegetative,Yes,Central
Sandy,6.38,28.21,28.6,31.99,1914.95,7.36,Wheat,Harvest,Yes,South
Loamy,6.84,10.62,20.82,75.12,487.97,10.6,Maize,Vegetative,No,West
Sandy,5.38,64.25,30.0,63.93,867.25,2.44,Cotton,Sowing,No,Central
Sandy,7.32,23.03,25.18,77.39,125.07,13.96,Potato,Sowing,No,South
Loamy,5.83,15.22,36.17,50.05,1754.94,12.38,Wheat,Harvest,No,West
Loamy,7.05,29.08,28.78,53.08,1859.83,6.71,Potato,Flowering,No,East
Silt,5.34,50.1,40.01,81.53,1142.98,12.94,Maize,Vegetative,Yes,South
Sandy,7.14,24.75,27.54,43.69,1345.67,2.42,Rice,Harvest,Yes,Central
Clay,5.24,40.76,38.62,51.7,1874.53,19.07,Maize,Harvest,Yes,West
Loamy,6.25,31.69,27.62,25.94,670.75,1.81,Maize,Vegetative,No,North
Silt,5.64,14.71,28.74,63.87,1517.41,6.91,Potato,Flowering,No,South
Clay,7.34,26.83,23.0,84.6,2409.8,19.43,Potato,Sowing,No,South
Sandy,5.69,49.32,24.01,26.95,1644.92,8.27,Wheat,Harvest,Yes,East
Silt,7.8,42.88,39.99,67.97,195.28,17.77,Maize,Harvest,No,West
Loamy,7.83,14.83,18.7,84.18,725.65,3.44,Wheat,Sowing,Yes,South
Clay,5.47,17.31,15.64,59.58,1297.82,1.8,Sugarcane,Sowing,No,North
Loamy,6.89,44.52,36.91,46.91,181.68,2.61,Sugarcane,Vegetative,Yes,West
Sandy,5.1,54.36,29.31,94.76,1691.42,19.46,Maize,Vegetative,No,Central
Clay,6.13,27.92,20.54,29.54,1635.53,2.23,Maize,Flowering,No,Central
Sandy,7.23,41.93,24.97,39.73,2190.81,13.21,Cotton,Sowing,No,North
Sandy,7.04,17.73,27.75,86.97,1249.98,9.09,Rice,Sowing,No,West
Silt,6.92,25.75,29.76,45.81,1730.35,17.29,Sugarcane,Sowing,Yes,East
Loamy,5.76,9.16,36.63,82.39,455.05,6.24,Maize,Sowing,Yes,North
Clay,6.09,51.79,23.83,48.32,7.17,1.06,Maize,Flowering,No,North
Sandy,5.15,30.86,32.3,81.84,430.63,15.1,Maize,Flowering,Yes,West
Sandy,7.24,54.52,37.04,73.0,155.54,11.98,Potato,Flowering,No,South
Clay,6.51,48.38,37.31,57.8,1069.3,8.97,Maize,Vegetative,Yes,North
Sandy,7.21,55.24,19.63,61.61,1170.76,6.8,Maize,Harvest,No,Central
Silt,5.65,24.28,22.51,37.44,1611.18,18.04,Cotton,Sowing,Yes,East
Silt,5.9,18.55,29.85,33.11,351.93,2.88,Potato,Vegetative,No,Central
Silt,5.94,63.4,38.57,75.19,536.79,3.26,Rice,Flowering,Yes,Central
Silt,4.89,48.89,35.71,84.4,1995.82,0.79,Cotton,Flowering,Yes,North
Sandy,5.96,55.54,29.52,75.54,1441.31,1.91,Wheat,Vegetative,Yes,East
Clay,7.53,8.75,41.51,88.9,73.41,17.22,Cotton,Vegetative,Yes,Central
Clay,7.85,28.2,25.17,87.31,2121.01,15.98,Rice,Vegetative,No,South
Clay,6.56,50.34,37.27,79.47,1574.51,2.5,Rice,Vegetative,No,East
Clay,6.35,12.45,36.55,87.87,466.6,15.71,Wheat,Harvest,Yes,West
Loamy,4.9,40.34,39.24,36.71,630.16,13.0,Wheat,Flowering,Yes,North
Clay,7.79,32.46,41.63,76.2,1383.87,8.06,Rice,Harvest,Yes,Central
Loamy,4.84,9.0,26.87,77.76,1402.0,2.14,Sugarcane,Vegetative,Yes,South
Loamy,8.01,21.45,17.87,35.78,2012.97,12.25,Rice,Vegetative,Yes,East
Silt,6.46,24.23,25.83,88.67,896.46,16.87,Wheat,Vegetative,Yes,North
Loamy,5.96,14.38,37.62,25.61,1373.26,8.7,Sugarcane,Vegetative,No,North
Sandy,7.94,44.0,37.08,55.42,1456.34,8.78,Wheat,Harvest,No,South
Loamy,4.88,21.82,22.08,26.5,1396.69,16.62,Cotton,Vegetative,Yes,South
Silt,6.78,23.82,13.42,61.64,182.26,4.61,Rice,Flowering,Yes,South
Loamy,6.67,59.2,27.3,53.85,1028.13,3.86,Cotton,Vegetative,No,West
Sandy,5.55,34.63,26.22,68.61,847.21,14.06,Maize,Flowering,Yes,North
Sandy,6.26,30.35,14.57,78.65,2481.94,13.3,Cotton,Flowering,Yes,West
Sandy,7.02,49.26,35.85,78.8,1164.22,18.29,Maize,Sowing,No,Central
Silt,7.27,59.85,20.51,75.56,1088.07,7.02,Rice,Sowing,No,West
Silt,4.8,9.43,31.37,32.13,1209.22,4.44,Potato,Flowering,No,Central
Clay,7.99,33.55,15.04,54.22,2298.21,8.86,Wheat,Flowering,Yes,West
Silt,5.36,42.81,37.82,82.12,1528.63,7.98,Sugarcane,Flowering,Yes,West
Sandy,5.59,26.16,34.18,70.8,972.86,18.79,Sugarcane,Vegetative,Yes,South
Sandy,5.7,52.03,23.65,72.67,2281.44,18.39,Maize,Harvest,No,North
Silt,4.93,63.37,30.88,40.88,2324.61,8.85,Wheat,Flowering,No,East
Loamy,5.22,61.78,17.62,47.75,660.78,8.54,Maize,Harvest,Yes,South
Silt,8.15,23.16,41.56,91.91,983.49,9.18,Sugarcane,Harvest,Yes,East
Silt,5.87,20.9,35.88,84.28,2416.15,14.75,Sugarcane,Harvest,Yes,West
Sandy,5.19,62.58,35.67,36.54,1352.62,11.23,Potato,Sowing,No,South
Clay,5.16,34.14,16.6,63.13,1079.36,6.11,Potato,Harvest,Yes,North
Sandy,7.25,19.87,12.53,59.34,488.51,15.49,Potato,Flowering,No,East
Clay,7.71,48.3,29.56,56.06,961.1,18.12,Rice,Flowering,Yes,East
Sandy,5.67,24.21,16.32,57.94,1578.09,14.5,Potato,Sowing,No,West
Silt,4.87,23.23,35.41,70.0,96.75,4.3,Potato,Vegetative,No,South
Sandy,5.56,58.12,24.48,92.7,208.27,15.94,Maize,Flowering,Yes,West
Sandy,4.99,17.26,22.16,86.27,13.44,19.78,Maize,Sowing,Yes,East
Sandy,5.15,11.67,14.21,86.26,547.32,13.86,Potato,Vegetative,No,East
Silt,6.27,23.34,41.88,74.24,457.48,5.26,Sugarcane,Harvest,No,South
Silt,5.58,42.6,40.68,26.23,2127.02,0.61,Sugarcane,Vegetative,No,West
Silt,6.55,15.02,15.95,55.83,463.1,8.02,Rice,Harvest,Yes,North
Silt,5.66,34.88,21.98,60.78,1652.95,9.67,Wheat,Sowing,Yes,Central
Clay,8.0,43.76,23.72,83.97,295.9,18.24,Wheat,Sowing,Yes,South
Clay,7.88,56.38,20.9,89.6,1483.9,12.58,Wheat,Flowering,No,South
Loamy,6.73,21.1,40.03,56.61,1089.05,5.99,Potato,Sowing,Yes,Central
Silt,6.01,54.59,33.64,46.03,1021.67,13.99,Cotton,Harvest,Yes,South
Clay,6.1,21.39,40.68,48.61,2141.4,2.3,Wheat,Sowing,No,North
Sandy,6.2,46.58,38.24,65.51,419.3,4.66,Potato,Harvest,Yes,North
Silt,7.27,32.55,34.64,44.25,1488.05,15.02,Rice,Harvest,Yes,North
Loamy,6.34,14.54,32.91,88.75,2054.66,6.3,Maize,Harvest,No,South
Loamy,7.71,48.71,37.98,54.31,1784.74,1.11,Maize,Harvest,Yes,North
Loamy,8.01,20.41,32.52,94.3,2458.36,10.19,Wheat,Vegetative,No,North
Sandy,5.94,18.07,17.66,32.67,5.26,13.33,Cotton,Harvest,Yes,Central
Clay,6.71,28.42,31.44,38.15,2210.9,15.89,Maize,Sowing,No,Central
Sandy,5.12,45.24,27.45,60.81,1533.63,6.47,Potato,Harvest,No,East
Silt,5.48,21.34,41.46,85.78,6.21,8.78,Cotton,Vegetative,Yes,South
Loamy,6.21,18.47,27.3,49.78,1163.73,11.35,Potato,Harvest,No,West
Sandy,5.5,8.57,13.15,83.62,1918.59,1.96,Wheat,Flowering,Yes,North
Sandy,7.78,34.88,19.93,54.78,456.37,4.35,Cotton,Sowing,No,Central
Clay,5.34,32.43,39.52,84.71,1696.19,7.7,Sugarcane,Harvest,Yes,North
Clay,6.35,21.33,40.87,44.42,349.17,5.71,Sugarcane,Harvest,No,South
Loamy,6.86,11.06,33.85,58.03,2008.63,9.58,Sugarcane,Sowing,No,East
Sandy,7.15,32.47,13.71,44.51,1421.16,13.19,Potato,Flowering,Yes,North
Sandy,6.1,52.93,12.71,40.07,84.72,11.02,Potato,Sowing,No,North
Clay,7.75,48.77,26.39,54.48,227.19,15.6,Rice,Sowing,Yes,East
Sandy,6.73,57.07,41.99,48.43,2159.66,12.71,Rice,Sowing,No,North
Sandy,6.29,8.55,38.08,80.1,82.5,6.19,Wheat,Sowing,Yes,South
Sandy,5.03,63.09,39.99,77.33,746.36,2.84,Potato,Sowing,Yes,West
Clay,6.38,27.46,30.71,50.1,1417.28,12.97,Cotton,Sowing,Yes,West
Loamy,7.59,64.45,37.77,94.46,533.6,4.63,Cotton,Vegetative,No,West
Silt,6.89,22.4,21.59,93.17,560.58,6.71,Potato,Sowing,Yes,West
Loamy,7.63,34.88,12.82,89.25,1940.09,16.01,Sugarcane,Sowing,Yes,East
Silt,6.48,28.17,39.55,66.06,727.49,4.79,Potato,Flowering,Yes,West
Sandy,5.2,28.28,18.55,53.86,96.46,10.99,Sugarcane,Sowing,Yes,Central
Loamy,4.85,56.01,33.85,46.91,1802.8,2.35,Potato,Harvest,Yes,Central
Silt,5.83,50.55,31.77,26.05,2385.91,8.62,Sugarcane,Harvest,No,West
Clay,7.17,64.55,16.74,69.23,2079.83,19.62,Cotton,Flowering,No,East
Clay,7.49,42.97,17.87,63.72,1371.41,19.11,Cotton,Flowering,No,East
Loamy,5.81,34.41,21.87,69.09,1062.21,18.96,Potato,Flowering,Yes,West
Loamy,6.49,13.13,34.71,65.32,2312.91,12.11,Sugarcane,Flowering,No,Central
Sandy,6.23,64.8,13.18,34.64,1915.56,6.25,Cotton,Vegetative,No,West
Loamy,6.2,39.44,24.21,73.68,1426.64,7.42,Rice,Harvest,Yes,South
Sandy,5.59,47.93,31.95,50.23,2199.56,4.52,Wheat,Vegetative,Yes,South
Sandy,5.26,31.18,17.14,61.14,1504.28,2.4,Sugarcane,Sowing,Yes,East
Clay,5.47,39.22,15.58,50.6,2433.76,3.79,Maize,Flowering,Yes,West
Clay,4.99,61.73,23.71,26.54,2145.73,9.61,Rice,Vegetative,Yes,West
Silt,5.47,17.49,20.6,86.36,1376.11,1.03,Sugarcane,Vegetative,No,West
Clay,4.83,24.67,31.47,35.41,2307.09,18.81,Sugarcane,Harvest,Yes,South
Clay,6.93,16.67,41.09,65.75,856.1,11.45,Cotton,Vegetative,No,South
Loamy,5.88,53.16,12.13,86.82,1752.32,3.88,Rice,Sowing,Yes,South
Clay,8.11,11.54,39.07,40.49,428.19,8.62,Wheat,Sowing,No,North
Silt,5.46,12.65,25.0,53.84,2238.41,7.84,Potato,Harvest,No,Central
Loamy,5.98,25.01,31.92,51.44,620.13,16.79,Maize,Harvest,Yes,West
Silt,6.02,37.31,37.53,31.25,2372.58,2.85,Sugarcane,Harvest,No,East
Clay,4.83,31.16,29.2,54.65,42.48,8.88,Wheat,Harvest,No,East
Silt,7.65,10.55,14.92,58.56,1704.59,14.37,Potato,Vegetative,No,North
Loamy,4.91,62.58,16.22,26.86,375.14,7.78,Maize,Sowing,No,South
Sandy,8.0,62.31,35.68,59.17,1927.03,7.47,Potato,Flowering,No,South
Silt,7.83,23.92,18.87,31.57,1229.76,7.14,Wheat,Sowing,Yes,West
Silt,6.62,49.7,29.07,87.47,2274.13,15.36,Cotton,Flowering,No,North
Loamy,6.65,40.98,24.84,70.51,1787.67,2.83,Rice,Sowing,Yes,South
Loamy,7.02,21.54,21.11,28.95,1920.66,17.21,Sugarcane,Harvest,Yes,South
Silt,6.12,22.94,35.61,82.89,301.2,1.88,Maize,Flowering,No,East
Clay,7.0,36.0,33.94,50.31,241.4,6.72,Potato,Sowing,Yes,East
Silt,4.95,31.9,31.38,40.79,2126.39,8.09,Sugarcane,Harvest,Yes,South
Loamy,4.98,24.6,23.18,42.77,564.43,8.17,Maize,Sowing,No,Central
Sandy,6.35,54.03,18.79,66.84,2167.35,4.16,Wheat,Flowering,Yes,East
Sandy,6.67,35.44,27.48,30.71,356.35,12.26,Sugarcane,Flowering,Yes,Central
Clay,7.82,45.33,36.51,29.11,771.13,9.34,Rice,Harvest,No,North
Silt,5.16,18.79,29.27,68.93,2321.85,11.57,Maize,Flowering,No,East
Sandy,7.6,38.41,41.1,93.73,2099.29,12.49,Cotton,Harvest,No,East
Silt,5.51,26.12,12.46,58.84,135.61,4.23,Potato,Vegetative,Yes,South
Loamy,6.14,38.01,41.95,53.93,1120.24,18.45,Wheat,Sowing,No,West
Sandy,5.88,52.51,32.74,91.3,2274.67,16.69,Potato,Sowing,Yes,North
Clay,6.16,51.83,36.98,41.87,36.89,16.65,Cotton,Harvest,No,South
Loamy,5.31,28.19,22.05,41.84,268.3,10.87,Wheat,Vegetative,Yes,West
Clay,6.51,47.57,27.25,88.36,1612.99,16.49,Rice,Sowing,No,West
Loamy,7.53,61.65,35.91,70.29,262.46,12.74,Cotton,Flowering,Yes,East
Sandy,6.3,43.66,34.82,28.76,1122.1,9.29,Wheat,Harvest,Yes,South
Clay,6.47,16.46,22.02,72.18,1269.56,15.17,Cotton,Flowering,Yes,Central
Clay,7.69,46.74,21.73,82.4,2150.64,12.2,Wheat,Vegetative,Yes,West
Loamy,7.2,13.98,31.88,44.18,2393.48,0.54,Rice,Harvest,No,Central
Clay,6.47,57.71,40.01,51.8,1280.58,19.94,Sugarcane,Sowing,Yes,North
Loamy,5.68,37.45,25.16,38.84,1275.9,8.88,Potato,Harvest,No,West
Loamy,7.81,29.95,22.59,69.33,1816.99,11.65,Wheat,Sowing,Yes,South
Loamy,6.76,11.25,38.84,71.49,481.27,8.42,Maize,Vegetative,No,Central
Loamy,5.55,29.7,32.49,29.8,2352.15,2.46,Sugarcane,Flowering,Yes,Central
Sandy,5.72,59.48,23.65,72.44,3.0,16.76,Cotton,Harvest,No,Central
Loamy,7.53,9.2,13.72,71.09,4.48,13.81,Potato,Flowering,Yes,East
Silt,4.95,35.05,33.64,27.46,1564.17,16.66,Cotton,Sowing,No,East
Clay,8.17,61.08,22.59,63.88,853.71,9.94,Cotton,Harvest,No,South
Silt,5.24,30.51,14.12,67.98,995.29,15.94,Maize,Flowering,Yes,North
Sandy,7.51,32.41,30.37,55.11,553.59,16.06,Maize,Harvest,No,West
Silt,6.14,40.98,21.69,88.09,1019.51,7.06,Potato,Sowing,Yes,East
Clay,6.47,34.39,22.15,47.99,2069.96,0.58,Maize,Flowering,No,West
Silt,7.79,17.61,26.38,29.7,1748.12,17.27,Maize,Flowering,Yes,North
Sandy,6.2,9.06,33.52,72.03,236.63,4.1,Maize,Sowing,No,South
Loamy,6.63,42.76,20.29,67.37,141.7,17.44,Maize,Sowing,No,South
Silt,4.97,60.49,14.43,94.23,1265.48,12.56,Potato,Harvest,No,North
Sandy,4.81,14.06,24.73,41.19,1825.4,12.88,Sugarcane,Flowering,No,South
Sandy,5.63,20.02,13.65,52.68,1661.22,5.32,Sugarcane,Sowing,Yes,South
Clay,7.11,29.1,32.92,57.28,2160.29,8.35,Cotton,Flowering,Yes,West
Clay,5.21,54.1,40.78,85.31,333.16,6.59,Maize,Sowing,Yes,East
Silt,5.19,23.35,31.76,54.02,1514.38,4.21,Rice,Harvest,Yes,East
Loamy,6.2,58.28,20.26,79.05,1915.04,14.63,Potato,Vegetative,No,West
Sandy,7.0,11.13,17.45,35.99,2344.6,2.37,Cotton,Sowing,Yes,North
Silt,7.22,61.63,18.98,53.68,252.21,10.48,Cotton,Flowering,No,West
Sandy,5.41,39.96,18.65,35.85,599.1,10.95,Wheat,Harvest,Yes,North
Sandy,5.07,45.55,21.41,91.48,886.48,19.13,Cotton,Flowering,Yes,East
Loamy,8.0,28.96,14.92,37.44,1351.88,17.45,Cotton,Flowering,Yes,Central
Loamy,5.69,52.57,38.87,54.34,1021.53,10.09,Cotton,Vegetative,Yes,West
Silt,7.7,17.49,38.55,30.76,2152.79,16.96,Wheat,Flowering,No,West
Loamy,7.74,10.79,30.46,89.5,2376.32,15.92,Potato,Sowing,Yes,North
Loamy,7.43,30.54,13.86,68.67,175.2,1.04,Rice,Sowing,No,Central
Silt,5.37,56.66,36.12,92.37,1749.2,18.48,Maize,Flowering,Yes,South
Loamy,7.59,51.03,13.85,27.96,285.68,13.91,Wheat,Sowing,No,South
Clay,7.42,37.48,15.19,37.25,2244.89,13.6,Maize,Flowering,No,South
Sandy,6.83,40.61,21.76,51.6,355.25,14.41,Sugarcane,Vegetative,Yes,East
Sandy,5.95,15.4,24.94,68.5,2478.78,4.88,Potato,Flowering,Yes,West
Sandy,5.69,55.92,22.62,48.07,1069.38,1.07,Cotton,Harvest,Yes,South
Sandy,5.21,52.86,16.96,74.83,954.84,5.02,Cotton,Vegetative,Yes,West
Silt,6.53,45.42,15.36,36.56,1465.7,15.99,Cotton,Harvest,Yes,South
Sandy,6.79,34.57,37.78,67.04,985.89,12.15,Potato,Flowering,Yes,South
Sandy,6.02,62.97,22.9,52.86,586.73,7.54,Cotton,Harvest,No,West
Sandy,6.42,58.1,18.56,60.58,1572.86,5.21,Potato,Vegetative,No,South
Sandy,6.04,44.73,26.61,64.87,1820.91,16.1,Rice,Harvest,No,North
Clay,6.98,29.19,13.1,29.19,2363.3,9.43,Maize,Vegetative,No,North
Sandy,7.86,43.23,30.01,89.68,1022.8,12.43,Wheat,Harvest,No,West
Clay,5.36,40.8,19.45,80.03,1764.43,0.75,Potato,Harvest,No,North
Silt,6.1,30.47,29.95,55.97,2084.01,8.88,Wheat,Harvest,Yes,Central
Loamy,5.28,25.48,30.42,63.32,2078.46,0.8,Potato,Harvest,No,West
Sandy,6.92,31.2,36.28,27.28,85.68,15.85,Rice,Vegetative,Yes,East
Loamy,7.28,40.71,18.9,59.86,889.26,5.36,Potato,Harvest,No,South
Loamy,7.97,32.4,25.9,54.84,33.55,3.76,Rice,Sowing,No,South
Silt,5.75,23.02,40.86,51.21,1397.7,18.56,Sugarcane,Sowing,No,West
Loamy,8.03,51.37,33.81,82.07,2162.73,0.85,Maize,Sowing,Yes,South
Clay,5.02,38.29,41.26,37.73,2037.3,4.36,Cotton,Harvest,No,West
Loamy,6.85,11.86,39.82,37.34,2028.12,5.19,Cotton,Vegetative,Yes,North
Loamy,4.99,28.99,30.32,61.52,879.59,16.54,Rice,Sowing,Yes,South
Loamy,7.84,58.44,19.92,73.1,115.82,14.35,Rice,Sowing,No,North
Sandy,6.6,51.05,34.71,26.57,431.04,19.36,Wheat,Harvest,Yes,South
Sandy,7.08,26.43,32.94,63.21,1676.73,14.05,Wheat,Sowing,No,Central
Clay,7.63,61.48,29.67,45.91,334.61,5.11,Rice,Harvest,No,East
Clay,5.31,12.37,32.93,77.98,313.32,3.75,Sugarcane,Sowing,Yes,West
Sandy,4.93,62.79,30.41,57.82,884.19,15.23,Sugarcane,Flowering,Yes,West
Clay,7.79,22.01,27.58,83.39,236.34,18.07,Cotton,Vegetative,Yes,West
Sandy,5.87,8.52,24.48,52.79,824.46,18.28,Sugarcane,Harvest,Yes,North
Silt,5.24,32.73,13.34,82.9,2424.23,15.54,Cotton,Harvest,Yes,South
Loamy,6.39,28.46,37.97,75.16,49.88,15.99,Sugarcane,Flowering,No,South
Loamy,6.83,38.73,37.97,82.98,2076.36,13.42,Sugarcane,Vegetative,Yes,North
Clay,4.91,53.42,29.82,81.87,2484.05,14.85,Rice,Harvest,No,West
Sandy,5.73,56.02,20.04,59.05,1091.01,2.76,Sugarcane,Harvest,No,South
Sandy,4.91,30.87,12.84,50.77,2357.64,6.92,Cotton,Flowering,Yes,South
Clay,6.23,32.5,12.04,78.56,652.86,9.43,Maize,Sowing,Yes,East
Sandy,7.84,16.45,14.19,50.31,2455.74,13.45,Potato,Sowing,No,South
Silt,8.14,10.71,22.8,31.26,2153.88,8.64,Maize,Harvest,No,Central
Loamy,6.97,44.55,17.65,85.12,2211.74,7.81,Wheat,Flowering,No,Central
Clay,5.35,11.67,19.95,52.8,326.0,11.49,Potato,Flowering,Yes,East
Clay,7.88,49.83,32.99,34.28,2175.16,8.19,Cotton,Harvest,No,West
Sandy,6.56,38.73,40.77,70.25,2354.56,1.91,Rice,Sowing,No,West
Clay,5.32,19.32,18.2,87.28,2047.62,19.4,Rice,Harvest,Yes,North
Silt,7.93,38.75,25.97,85.27,228.41,18.56,Wheat,Sowing,Yes,Central
Sandy,7.38,18.43,41.74,63.81,211.94,1.26,Maize,Flowering,No,West
Sandy,7.29,33.01,39.95,31.16,894.01,10.82,Cotton,Vegetative,No,North
Sandy,7.21,53.57,22.57,73.76,1762.31,14.4,Sugarcane,Flowering,No,Central
Sandy,5.48,34.33,21.59,67.62,31.13,12.39,Wheat,Flowering,No,North
Silt,5.52,16.48,19.27,39.71,2376.61,7.39,Cotton,Harvest,Yes,West
Sandy,7.14,49.26,16.66,88.04,1313.62,16.16,Sugarcane,Flowering,No,Central
Clay,5.55,18.65,25.8,31.07,895.93,12.49,Sugarcane,Flowering,No,East
Silt,6.29,50.1,22.23,51.11,1403.07,5.16,Cotton,Harvest,No,Central
Loamy,7.46,35.32,34.35,31.62,1789.47,12.42,Rice,Flowering,No,West
Loamy,7.47,33.86,19.11,88.84,683.2,5.86,Potato,Harvest,Yes,West
Clay,6.34,56.53,34.09,27.48,727.81,12.12,Cotton,Sowing,Yes,West
Clay,7.49,48.39,20.64,54.8,1170.44,15.4,Cotton,Flowering,Yes,East
Silt,7.65,9.88,29.78,85.32,1674.83,6.4,Rice,Sowing,Yes,Central
Loamy,7.03,24.88,31.15,42.6,1765.93,6.01,Wheat,Sowing,No,East
Loamy,5.58,57.64,32.15,32.35,810.14,14.67,Rice,Flowering,Yes,North
Loamy,5.73,9.04,17.26,33.89,806.23,10.41,Sugarcane,Flowering,Yes,North
Loamy,5.87,39.08,20.48,53.35,1217.77,3.21,Maize,Flowering,Yes,North
Loamy,5.2,49.49,19.38,55.0,1354.8,11.14,Wheat,Vegetative,Yes,Central
Sandy,5.73,43.45,29.28,75.27,1623.54,13.43,Cotton,Vegetative,No,South
Clay,5.51,51.35,14.27,41.66,1544.27,10.08,Cotton,Harvest,No,West
Sandy,6.35,49.36,27.55,74.13,931.29,12.67,Potato,Sowing,Yes,Central
Loamy,7.89,47.45,14.62,94.93,742.22,7.61,Sugarcane,Flowering,No,South
Silt,5.16,54.83,22.11,85.5,769.8,17.62,Sugarcane,Sowing,Yes,South
Silt,7.25,44.8,32.6,69.49,1613.5,5.18,Wheat,Flowering,No,North
Loamy,7.14,30.94,24.38,90.79,1082.87,5.99,Wheat,Flowering,Yes,Central
Loamy,5.13,34.9,20.41,94.38,335.87,15.59,Wheat,Harvest,Yes,South
Silt,7.94,48.85,30.48,64.92,14.81,1.63,Sugarcane,Flowering,Yes,South
Sandy,6.73,57.95,34.21,44.15,74.19,19.75,Maize,Sowing,No,South
Sandy,6.04,23.52,19.64,89.05,2168.79,12.77,Rice,Vegetative,No,Central
Loamy,7.37,27.5,20.98,84.09,1144.57,16.25,Sugarcane,Sowing,No,Central
Sandy,5.68,61.05,31.21,30.92,1643.57,11.89,Maize,Sowing,No,West
Silt,7.16,40.98,40.96,90.55,2322.59,15.83,Sugarcane,Vegetative,No,South
Sandy,4.94,18.2,18.42,50.64,315.7,8.97,Rice,Harvest,Yes,West
Loamy,7.65,45.83,31.63,47.55,1119.04,11.75,Wheat,Flowering,No,North
Silt,6.32,64.47,39.2,49.03,1347.67,13.41,Maize,Sowing,Yes,West
Sandy,6.96,54.94,25.86,47.4,2103.84,18.09,Wheat,Harvest,No,North
Clay,5.55,50.51,21.51,61.12,2484.3,1.18,Rice,Flowering,No,South
Silt,7.1,19.86,32.01,65.58,1779.2,2.62,Sugarcane,Flowering,Yes,West
Silt,7.43,57.94,12.94,54.79,1604.59,13.97,Cotton,Harvest,Yes,North
Clay,6.41,37.97,22.8,53.88,2300.78,7.22,Rice,Harvest,Yes,Central
Clay,6.9,58.69,19.74,76.61,2093.45,13.72,Rice,Vegetative,Yes,East
Silt,6.35,26.8,18.74,25.21,2162.61,4.94,Potato,Sowing,No,Central
Clay,7.84,11.54,17.39,91.28,6.76,12.75,Maize,Vegetative,No,South
Loamy,6.49,35.13,34.11,75.01,1286.08,9.82,Potato,Sowing,No,West
Loamy,7.66,23.38,40.65,74.51,1956.82,2.9,Cotton,Vegetative,Yes,North
Loamy,7.52,48.77,23.54,54.54,453.64,18.62,Maize,Flowering,Yes,South
Silt,6.2,62.56,13.47,92.61,1878.63,15.95,Potato,Harvest,Yes,West
Clay,5.58,47.39,33.57,25.02,22.9,15.73,Maize,Vegetative,No,South
Clay,6.18,58.56,28.15,30.35,1437.92,14.09,Potato,Harvest,No,East
Sandy,7.61,33.82,33.71,81.28,2128.32,0.92,Wheat,Flowering,Yes,West
Sandy,5.57,51.98,31.44,76.71,1078.37,10.34,Rice,Sowing,No,South
Clay,6.58,56.05,39.16,43.99,1848.63,15.14,Rice,Sowing,Yes,East
Clay,7.54,48.52,16.21,66.63,1326.0,4.73,Rice,Vegetative,Yes,South
Clay,6.0,36.94,17.07,62.24,1618.23,12.5,Cotton,Vegetative,No,Central
Silt,6.98,43.67,22.25,61.9,1291.67,18.62,Wheat,Harvest,No,Central
Clay,5.64,47.93,26.74,66.69,1189.59,15.18,Cotton,Flowering,Yes,West
Sandy,5.17,22.43,39.77,94.56,2104.07,11.18,Sugarcane,Sowing,Yes,West
Silt,7.5,54.15,39.21,94.11,231.86,6.54,Maize,Flowering,Yes,Central
Clay,5.14,62.17,38.16,93.72,1461.63,12.91,Maize,Harvest,Yes,Central
Sandy,5.72,34.52,18.68,63.41,287.03,14.43,Cotton,Vegetative,No,Central
Silt,7.71,47.96,33.89,47.27,1407.02,12.94,Potato,Vegetative,No,Central
Clay,5.98,50.01,23.5,64.21,2408.99,15.23,Cotton,Harvest,Yes,Central
Clay,8.11,45.75,39.94,68.59,142.74,5.95,Maize,Harvest,No,East
Clay,8.13,39.19,18.44,46.8,1055.02,10.4,Wheat,Vegetative,No,East
Silt,5.71,58.25,16.24,69.29,2004.93,11.2,Wheat,Vegetative,No,East
Sandy,4.94,33.59,37.27,68.54,924.23,2.25,Potato,Sowing,Yes,East
Sandy,7.2,11.48,33.51,88.24,1300.79,3.94,Potato,Flowering,Yes,Central
Loamy,6.33,56.14,36.64,41.63,286.77,6.48,Potato,Sowing,No,North
Clay,5.14,46.42,16.74,73.83,557.68,1.43,Potato,Sowing,Yes,North
Loamy,7.21,56.41,38.54,56.55,1716.06,5.06,Maize,Sowing,Yes,Central
Loamy,4.91,15.9,32.33,34.09,2071.47,10.68,Sugarcane,Harvest,No,South
Sandy,7.76,9.75,31.55,47.13,1616.14,11.06,Cotton,Vegetative,No,West
Silt,5.27,61.26,29.48,29.01,2092.3,5.36,Rice,Vegetative,No,Central
Silt,5.23,16.42,34.95,47.35,1514.14,18.96,Sugarcane,Flowering,Yes,South
Sandy,5.4,54.15,24.47,29.83,2025.52,9.61,Wheat,Sowing,No,South
Silt,8.06,54.92,15.98,89.78,2457.22,12.93,Rice,Vegetative,Yes,North
Loamy,7.16,48.4,28.18,32.12,207.06,1.09,Potato,Sowing,No,East
Clay,7.52,15.48,34.44,82.21,1199.12,8.28,Rice,Sowing,No,West
Sandy,6.15,46.04,16.61,88.43,474.73,11.07,Potato,Sowing,No,Central
Clay,5.94,58.68,18.72,57.74,1163.07,6.59,Sugarcane,Vegetative,Yes,South
Silt,5.6,32.26,32.9,28.77,1248.97,3.84,Sugarcane,Sowing,Yes,West
Clay,6.43,31.57,20.09,66.7,1554.8,4.42,Cotton,Flowering,Yes,West
Silt,6.68,33.24,17.1,41.43,1098.24,9.6,Sugarcane,Vegetative,No,West
Silt,6.95,12.69,38.68,37.37,811.78,1.88,Maize,Flowering,No,Central
Loamy,5.67,58.85,16.83,64.67,107.92,5.07,Wheat,Vegetative,Yes,North
Silt,8.03,57.54,22.32,49.95,86.98,14.53,Cotton,Sowing,No,North
Loamy,5.38,64.88,24.85,76.13,437.52,4.69,Potato,Harvest,Yes,South
Loamy,8.08,41.36,26.28,66.39,1122.47,2.78,Cotton,Sowing,No,Central
Loamy,4.85,50.82,22.84,83.05,1043.79,2.13,Maize,Harvest,No,South
Sandy,6.44,19.55,39.38,29.09,476.74,19.78,Rice,Sowing,Yes,Central
Sandy,5.93,46.05,31.76,41.44,2055.85,2.19,Sugarcane,Vegetative,Yes,West
Silt,6.33,45.03,22.78,64.69,1708.73,8.95,Rice,Flowering,No,West
Loamy,6.74,59.37,22.73,86.63,857.91,10.47,Potato,Flowering,No,North
Sandy,6.28,55.36,27.09,81.94,1992.42,19.31,Wheat,Harvest,Yes,North
Loamy,6.21,61.49,13.01,72.57,2473.11,17.88,Wheat,Sowing,Yes,Central
Clay,7.29,57.52,39.8,65.19,612.61,5.13,Cotton,Flowering,Yes,West
Clay,7.13,57.52,18.7,69.2,906.47,2.15,Sugarcane,Flowering,Yes,South
Clay,7.63,11.63,32.93,39.95,2482.25,9.04,Rice,Flowering,No,East
Silt,5.65,56.22,35.33,66.66,344.71,2.47,Sugarcane,Sowing,Yes,South
Loamy,6.87,42.63,36.82,59.56,192.97,17.49,Potato,Vegetative,Yes,West
Clay,6.79,29.69,16.97,51.91,1302.48,14.22,Cotton,Sowing,No,East
Sandy,6.06,11.22,28.1,87.14,1171.07,18.9,Cotton,Sowing,No,North
Clay,6.45,46.63,14.51,83.06,195.72,11.6,Rice,Harvest,Yes,Central
Clay,5.87,26.71,36.14,30.37,725.09,7.61,Sugarcane,Flowering,No,North
Clay,5.28,34.66,26.59,94.0,1047.34,10.26,Maize,Sowing,No,East
Silt,5.53,46.86,16.75,41.1,2055.52,3.64,Wheat,Flowering,Yes,East
Sandy,5.16,59.97,33.56,40.07,1769.61,9.53,Wheat,Sowing,Yes,North
Loamy,7.12,55.05,21.94,91.07,2286.32,19.97,Wheat,Sowing,Yes,South
Sandy,7.05,33.68,15.44,56.14,831.25,13.96,Potato,Vegetative,No,East
Loamy,8.03,30.1,25.83,81.38,773.45,1.72,Cotton,Flowering,Yes,Central
Silt,7.28,21.67,19.06,45.17,1157.95,14.65,Maize,Sowing,Yes,East
Silt,4.98,29.23,40.51,86.12,18.82,2.46,Cotton,Harvest,Yes,West
Silt,7.81,14.33,22.84,83.26,518.3,8.12,Rice,Sowing,Yes,South
Silt,7.73,63.35,29.17,61.36,528.68,15.83,Sugarcane,Vegetative,Yes,West
Loamy,6.31,40.71,40.45,74.35,152.73,3.0,Sugarcane,Flowering,Yes,Central
Clay,6.79,15.28,23.81,92.48,1137.83,6.21,Potato,Sowing,No,East
Loamy,8.12,28.11,22.74,56.64,2263.8,4.31,Sugarcane,Harvest,No,South
Sandy,6.61,39.18,16.87,59.59,10.08,17.47,Sugarcane,Harvest,Yes,South
Silt,7.88,38.37,40.15,75.6,1571.04,3.38,Cotton,Flowering,Yes,Central
Silt,5.08,10.02,36.02,52.05,2198.33,10.95,Sugarcane,Sowing,Yes,North
Sandy,5.45,62.2,18.63,92.29,268.8,5.87,Rice,Harvest,No,West
Loamy,6.3,23.7,21.98,27.83,2293.15,10.39,Maize,Flowering,No,North
Clay,6.79,8.92,39.45,53.24,2046.3,3.76,Cotton,Harvest,Yes,South
Clay,7.58,12.36,28.12,74.97,536.43,15.27,Rice,Flowering,No,East
Sandy,8.16,41.07,28.69,55.06,2263.36,13.04,Rice,Harvest,Yes,North
Clay,6.12,15.85,31.44,43.15,2010.04,1.35,Wheat,Harvest,Yes,North
Loamy,4.96,10.38,34.86,53.94,278.47,18.98,Maize,Harvest,No,East
Loamy,7.52,29.64,40.18,86.71,2076.5,17.91,Wheat,Sowing,Yes,North
Sandy,6.85,43.5,36.07,63.29,1355.46,6.31,Sugarcane,Vegetative,Yes,West
Loamy,5.48,14.37,40.04,48.46,2039.9,6.19,Rice,Sowing,No,South
Silt,6.48,25.86,36.62,72.01,1544.16,10.23,Wheat,Vegetative,Yes,South
Sandy,7.32,31.81,13.39,67.83,979.64,12.57,Potato,Vegetative,No,South
Loamy,7.42,17.09,15.53,64.23,1502.85,6.18,Rice,Sowing,No,Central
Sandy,6.5,36.85,38.55,52.38,1590.45,16.01,Potato,Sowing,Yes,West
Clay,5.84,12.86,12.83,30.05,1915.52,2.03,Sugarcane,Harvest,Yes,East
Loamy,8.11,10.65,35.83,68.45,2076.7,8.26,Sugarcane,Vegetative,Yes,North
Silt,7.06,37.63,37.5,54.39,1658.03,11.34,Maize,Sowing,Yes,East
Loamy,6.19,22.13,24.46,55.01,2474.12,16.09,Potato,Sowing,Yes,North
Sandy,5.75,13.44,22.65,41.39,1946.38,17.5,Sugarcane,Vegetative,No,Central
Sandy,7.29,32.16,17.83,42.46,2276.91,5.27,Maize,Sowing,Yes,East
Loamy,5.62,60.16,13.47,80.12,798.74,5.2,Sugarcane,Harvest,No,North
Silt,5.38,49.28,34.36,58.56,790.57,7.68,Sugarcane,Sowing,No,North
Silt,6.6,54.49,14.21,32.65,905.84,8.84,Potato,Flowering,No,Central
Silt,5.79,57.7,40.34,28.21,1099.29,17.04,Maize,Vegetative,No,South
Sandy,6.94,63.44,20.9,40.73,2403.5,0.65,Wheat,Flowering,Yes,West
Loamy,5.2,51.51,35.83,59.12,183.83,13.86,Cotton,Flowering,No,South
Clay,7.03,42.68,13.79,68.21,1246.11,4.79,Wheat,Sowing,Yes,North
Sandy,5.76,28.83,28.09,35.06,402.9,17.71,Sugarcane,Harvest,Yes,Central
Silt,4.8,18.35,22.47,55.37,2027.23,6.69,Rice,Vegetative,Yes,Central
Loamy,5.23,47.14,12.9,30.08,77.86,10.98,Cotton,Vegetative,Yes,West
Silt,7.97,64.71,31.67,27.64,1137.86,6.92,Sugarcane,Sowing,Yes,East
Clay,7.75,34.64,40.29,85.43,986.85,8.79,Maize,Flowering,No,North
Silt,5.59,49.25,12.32,71.08,230.45,10.68,Rice,Vegetative,No,North
Silt,7.45,36.22,20.11,79.68,941.8,15.08,Cotton,Flowering,Yes,East
Clay,6.87,32.62,33.11,37.73,2022.58,2.85,Cotton,Sowing,No,North
Loamy,8.1,31.39,38.14,47.55,343.69,7.37,Cotton,Harvest,Yes,South
Sandy,6.07,36.76,17.72,56.07,2458.76,12.97,Rice,Sowing,No,South
Loamy,7.12,28.91,14.12,71.06,146.14,11.98,Potato,Flowering,Yes,North
Clay,5.02,50.68,12.26,62.44,722.76,15.73,Rice,Flowering,No,East
Silt,6.15,57.83,18.46,63.6,1937.25,17.84,Maize,Vegetative,Yes,East
Loamy,8.08,58.32,14.14,35.99,893.8,2.33,Rice,Vegetative,No,South
Sandy,6.63,20.98,22.78,58.24,1200.88,14.42,Rice,Sowing,No,West
Clay,5.78,59.07,25.2,82.67,466.65,6.04,Wheat,Flowering,Yes,North
Loamy,5.21,27.47,26.4,60.66,1788.74,9.89,Maize,Flowering,Yes,East
Sandy,7.19,25.63,16.27,38.98,448.85,12.74,Maize,Sowing,No,West
Clay,6.99,49.43,25.92,53.94,2121.83,3.44,Cotton,Flowering,Yes,North
Sandy,6.07,25.37,12.27,77.84,1348.75,7.26,Sugarcane,Flowering,Yes,South
Clay,8.03,11.02,19.18,34.45,1370.39,19.53,Cotton,Harvest,No,Central
Silt,4.88,29.3,23.07,65.63,2333.78,3.16,Maize,Harvest,No,West
Loamy,5.83,49.12,15.55,92.57,1932.5,2.12,Potato,Flowering,No,West
Sandy,7.93,26.64,36.42,51.62,1857.85,16.82,Maize,Sowing,No,South
Clay,5.89,43.88,18.04,28.05,2145.1,8.9,Sugarcane,Flowering,Yes,West
Sandy,5.66,45.63,34.65,69.32,229.54,13.66,Sugarcane,Vegetative,Yes,South
Sandy,6.62,49.82,26.22,28.3,1815.11,6.46,Sugarcane,Vegetative,No,West
Loamy,7.6,59.14,26.39,38.41,583.02,4.37,Sugarcane,Sowing,No,Central
Silt,5.15,32.66,31.36,28.39,702.37,4.64,Cotton,Sowing,No,East
Sandy,8.01,17.49,13.33,36.95,37.87,4.31,Rice,Harvest,Yes,Central
Clay,7.5,26.18,14.36,84.85,2234.3,5.32,Cotton,Vegetative,No,South
Clay,5.42,32.63,21.81,76.44,1847.78,4.81,Sugarcane,Flowering,Yes,North
Silt,7.22,48.69,24.5,48.93,348.22,16.37,Cotton,Flowering,Yes,West
Clay,6.11,8.75,24.9,87.8,819.81,10.9,Cotton,Sowing,Yes,South
Silt,6.17,26.0,32.31,71.56,1199.83,6.28,Cotton,Flowering,Yes,East
Clay,7.46,52.45,12.02,56.34,1234.78,7.23,Sugarcane,Vegetative,Yes,East
Loamy,8.07,46.24,40.77,29.78,1489.13,19.18,Sugarcane,Flowering,No,East
Sandy,5.23,49.71,17.23,76.15,1180.46,4.09,Sugarcane,Harvest,No,West
Loamy,6.23,54.27,19.46,51.29,1621.61,17.79,Wheat,Flowering,Yes,East
Sandy,6.44,52.64,39.17,46.2,2209.68,14.87,Potato,Vegetative,No,Central
Sandy,6.08,46.88,12.16,45.18,995.18,12.46,Rice,Sowing,Yes,North
Sandy,6.03,33.06,41.74,25.54,2191.78,12.67,Maize,Harvest,No,West
Loamy,4.98,64.07,13.08,76.99,549.03,8.75,Wheat,Harvest,Yes,North
Sandy,7.13,40.44,15.62,35.17,303.45,9.06,Wheat,Harvest,No,Central
Loamy,6.28,19.56,19.2,61.45,598.5,16.02,Wheat,Flowering,No,North
Silt,5.46,24.69,25.16,26.13,516.48,16.31,Wheat,Flowering,Yes,West
Clay,7.57,47.53,27.55,68.95,2462.7,11.64,Cotton,Flowering,No,Central
Clay,7.53,60.71,15.14,50.86,952.63,15.49,Wheat,Harvest,No,Central
Sandy,6.45,18.19,14.21,69.15,1628.68,16.3,Rice,Flowering,No,East
Loamy,5.81,12.69,12.96,31.29,1740.13,6.98,Sugarcane,Harvest,Yes,Central
Clay,6.97,58.25,19.7,43.64,1113.02,12.66,Maize,Harvest,Yes,East
Loamy,5.78,60.17,39.65,32.72,558.93,9.0,Potato,Flowering,Yes,West
Loamy,5.6,23.75,23.7,70.22,1095.25,2.41,Rice,Sowing,Yes,West
Sandy,7.28,29.51,34.92,32.6,1184.4,13.15,Wheat,Harvest,Yes,Central
Clay,4.94,45.63,17.71,68.2,2385.02,11.96,Sugarcane,Flowering,Yes,East
Sandy,5.12,26.81,13.94,34.43,1421.56,2.5,Wheat,Vegetative,No,Central
Sandy,4.82,58.0,28.63,91.03,2424.68,1.88,Maize,Sowing,No,South
Clay,5.32,14.13,36.66,54.15,1441.78,5.37,Wheat,Vegetative,Yes,West
Clay,5.03,10.16,38.95,33.86,362.5,16.75,Cotton,Flowering,No,East
Silt,8.19,19.88,28.39,27.93,960.94,1.74,Potato,Sowing,No,West
Silt,5.78,24.31,20.82,48.06,1980.78,9.48,Cotton,Flowering,No,North
Loamy,5.31,14.44,15.29,87.4,1054.06,3.99,Wheat,Vegetative,No,South
Clay,5.62,11.74,32.03,35.07,249.33,5.44,Sugarcane,Vegetative,No,Central
Silt,7.98,51.07,20.41,80.36,240.19,15.51,Potato,Flowering,Yes,North
Loamy,6.57,17.36,37.32,54.22,592.66,17.09,Maize,Flowering,Yes,North
Loamy,6.04,60.09,30.15,81.2,1411.93,11.82,Wheat,Sowing,No,South
Loamy,7.77,28.98,37.77,86.2,2075.39,17.33,Maize,Sowing,No,South
Silt,6.14,46.22,29.0,94.85,1334.28,17.21,Wheat,Flowering,Yes,North
Clay,5.94,20.85,35.15,29.77,1865.2,4.82,Potato,Sowing,Yes,East
Sandy,5.5,21.7,20.83,80.74,1613.98,13.08,Maize,Harvest,No,Central
Loamy,6.08,40.76,27.09,29.88,1310.25,15.68,Wheat,Sowing,Yes,East
Silt,5.88,39.96,12.58,47.04,537.02,11.44,Cotton,Harvest,Yes,East
Silt,7.1,51.82,30.23,70.24,2207.92,16.21,Wheat,Sowing,Yes,East
Sandy,5.78,51.2,28.01,56.31,689.29,12.76,Cotton,Vegetative,Yes,North
Sandy,6.76,46.23,34.66,64.57,632.05,6.05,Sugarcane,Vegetative,Yes,East
Silt,5.02,33.6,33.87,92.63,644.49,13.87,Wheat,Flowering,No,East
Clay,5.45,58.77,30.83,82.31,239.21,11.97,Maize,Sowing,No,North
Sandy,6.19,43.49,13.7,50.46,1246.64,12.69,Sugarcane,Flowering,Yes,North
Silt,7.99,64.44,39.09,67.0,818.83,2.36,Cotton,Vegetative,No,Central
Sandy,6.08,54.7,12.54,28.39,1304.85,2.95,Sugarcane,Sowing,Yes,West
Clay,7.06,10.53,36.1,56.7,1132.79,16.39,Wheat,Harvest,No,West
Loamy,5.67,26.27,26.38,67.59,1299.48,8.91,Rice,Sowing,Yes,South
Sandy,5.23,40.6,36.54,75.03,744.13,4.7,Wheat,Vegetative,Yes,Central
Clay,5.0,49.12,25.95,88.11,2037.85,2.31,Cotton,Sowing,No,Central
Silt,5.84,39.37,31.41,44.81,1335.48,5.63,Sugarcane,Sowing,No,South
Sandy,5.34,52.81,22.9,88.15,521.09,6.26,Rice,Flowering,Yes,West
Sandy,5.39,24.11,34.31,71.31,2254.51,19.67,Potato,Flowering,No,Central
Silt,7.39,18.48,19.63,30.44,273.64,16.77,Potato,Vegetative,Yes,North
Loamy,4.85,11.07,33.58,51.62,1833.59,2.03,Potato,Flowering,No,West
Silt,6.7,40.68,17.8,58.36,1696.12,15.09,Maize,Flowering,No,North
Sandy,6.09,47.25,33.67,49.67,182.15,11.5,Sugarcane,Sowing,Yes,Central
Silt,6.52,26.59,20.81,33.12,2253.77,4.96,Sugarcane,Flowering,Yes,North
Clay,6.71,42.97,20.36,63.61,790.78,15.06,Wheat,Flowering,No,South
Silt,5.87,10.97,36.34,34.22,1852.24,1.09,Maize,Sowing,No,West
Sandy,5.8,13.66,36.41,89.05,692.5,14.76,Rice,Flowering,No,Central
Silt,7.29,48.0,32.74,85.57,1314.23,17.96,Sugarcane,Flowering,No,South
Loamy,7.76,28.98,39.72,58.27,2430.83,17.71,Wheat,Harvest,No,South
Silt,5.45,46.27,16.69,29.74,1526.94,15.56,Wheat,Vegetative,Yes,Central
Loamy,5.13,55.41,20.08,63.65,740.81,18.73,Rice,Sowing,No,North
Clay,7.85,56.6,20.82,66.46,1145.94,14.29,Maize,Flowering,Yes,South
Loamy,5.99,17.81,21.16,87.19,1690.1,13.89,Maize,Flowering,Yes,West
Silt,6.67,35.72,21.84,29.73,1112.97,1.01,Wheat,Flowering,No,South
Sandy,6.02,49.83,32.91,73.45,2276.87,3.9,Maize,Flowering,No,South
Loamy,5.23,52.12,20.12,64.4,2168.65,15.74,Maize,Sowing,No,North
Clay,6.8,52.73,20.58,37.23,367.03,19.95,Wheat,Flowering,Yes,West
Loamy,6.59,21.01,29.11,33.52,1962.35,14.54,Sugarcane,Vegetative,No,West
Loamy,5.49,18.97,17.8,73.58,2356.04,11.81,Sugarcane,Vegetative,Yes,West
Loamy,6.34,41.63,22.95,48.79,792.27,4.08,Potato,Flowering,No,West
Clay,7.51,50.24,13.74,95.0,595.55,18.98,Maize,Flowering,Yes,South
Silt,6.81,26.19,40.58,87.58,23.97,13.17,Wheat,Sowing,Yes,West
Loamy,5.13,13.97,21.52,64.6,289.14,10.04,Sugarcane,Harvest,No,Central
Loamy,6.66,48.85,37.5,69.92,2402.28,17.3,Potato,Sowing,No,East
Sandy,7.19,25.08,27.9,36.12,977.8,19.09,Potato,Sowing,Yes,East
Clay,7.5,17.48,18.85,87.58,968.35,7.74,Sugarcane,Vegetative,Yes,Central
Loamy,6.94,16.42,17.8,57.13,666.7,10.56,Potato,Vegetative,No,South
Clay,5.32,25.95,32.85,61.49,410.15,2.74,Wheat,Harvest,Yes,Central
Loamy,7.21,41.78,40.95,86.12,1271.98,19.22,Rice,Flowering,No,North
Silt,7.1,28.43,17.49,25.44,1807.97,2.85,Potato,Harvest,No,South
Silt,4.88,9.18,15.46,59.6,1376.99,18.62,Maize,Flowering,Yes,North
Loamy,6.2,13.52,23.61,68.87,88.63,4.23,Maize,Vegetative,Yes,East
Silt,5.93,24.56,23.81,36.15,2008.67,18.22,Potato,Vegetative,No,West
Loamy,7.08,45.6,36.19,29.78,2328.99,9.32,Sugarcane,Flowering,Yes,North
Silt,5.53,13.62,26.07,62.45,1100.94,12.05,Wheat,Vegetative,Yes,East
Sandy,6.81,39.96,13.87,63.33,916.16,1.19,Cotton,Harvest,No,North
Sandy,7.9,14.83,39.62,48.12,574.64,8.19,Potato,Harvest,No,South
Sandy,7.51,20.06,23.2,86.76,754.68,10.12,Cotton,Harvest,No,South
Clay,7.93,17.81,32.06,46.08,1611.12,0.68,Wheat,Flowering,No,West
Clay,8.13,11.83,32.02,61.15,1925.37,13.39,Wheat,Sowing,No,South
Sandy,4.84,46.27,13.69,38.07,830.54,16.86,Rice,Harvest,No,South
Clay,6.92,34.41,12.11,25.78,849.18,0.98,Cotton,Flowering,No,North
Silt,6.2,55.37,14.64,54.82,1127.75,10.1,Wheat,Sowing,Yes,East
Loamy,7.72,13.64,40.7,61.89,425.51,1.16,Wheat,Sowing,No,North
Loamy,5.66,16.25,35.82,78.53,2318.02,17.53,Maize,Harvest,Yes,North
Loamy,8.14,25.47,15.96,56.41,1763.64,3.64,Cotton,Vegetative,Yes,West
Sandy,6.89,51.65,30.45,44.51,1083.96,1.64,Wheat,Vegetative,No,North
Clay,7.5,25.43,30.36,67.3,305.68,17.23,Cotton,Harvest,Yes,South
Silt,5.09,31.28,12.02,51.68,2122.06,9.17,Wheat,Sowing,Yes,South
Silt,5.42,25.19,24.87,41.34,1209.29,2.36,Potato,Harvest,Yes,South
Sandy,7.38,12.57,33.35,88.72,1992.21,13.13,Cotton,Sowing,No,East
Silt,4.87,61.55,17.6,62.57,83.49,14.26,Rice,Vegetative,Yes,West
Silt,7.58,39.27,37.53,39.03,684.14,11.58,Rice,Harvest,Yes,South
Silt,4.85,52.91,31.81,71.96,1555.24,6.98,Rice,Flowering,Yes,West
Silt,7.03,45.53,12.21,81.22,1219.81,8.78,Sugarcane,Vegetative,Yes,Central
Clay,6.04,37.31,37.65,78.1,737.68,19.12,Wheat,Vegetative,Yes,South
Silt,6.88,13.11,12.58,66.97,502.83,10.92,Maize,Sowing,Yes,South
Loamy,7.17,44.64,38.64,61.37,754.53,8.24,Sugarcane,Vegetative,No,North
Sandy,5.96,16.86,22.01,79.41,1855.85,14.31,Cotton,Sowing,No,Central
Clay,5.17,31.62,32.96,74.57,459.27,1.99,Wheat,Sowing,Yes,South
Silt,5.04,43.86,35.62,65.0,1484.53,6.16,Wheat,Flowering,No,Central
Clay,6.8,52.59,20.44,71.04,1059.2,4.92,Sugarcane,Vegetative,No,West
Silt,6.57,47.05,22.69,36.8,1907.59,13.76,Wheat,Vegetative,No,West
Loamy,7.32,46.28,27.29,26.4,504.05,12.28,Wheat,Harvest,Yes,South
Sandy,6.53,16.5,29.48,90.18,675.22,15.31,Cotton,Harvest,Yes,North
Silt,6.24,27.73,20.76,90.47,996.72,8.82,Maize,Flowering,No,East
Silt,6.15,10.45,41.77,80.16,416.44,3.89,Cotton,Vegetative,Yes,North
Silt,4.89,49.01,34.11,51.06,1152.99,4.07,Potato,Flowering,Yes,East
Silt,5.94,62.3,20.22,35.55,1040.13,17.9,Sugarcane,Harvest,No,South
Sandy,8.12,23.05,31.21,50.01,2475.21,1.96,Wheat,Vegetative,No,South
Sandy,7.77,13.0,25.06,75.84,1484.66,12.09,Wheat,Vegetative,Yes,South
Loamy,5.92,35.11,37.81,48.46,173.66,5.02,Maize,Sowing,Yes,South
Sandy,6.8,56.83,21.87,80.71,1149.85,4.68,Maize,Flowering,Yes,South
Silt,7.68,39.46,17.64,72.11,2196.25,2.42,Rice,Vegetative,Yes,North
Loamy,6.3,10.67,13.38,69.1,2166.92,19.6,Maize,Harvest,No,West
Loamy,4.86,63.53,41.53,90.12,2404.51,1.69,Cotton,Harvest,No,North
Loamy,5.05,55.23,22.78,87.54,2235.58,3.38,Potato,Vegetative,No,West
Silt,6.54,15.5,18.62,74.82,440.75,7.62,Wheat,Flowering,No,South
Clay,8.1,60.54,26.75,38.95,8.93,9.39,Cotton,Sowing,Yes,Central
Silt,7.16,33.69,20.75,90.72,1540.63,19.04,Cotton,Vegetative,No,East
Sandy,5.04,29.2,18.99,40.9,1756.11,5.21,Cotton,Vegetative,Yes,East
Sandy,5.44,34.28,30.49,51.08,328.03,14.56,Cotton,Vegetative,Yes,North
Silt,7.42,55.57,14.25,82.87,417.09,13.3,Cotton,Sowing,No,West
Silt,7.66,45.59,27.27,39.61,2407.69,10.59,Cotton,Sowing,Yes,West
Loamy,6.9,11.38,23.62,69.7,2359.58,5.69,Wheat,Harvest,No,West
Silt,6.99,62.58,27.98,57.05,392.43,3.55,Cotton,Flowering,No,West
Loamy,4.9,16.42,21.61,68.68,617.52,3.94,Sugarcane,Vegetative,No,South
Sandy,7.62,50.5,29.11,92.06,2230.28,7.25,Cotton,Sowing,No,Central
Loamy,7.48,44.26,14.45,81.59,1087.48,3.17,Rice,Vegetative,Yes,East
Silt,5.68,18.69,23.28,45.71,1995.18,19.97,Potato,Flowering,Yes,East
Sandy,7.21,17.73,19.12,29.01,989.97,9.19,Cotton,Flowering,No,North
Clay,5.53,57.61,25.14,92.69,1840.96,11.01,Rice,Harvest,No,Central
Loamy,4.94,31.92,23.95,65.96,992.06,12.52,Wheat,Flowering,No,Central
Sandy,5.48,45.31,30.94,37.12,2247.95,4.32,Sugarcane,Flowering,No,North
Loamy,5.41,36.73,30.86,68.9,813.93,9.89,Wheat,Sowing,No,Central
Sandy,5.95,49.46,24.4,27.96,1307.8,1.73,Wheat,Harvest,Yes,North
Sandy,6.22,35.32,17.45,38.13,1304.39,19.4,Cotton,Harvest,No,West
Loamy,6.53,24.38,29.46,69.28,1622.18,9.72,Rice,Flowering,Yes,North
Clay,6.42,28.71,41.0,53.17,766.75,1.08,Sugarcane,Flowering,No,Central
Sandy,5.72,56.97,17.56,47.76,1606.65,12.18,Cotton,Sowing,No,Central
Sandy,4.9,34.68,14.07,70.88,352.59,2.45,Rice,Vegetative,No,West
Sandy,6.86,20.17,19.94,85.65,2234.03,15.9,Potato,Vegetative,No,East
Clay,6.15,61.27,24.39,72.5,360.43,19.09,Cotton,Sowing,Yes,East
Clay,5.82,53.41,21.19,57.44,2100.74,18.37,Wheat,Harvest,Yes,Central
Silt,7.75,11.17,37.04,71.12,1732.87,8.84,Rice,Flowering,Yes,South
Loamy,7.34,64.94,26.79,73.7,852.67,14.4,Potato,Harvest,No,East
Clay,7.72,47.61,19.38,79.25,818.58,3.54,Maize,Flowering,Yes,East
Loamy,6.48,17.14,40.51,46.49,2415.11,1.98,Cotton,Sowing,No,South
Silt,5.25,21.52,15.75,33.01,487.46,16.51,Wheat,Vegetative,Yes,Central
Loamy,7.17,47.47,15.69,72.73,1807.4,14.06,Rice,Flowering,No,East
Clay,5.5,52.45,19.36,33.48,459.21,18.19,Wheat,Vegetative,Yes,West
Loamy,6.3,21.63,14.3,57.34,2263.49,18.33,Cotton,Harvest,No,South
Clay,5.02,22.65,34.55,41.15,1854.85,7.27,Potato,Vegetative,No,West
Loamy,7.61,25.51,21.38,48.24,2331.76,6.71,Cotton,Harvest,No,South
Clay,5.23,42.09,33.9,57.94,2197.77,9.12,Cotton,Sowing,No,East
Clay,7.87,17.79,34.88,87.73,1373.75,13.48,Sugarcane,Harvest,Yes,North
Loamy,7.74,13.94,19.13,72.63,380.57,0.6,Sugarcane,Flowering,Yes,Central
Silt,6.38,46.7,27.55,37.01,553.65,10.92,Cotton,Sowing,No,Central
Sandy,7.33,52.41,27.59,86.56,504.54,0.88,Potato,Harvest,No,East
Silt,6.91,36.55,38.14,60.04,551.6,9.29,Sugarcane,Harvest,No,North
Loamy,7.53,28.74,12.77,39.3,1191.04,2.1,Potato,Flowering,Yes,South
Silt,6.27,32.63,21.5,61.92,2169.48,11.46,Wheat,Vegetative,No,South
Clay,7.47,30.14,38.47,38.36,57.79,6.63,Rice,Harvest,No,West
Sandy,6.37,62.72,19.1,50.71,596.2,9.84,Sugarcane,Sowing,Yes,Central
Loamy,8.0,51.78,16.11,81.39,1492.01,19.18,Sugarcane,Flowering,Yes,West
Loamy,6.45,19.86,29.28,71.1,2163.31,7.15,Potato,Sowing,No,North
Loamy,6.37,29.9,21.18,58.46,743.7,14.53,Potato,Sowing,Yes,East
Sandy,7.47,39.01,26.02,40.85,956.32,13.82,Sugarcane,Harvest,No,South
Clay,7.59,42.94,36.6,44.75,933.56,17.44,Sugarcane,Sowing,No,South
Loamy,6.69,34.69,27.62,93.48,734.23,7.02,Potato,Flowering,Yes,North
Silt,5.41,54.18,27.48,49.01,1746.91,1.59,Maize,Vegetative,No,South
Loamy,6.39,51.75,20.35,68.13,1639.54,19.43,Rice,Harvest,No,East
Loamy,8.09,36.79,35.79,59.98,2108.19,7.57,Wheat,Harvest,No,North
Loamy,7.36,56.7,34.19,26.62,2293.94,4.28,Sugarcane,Harvest,No,Central
Loamy,7.56,50.81,19.02,91.13,2251.19,18.32,Maize,Flowering,Yes,West
Clay,4.91,52.38,21.6,31.16,1350.4,4.22,Cotton,Vegetative,Yes,Central
Silt,6.39,62.51,35.66,71.11,464.24,10.81,Cotton,Harvest,Yes,South
Clay,7.0,23.19,22.73,81.77,555.41,15.23,Maize,Sowing,No,West
Silt,7.62,23.26,24.11,77.41,1475.63,14.75,Wheat,Harvest,Yes,South
Loamy,4.97,58.67,22.93,81.65,2296.0,1.07,Maize,Vegetative,Yes,Central
Sandy,7.7,52.02,16.85,76.78,1326.08,4.45,Cotton,Sowing,Yes,Central
Clay,6.66,60.81,22.23,56.19,2339.32,17.83,Sugarcane,Harvest,Yes,North
Sandy,5.47,11.6,36.09,87.74,655.63,11.29,Cotton,Flowering,No,South
Clay,5.88,43.78,26.73,88.87,215.87,13.9,Rice,Sowing,Yes,West
Loamy,5.76,16.24,25.75,55.59,1990.73,8.34,Rice,Vegetative,No,North
Clay,6.6,36.72,16.69,58.93,2198.46,15.03,Cotton,Vegetative,No,North
Loamy,4.98,16.88,17.33,59.0,1120.2,6.14,Cotton,Sowing,No,Central
Clay,5.34,15.3,13.29,44.52,256.11,5.02,Sugarcane,Harvest,Yes,East
Loamy,7.56,8.69,12.42,33.05,105.82,19.94,Sugarcane,Vegetative,No,South
Loamy,5.25,43.92,26.64,43.34,156.39,3.57,Rice,Harvest,Yes,Central
Silt,5.59,28.46,24.28,84.09,1097.79,19.64,Potato,Flowering,Yes,South
Loamy,6.34,14.0,20.26,63.01,587.04,18.57,Wheat,Vegetative,Yes,East
Silt,6.56,26.4,41.7,84.51,1154.81,14.44,Potato,Sowing,No,Central
Loamy,7.4,17.63,23.94,77.16,1221.22,11.85,Cotton,Sowing,No,East
Sandy,6.32,61.68,35.67,49.4,1145.23,0.59,Sugarcane,Vegetative,Yes,East
Loamy,7.49,26.24,18.32,37.97,1549.81,12.89,Cotton,Sowing,Yes,Central
Sandy,6.9,27.04,19.41,64.71,1698.51,15.56,Rice,Sowing,Yes,Central
Sandy,5.18,55.87,29.05,90.51,989.86,14.79,Sugarcane,Sowing,No,East
Loamy,5.33,44.92,12.12,83.76,842.58,3.86,Potato,Sowing,No,South
Sandy,6.29,48.48,12.52,78.47,921.0,11.12,Maize,Sowing,Yes,West
Silt,6.15,44.25,16.27,78.49,175.45,11.23,Rice,Flowering,Yes,Central
Clay,7.33,61.93,18.69,61.94,804.08,13.23,Cotton,Sowing,Yes,North
Loamy,6.77,19.8,27.84,36.87,499.78,16.7,Sugarcane,Sowing,No,East
Sandy,6.12,64.38,32.59,44.99,727.1,14.12,Rice,Flowering,Yes,West
Loamy,5.38,55.36,21.36,65.45,1785.99,3.26,Cotton,Vegetative,No,West
Silt,5.57,41.57,19.17,47.14,2471.35,0.87,Wheat,Sowing,No,West
Loamy,6.76,45.76,36.68,79.71,2308.88,3.16,Potato,Sowing,No,East
Loamy,6.24,44.98,16.88,51.13,2054.06,1.29,Sugarcane,Sowing,Yes,West
Sandy,6.55,11.33,32.35,32.97,1842.99,9.02,Wheat,Harvest,Yes,West
Silt,5.38,20.43,39.94,79.78,2362.34,6.03,Rice,Flowering,Yes,Central
Clay,7.05,62.8,18.97,73.87,1880.1,0.64,Sugarcane,Sowing,Yes,West
Clay,7.7,38.46,14.61,42.72,1177.39,2.07,Cotton,Harvest,No,West
Sandy,5.68,29.57,41.39,93.68,1503.4,8.25,Wheat,Flowering,No,South
Loamy,6.47,51.44,20.12,53.22,764.46,18.83,Rice,Sowing,Yes,South
Sandy,8.12,37.9,20.27,72.63,8.27,19.9,Cotton,Harvest,No,Central
Sandy,5.93,8.75,26.51,88.73,884.03,1.48,Cotton,Harvest,Yes,East
Sandy,6.82,49.97,18.93,35.92,1012.07,16.7,Cotton,Harvest,Yes,West
Loamy,5.11,49.74,41.79,86.53,1832.73,9.87,Cotton,Vegetative,No,Central
Silt,6.86,17.41,13.29,74.27,2148.05,12.61,Potato,Flowering,Yes,North
Sandy,5.1,62.53,25.54,36.73,2406.64,10.37,Wheat,Vegetative,Yes,North
Loamy,8.06,20.76,28.45,71.52,879.48,18.53,Cotton,Flowering,No,Central
Silt,7.23,34.09,26.01,86.22,2393.49,9.83,Maize,Harvest,No,South
Sandy,7.48,14.54,27.62,80.93,1998.46,3.78,Sugarcane,Flowering,No,East
Clay,7.19,42.39,41.63,78.24,77.11,15.71,Cotton,Flowering,Yes,North
Silt,6.81,29.4,38.31,36.29,1488.15,10.52,Cotton,Flowering,No,South
Sandy,6.33,28.13,21.25,38.34,914.1,2.78,Potato,Harvest,No,South
Silt,7.72,55.14,28.54,63.34,85.03,9.5,Maize,Vegetative,No,North
Silt,8.05,8.55,12.01,65.61,1328.76,13.9,Sugarcane,Sowing,Yes,West
Silt,6.5,53.48,24.29,91.05,1462.04,6.27,Potato,Vegetative,No,Central
Silt,7.97,40.57,16.92,57.81,630.58,18.28,Potato,Sowing,No,North
Silt,6.78,64.21,33.34,46.18,2349.7,17.07,Cotton,Vegetative,No,East
Silt,6.63,41.6,18.63,38.35,1526.14,11.57,Cotton,Vegetative,Yes,South
Sandy,6.35,11.16,34.47,28.79,439.91,1.56,Cotton,Flowering,No,Central
Clay,5.51,10.89,21.39,29.81,1803.14,11.87,Maize,Flowering,Yes,South
Loamy,4.81,58.34,39.77,65.19,1247.85,8.6,Potato,Flowering,No,North
Silt,5.62,55.95,25.36,37.34,1183.09,14.62,Sugarcane,Harvest,No,North
Loamy,6.53,27.72,37.19,84.61,2086.33,5.71,Rice,Harvest,No,North
Sandy,6.09,43.23,30.84,66.75,345.45,12.31,Sugarcane,Vegetative,Yes,East
Silt,6.32,35.91,41.32,85.54,1227.47,11.31,Maize,Flowering,Yes,Central
Clay,8.13,63.13,34.28,54.92,1951.91,10.77,Sugarcane,Flowering,Yes,North
Loamy,5.99,62.15,33.83,66.7,1650.97,2.76,Potato,Harvest,No,South
Silt,6.34,64.08,19.95,61.78,13.53,10.05,Potato,Vegetative,Yes,East
Sandy,5.25,57.39,27.15,94.07,1968.63,11.24,Cotton,Harvest,No,East
Clay,4.96,59.84,20.7,80.78,2361.68,18.59,Maize,Vegetative,Yes,West
Loamy,7.44,20.38,12.58,66.68,1761.67,9.49,Maize,Sowing,Yes,North
Loamy,6.74,55.37,33.32,67.46,2189.75,12.98,Sugarcane,Flowering,Yes,East
Silt,7.39,48.4,19.08,42.42,902.03,11.6,Sugarcane,Flowering,No,East
Clay,5.31,62.88,23.92,76.43,876.51,4.31,Wheat,Flowering,Yes,Central
Clay,6.74,40.56,20.54,93.8,802.16,4.1,Sugarcane,Sowing,Yes,Central
Clay,5.66,12.85,17.99,34.06,1837.42,14.92,Sugarcane,Flowering,Yes,North
Clay,5.58,42.05,14.01,69.61,2355.16,10.7,Cotton,Vegetative,Yes,South
Sandy,4.84,47.14,22.14,61.25,2213.5,17.97,Rice,Sowing,Yes,South
Clay,5.24,20.56,14.45,84.53,375.53,18.21,Rice,Sowing,Yes,East
Loamy,5.85,30.46,28.21,25.0,1565.27,6.29,Rice,Vegetative,No,South
Loamy,5.2,42.11,12.59,34.56,2489.9,2.48,Sugarcane,Harvest,No,West
Sandy,8.15,29.32,40.2,27.6,738.42,7.21,Potato,Harvest,Yes,West
Loamy,5.85,29.37,40.99,36.41,1586.96,1.81,Rice,Flowering,No,Central
Loamy,5.24,15.59,21.14,74.56,2266.56,15.73,Potato,Flowering,No,West
Clay,5.48,61.62,19.81,34.78,2248.87,3.35,Wheat,Vegetative,No,East
Loamy,6.8,50.78,15.13,68.56,803.69,17.39,Maize,Harvest,Yes,North
Sandy,5.02,8.07,39.15,85.77,234.81,8.6,Wheat,Vegetative,No,North
Clay,7.73,51.64,29.61,27.42,1615.02,5.93,Wheat,Flowering,Yes,West
Silt,8.07,50.17,30.3,26.88,2367.42,10.28,Rice,Vegetative,No,Central
Clay,5.64,8.55,38.88,94.29,1269.96,12.31,Rice,Vegetative,Yes,East
Sandy,6.33,29.07,39.32,72.13,1144.27,14.18,Wheat,Flowering,Yes,Central
Clay,4.88,42.58,36.85,34.85,2159.87,7.09,Wheat,Sowing,Yes,South
Clay,6.98,33.81,35.2,46.47,1061.49,19.67,Wheat,Vegetative,No,West
Sandy,6.21,52.35,38.32,93.95,1702.32,8.73,Wheat,Flowering,Yes,North
Clay,5.72,32.25,38.28,40.91,971.61,16.77,Wheat,Harvest,Yes,South
Sandy,5.5,16.77,23.06,77.7,942.84,1.18,Sugarcane,Harvest,Yes,Central
Sandy,7.02,63.66,41.2,41.88,469.52,15.67,Wheat,Flowering,No,South
Silt,6.22,21.8,33.27,52.89,221.13,11.25,Maize,Harvest,Yes,West
Loamy,5.41,48.91,23.11,86.65,2212.9,12.97,Rice,Flowering,No,East
Loamy,7.14,16.16,25.26,26.99,453.05,7.77,Maize,Harvest,No,Central
Clay,6.72,26.75,32.61,46.51,155.55,11.12,Cotton,Harvest,Yes,North
Clay,7.72,33.2,22.83,59.1,1455.77,18.68,Rice,Sowing,Yes,West
Silt,5.2,18.96,36.8,68.78,1364.99,8.03,Maize,Harvest,Yes,Central
Silt,7.47,33.65,16.44,26.98,1419.39,2.56,Wheat,Vegetative,Yes,South
Silt,7.09,16.96,39.23,53.75,1170.26,14.55,Wheat,Vegetative,No,South
Sandy,5.19,39.86,21.04,49.1,354.84,10.35,Rice,Sowing,No,North
Silt,7.16,45.83,16.58,26.88,52.29,8.79,Sugarcane,Flowering,No,North
Silt,6.3,11.56,37.74,49.88,116.03,15.67,Wheat,Harvest,No,North
Clay,8.01,57.65,19.18,90.22,2357.87,11.46,Maize,Sowing,No,East
Silt,5.28,18.55,37.3,44.22,1329.64,12.81,Rice,Sowing,No,North
Sandy,6.99,20.85,20.89,65.99,999.3,18.56,Sugarcane,Vegetative,No,North
Sandy,6.1,45.7,40.02,45.87,1027.08,1.64,Potato,Vegetative,No,North
Clay,8.05,34.72,18.57,32.47,1630.49,5.62,Wheat,Harvest,No,North
Silt,5.92,36.47,14.09,45.28,941.66,18.02,Sugarcane,Flowering,Yes,South
Silt,8.07,15.3,40.1,57.95,1991.15,15.96,Maize,Vegetative,No,Central
Sandy,7.87,53.93,16.97,45.73,649.86,4.18,Rice,Sowing,No,North
Silt,5.72,43.17,40.32,68.69,918.15,3.8,Wheat,Sowing,No,East
Silt,7.53,15.72,36.72,91.44,2337.49,16.59,Sugarcane,Harvest,No,South
Silt,8.19,29.32,14.46,29.85,650.71,11.28,Rice,Harvest,Yes,South
Loamy,5.66,54.19,25.35,75.19,1653.96,17.28,Maize,Harvest,No,East
Clay,6.29,40.4,14.2,25.09,911.42,18.39,Rice,Flowering,Yes,West
Loamy,6.57,14.19,21.89,25.07,1177.99,1.86,Wheat,Sowing,Yes,Central
Clay,5.8,29.25,22.55,34.3,112.97,19.41,Cotton,Harvest,No,Central
Sandy,4.85,21.83,29.99,58.6,418.08,14.47,Potato,Sowing,No,North
Silt,5.55,37.5,41.28,28.36,254.78,16.77,Rice,Sowing,No,North
Clay,5.76,56.07,17.09,75.55,2111.79,12.79,Wheat,Harvest,No,North
Loamy,6.31,32.87,21.87,27.05,2404.23,6.45,Potato,Flowering,Yes,South
Silt,5.38,32.7,29.61,59.68,169.94,12.19,Sugarcane,Harvest,Yes,North
Sandy,7.77,59.61,17.14,72.33,192.11,10.56,Rice,Flowering,No,South
Clay,7.2,40.84,33.32,41.63,1380.42,18.68,Rice,Harvest,Yes,East
Clay,5.09,40.27,24.11,65.55,1260.09,11.32,Potato,Harvest,No,South
Clay,7.01,22.93,40.49,43.32,1626.43,1.04,Cotton,Vegetative,Yes,South
Silt,7.02,42.64,30.9,39.99,1842.01,13.88,Cotton,Harvest,Yes,Central
Loamy,8.05,40.83,22.89,82.29,1993.05,1.49,Cotton,Vegetative,No,East
Loamy,4.81,30.62,33.58,48.3,372.71,18.91,Cotton,Sowing,No,West
Clay,5.64,64.47,37.16,81.98,94.59,9.99,Wheat,Sowing,Yes,North
Sandy,7.95,58.27,36.01,40.18,2222.9,19.38,Potato,Vegetative,No,East
Sandy,7.97,50.73,19.88,49.91,1173.85,1.0,Cotton,Sowing,Yes,West
Loamy,7.25,38.63,24.51,32.19,2428.11,10.89,Cotton,Vegetative,Yes,South
Sandy,7.4,34.34,25.57,59.76,1331.92,4.91,Maize,Harvest,Yes,West
Loamy,5.11,18.54,23.65,51.71,1275.07,12.99,Cotton,Vegetative,Yes,Central
Clay,6.55,25.43,21.33,25.42,1557.45,10.22,Wheat,Harvest,Yes,South
Loamy,5.59,52.12,34.58,57.54,425.36,11.54,Wheat,Flowering,No,Central
Loamy,5.42,33.86,12.37,30.21,635.1,7.51,Wheat,Harvest,No,East
Clay,7.56,58.29,20.81,83.59,2264.52,1.51,Sugarcane,Vegetative,No,Central
Sandy,5.26,16.43,16.25,59.56,530.82,2.57,Sugarcane,Flowering,No,West
Loamy,6.39,36.98,15.86,73.3,582.43,17.24,Maize,Flowering,No,South
Loamy,7.99,44.88,20.31,82.48,1274.96,14.2,Potato,Harvest,No,South
Clay,5.43,37.46,34.86,28.58,1602.88,15.5,Sugarcane,Flowering,Yes,South
Sandy,8.13,58.69,41.08,48.6,2.26,2.89,Maize,Harvest,No,West
Loamy,8.18,64.41,27.44,26.76,1141.95,1.46,Sugarcane,Flowering,Yes,West
Clay,6.69,14.6,22.17,28.47,997.53,0.84,Potato,Flowering,Yes,Central
Loamy,5.38,15.41,36.88,27.65,2164.05,10.68,Rice,Vegetative,No,South
Silt,5.87,15.43,14.01,58.45,2099.24,10.27,Maize,Sowing,Yes,Central
Clay,6.24,46.83,14.8,56.55,2264.81,2.66,Sugarcane,Vegetative,No,South
Sandy,5.85,29.24,22.36,29.29,2105.13,7.26,Rice,Flowering,No,South
Sandy,5.75,49.8,25.45,43.37,1966.78,10.84,Maize,Sowing,Yes,East
Sandy,8.11,31.11,35.94,42.11,2147.51,13.68,Maize,Harvest,No,East
Sandy,5.32,43.77,39.76,45.76,437.02,16.29,Rice,Flowering,Yes,South
Loamy,7.29,51.88,27.94,69.85,852.12,13.01,Maize,Vegetative,Yes,East
Loamy,4.8,39.25,26.87,73.79,1709.05,1.09,Rice,Vegetative,No,North
Sandy,6.83,38.75,18.39,48.74,2307.83,11.93,Rice,Flowering,No,South
Sandy,7.91,13.03,25.54,80.18,1667.27,2.21,Maize,Flowering,Yes,South
Sandy,5.78,31.41,39.71,54.25,519.87,11.52,Maize,Vegetative,No,Central
Loamy,5.43,39.11,23.79,61.57,2361.66,7.83,Cotton,Sowing,No,North
Sandy,7.02,34.33,18.32,35.19,1900.85,6.08,Cotton,Flowering,No,North
Sandy,7.22,59.34,22.12,41.3,1791.36,9.89,Potato,Vegetative,Yes,North
Silt,7.14,59.67,27.44,75.93,1906.27,7.94,Wheat,Flowering,No,South
Silt,5.89,54.85,29.96,93.39,1647.86,16.69,Wheat,Harvest,No,North
Sandy,5.66,29.39,24.97,74.33,55.28,4.92,Rice,Sowing,Yes,West
Clay,8.05,48.89,34.76,28.79,634.05,3.17,Maize,Sowing,Yes,East
Sandy,7.94,30.53,29.53,35.0,2391.43,16.82,Rice,Harvest,Yes,North
Silt,6.35,21.26,31.95,56.2,721.51,5.25,Cotton,Sowing,No,North
Clay,7.68,27.55,37.89,76.28,1929.07,1.13,Wheat,Flowering,Yes,East
Clay,6.34,12.04,37.97,36.62,1061.21,8.05,Potato,Harvest,Yes,Central
Sandy,6.24,26.91,18.11,77.56,2268.82,16.47,Rice,Vegetative,Yes,West
Silt,5.33,34.26,30.7,63.91,1394.17,8.92,Maize,Harvest,No,Central
Silt,6.25,62.46,33.5,79.22,1579.71,9.67,Wheat,Flowering,No,East
Clay,6.63,25.86,16.38,64.03,599.06,1.42,Rice,Harvest,Yes,Central
Sandy,4.88,59.44,37.28,67.18,143.81,14.37,Wheat,Harvest,Yes,East
Loamy,6.31,21.04,17.41,42.41,1891.39,7.2,Maize,Flowering,Yes,South
Loamy,7.46,18.89,35.98,75.41,169.11,14.71,Wheat,Flowering,Yes,Central
Silt,7.11,37.58,16.84,84.08,1804.5,8.51,Rice,Sowing,Yes,South
Loamy,6.96,46.33,34.25,85.99,1388.73,10.77,Rice,Sowing,Yes,West
Silt,7.89,10.53,16.44,27.06,2050.06,11.99,Wheat,Flowering,No,South
Silt,4.86,20.6,23.36,68.72,514.43,4.34,Potato,Harvest,No,Central
Silt,6.69,33.97,16.31,94.27,1353.82,6.23,Maize,Flowering,No,East
Loamy,7.48,26.87,20.12,66.08,1535.43,11.92,Potato,Flowering,No,East
Silt,6.64,48.62,41.54,36.99,185.74,16.55,Potato,Harvest,No,North
Clay,5.9,37.14,15.23,86.43,1847.35,19.25,Rice,Vegetative,No,West
Sandy,5.26,17.14,24.19,43.5,972.57,10.72,Potato,Flowering,Yes,West
Sandy,7.82,58.98,32.31,28.15,322.29,1.94,Sugarcane,Sowing,Yes,Central
Silt,6.4,24.7,14.84,55.14,967.66,19.14,Wheat,Sowing,No,Central
Sandy,7.79,49.67,15.27,32.02,245.75,8.7,Cotton,Harvest,Yes,South
Loamy,6.79,52.46,16.3,33.07,2219.99,2.5,Rice,Harvest,No,East
Loamy,7.09,62.9,31.35,57.43,1141.9,19.46,Cotton,Vegetative,Yes,East
Sandy,7.53,36.41,39.28,67.89,345.07,5.97,Cotton,Vegetative,Yes,East
Loamy,7.04,43.1,36.78,88.38,630.24,13.31,Maize,Harvest,Yes,East
Sandy,6.15,27.09,41.49,74.37,1811.62,3.31,Maize,Vegetative,No,South
Sandy,6.55,46.66,29.34,83.98,1965.22,14.53,Maize,Sowing,No,South
Sandy,7.53,34.41,40.84,53.82,103.29,19.54,Wheat,Sowing,No,North
Silt,6.07,32.95,21.15,47.3,149.7,19.71,Cotton,Flowering,No,North
Sandy,6.12,56.76,24.65,66.5,2292.96,2.96,Rice,Flowering,Yes,North
Silt,5.13,10.86,23.88,73.68,827.46,15.49,Cotton,Sowing,Yes,West
Sandy,7.91,58.27,13.42,64.78,483.31,13.45,Sugarcane,Vegetative,Yes,South
Sandy,5.11,56.57,36.89,43.52,307.64,16.13,Cotton,Sowing,Yes,North
Sandy,7.0,36.86,12.74,50.88,1189.89,7.0,Cotton,Sowing,Yes,South
Loamy,6.2,35.94,33.9,56.38,1927.63,8.33,Wheat,Vegetative,Yes,Central
Silt,6.18,28.62,24.21,25.99,1302.79,7.17,Rice,Sowing,Yes,North
Silt,7.11,64.67,12.19,86.59,51.68,15.45,Potato,Sowing,No,East
Sandy,5.03,14.34,20.7,60.8,1209.76,16.28,Sugarcane,Vegetative,Yes,West
Sandy,6.82,41.64,22.38,77.57,779.14,5.36,Wheat,Sowing,Yes,East
Loamy,7.42,46.86,40.94,37.03,1707.15,11.67,Sugarcane,Flowering,No,Central
Loamy,7.62,61.26,31.83,63.97,1308.77,2.96,Cotton,Sowing,No,North
Loamy,5.38,52.47,28.31,89.83,2413.34,0.76,Rice,Vegetative,No,East
Silt,7.85,44.7,15.81,40.0,1495.41,12.4,Cotton,Vegetative,Yes,South
Silt,7.03,14.66,23.73,49.21,1581.2,16.88,Wheat,Harvest,No,South
Silt,7.8,29.3,13.07,52.18,1300.58,18.18,Rice,Harvest,Yes,South
Sandy,6.45,15.91,34.85,51.83,777.51,12.6,Sugarcane,Flowering,No,West
Silt,6.64,58.23,16.88,67.04,1576.51,16.27,Rice,Vegetative,Yes,East
Clay,7.92,50.73,29.83,52.56,832.28,8.38,Potato,Vegetative,No,East
Clay,7.86,51.18,32.98,72.18,1793.37,17.57,Potato,Harvest,No,East
Loamy,6.32,45.18,23.0,58.92,592.12,15.61,Rice,Sowing,No,South
Silt,5.73,36.9,30.98,36.03,919.15,6.52,Wheat,Harvest,No,North
Clay,6.14,16.55,34.93,91.4,1459.12,12.15,Wheat,Flowering,Yes,South
Loamy,6.12,26.79,17.52,41.77,1571.23,1.5,Cotton,Harvest,No,Central
Silt,5.78,15.8,30.03,64.37,1671.53,3.36,Rice,Sowing,No,North
Sandy,5.71,49.32,34.02,29.25,1750.79,18.96,Potato,Sowing,Yes,East
Clay,7.73,17.13,22.71,89.3,795.77,0.69,Rice,Flowering,No,North
Sandy,5.04,48.02,16.87,89.96,2231.44,4.46,Potato,Harvest,Yes,South
Silt,7.1,47.46,20.58,50.52,74.83,3.21,Maize,Vegetative,Yes,North
Clay,5.39,34.18,39.99,33.47,471.07,14.13,Cotton,Flowering,No,Central
Silt,5.97,15.71,22.72,78.9,175.35,2.56,Maize,Vegetative,No,North
Sandy,5.01,25.94,15.23,43.36,1678.84,0.89,Wheat,Vegetative,Yes,East
Clay,5.72,26.25,14.48,74.04,684.16,18.64,Sugarcane,Sowing,No,Central
Sandy,7.41,47.92,17.41,89.06,497.88,17.52,Cotton,Sowing,Yes,East
Silt,7.81,14.48,15.83,66.32,1201.67,7.49,Rice,Harvest,Yes,South
Silt,5.55,55.26,26.85,85.29,1547.62,2.46,Maize,Sowing,No,North
Sandy,6.38,51.38,22.43,40.73,1548.12,13.72,Rice,Vegetative,No,East
Clay,6.4,18.62,37.24,88.73,1393.63,17.72,Sugarcane,Flowering,No,North
Sandy,7.77,48.99,38.43,40.87,2479.97,19.51,Rice,Flowering,No,Central
Silt,7.39,46.11,26.2,40.81,2150.54,3.04,Maize,Vegetative,Yes,North
Sandy,6.54,50.64,38.66,86.59,597.15,12.2,Cotton,Sowing,No,West
Silt,7.08,18.77,25.51,63.84,1896.79,8.9,Potato,Vegetative,No,East
Sandy,7.68,16.98,31.26,80.96,1423.24,3.56,Potato,Flowering,Yes,West
Clay,4.83,21.48,16.88,81.17,176.3,16.25,Potato,Harvest,Yes,North
Clay,6.17,28.85,13.58,70.29,123.95,15.75,Rice,Sowing,Yes,West
Sandy,7.88,53.24,16.8,38.24,1999.05,19.31,Maize,Flowering,Yes,Central
Sandy,7.32,50.06,19.56,73.45,1362.48,2.17,Wheat,Flowering,Yes,East
Clay,6.65,60.75,34.53,29.45,1428.31,5.16,Rice,Sowing,Yes,North
Silt,6.6,11.34,17.21,39.05,840.67,16.64,Rice,Sowing,Yes,West
Clay,5.98,8.66,15.92,70.0,2325.87,8.21,Sugarcane,Harvest,No,East
Silt,6.57,47.85,39.83,88.55,1783.37,9.78,Rice,Harvest,No,East
Sandy,7.03,23.92,32.66,79.02,2319.43,12.42,Potato,Flowering,No,North
Sandy,6.22,27.04,26.2,48.27,248.17,8.46,Maize,Harvest,No,North
Silt,7.23,39.17,14.85,82.66,1459.32,1.19,Sugarcane,Sowing,No,East
Sandy,7.73,13.84,37.55,92.66,1593.82,12.28,Sugarcane,Sowing,Yes,East
Silt,5.33,44.63,15.25,48.24,314.98,4.96,Rice,Vegetative,Yes,South
Loamy,6.34,26.53,30.33,38.08,865.66,19.39,Potato,Vegetative,Yes,Central
Clay,6.19,44.06,32.03,38.83,537.01,13.96,Cotton,Vegetative,No,East
Loamy,7.14,55.54,24.0,53.02,2461.15,16.89,Wheat,Sowing,No,South
Silt,5.65,17.75,39.34,28.66,1358.54,19.11,Cotton,Vegetative,No,North
Clay,6.98,61.06,13.52,59.14,788.15,1.73,Maize,Flowering,Yes,South
Silt,7.78,38.25,36.54,76.26,1661.24,3.4,Rice,Vegetative,No,Central
Clay,6.22,60.61,28.61,62.13,1648.87,16.26,Potato,Harvest,Yes,North
Clay,7.9,19.84,30.34,92.9,868.33,17.75,Rice,Flowering,No,Central
Clay,8.18,42.46,41.6,57.32,2484.81,0.6,Wheat,Flowering,Yes,North
Clay,5.16,31.02,29.48,25.93,2022.4,18.93,Cotton,Vegetative,No,Central
Silt,5.59,52.13,35.91,57.91,1000.8,9.36,Potato,Vegetative,Yes,Central
Clay,8.03,42.54,16.61,90.09,1650.15,9.52,Cotton,Sowing,No,South
Clay,8.06,36.19,36.28,31.71,1776.35,17.64,Potato,Sowing,No,North
Loamy,5.13,60.04,34.83,40.61,434.54,6.15,Cotton,Vegetative,Yes,East
Sandy,4.85,29.5,41.04,75.09,2195.4,11.88,Cotton,Flowering,No,North
Sandy,5.35,20.54,40.07,45.59,2065.09,7.02,Sugarcane,Vegetative,No,West
Loamy,8.19,42.66,18.42,78.57,1889.19,2.71,Wheat,Sowing,Yes,Central
Loamy,5.41,43.57,25.95,54.35,556.69,7.49,Potato,Sowing,No,Central
Silt,6.51,33.03,39.34,80.72,340.62,3.87,Potato,Harvest,No,Central
Silt,7.68,35.74,31.22,63.61,451.37,10.66,Potato,Flowering,No,North
Silt,4.87,62.69,25.91,30.77,232.55,10.83,Potato,Sowing,No,West
Loamy,6.86,49.76,15.27,52.03,2350.73,9.03,Maize,Harvest,No,West
Loamy,5.74,14.3,22.55,48.33,2128.74,3.89,Cotton,Vegetative,No,South
Clay,7.73,20.09,31.96,81.71,226.95,2.82,Wheat,Flowering,Yes,West
Silt,5.76,63.61,35.31,68.74,1694.93,2.54,Wheat,Vegetative,Yes,East
Silt,7.13,49.41,25.42,79.42,613.97,2.69,Rice,Harvest,No,Central
Silt,7.09,60.16,13.68,51.05,43.18,6.25,Maize,Harvest,No,Central
Sandy,5.55,25.32,31.0,73.42,730.98,0.54,Potato,Flowering,Yes,South
Clay,4.92,50.29,39.65,29.57,1100.08,1.71,Maize,Harvest,No,North
Silt,6.19,48.7,26.89,27.57,50.1,9.67,Maize,Flowering,Yes,West
Silt,5.78,24.8,39.85,45.12,809.3,4.06,Potato,Vegetative,Yes,East
Silt,7.55,39.4,22.62,79.16,1750.88,5.64,Sugarcane,Sowing,Yes,East
Sandy,7.52,43.76,38.59,62.39,571.07,7.39,Cotton,Sowing,No,Central
Sandy,6.35,35.42,35.59,53.62,1212.23,1.27,Cotton,Flowering,No,Central
Loamy,6.86,55.15,40.85,87.76,2218.95,4.79,Potato,Flowering,Yes,West
Clay,6.85,55.47,35.73,59.82,70.98,15.65,Cotton,Harvest,Yes,South
Loamy,7.61,56.48,21.64,67.94,1964.09,7.15,Wheat,Sowing,Yes,Central
Clay,6.25,53.8,39.02,94.01,959.73,4.13,Sugarcane,Flowering,Yes,East
Sandy,5.74,35.82,32.09,61.57,1352.87,4.36,Maize,Sowing,Yes,South
Silt,5.7,29.74,16.86,79.85,577.18,19.7,Rice,Sowing,No,South
Loamy,6.62,55.39,13.38,53.97,1447.37,3.39,Maize,Vegetative,No,South
Silt,6.33,35.94,22.98,27.54,1826.75,18.16,Potato,Vegetative,No,East
Loamy,6.3,22.04,35.61,83.41,503.84,2.07,Wheat,Sowing,Yes,West
Sandy,5.11,36.92,30.55,91.11,858.17,17.55,Potato,Sowing,No,South
Sandy,7.24,16.09,27.81,55.41,1418.45,10.38,Potato,Harvest,Yes,Central
Sandy,5.53,47.42,12.11,60.25,1041.95,12.37,Cotton,Vegetative,Yes,Central
Loamy,5.47,27.15,25.07,54.69,732.88,5.3,Potato,Sowing,Yes,East
Clay,6.2,22.86,16.73,94.78,1129.22,18.02,Rice,Sowing,Yes,West
Loamy,5.57,62.52,25.64,88.24,727.07,11.95,Wheat,Flowering,Yes,North
Clay,6.79,52.28,41.75,27.88,754.68,13.68,Potato,Vegetative,Yes,West
Loamy,6.06,52.86,38.39,79.53,1526.58,11.36,Rice,Harvest,No,Central
Loamy,6.33,43.55,21.32,67.06,1192.66,2.94,Sugarcane,Harvest,Yes,Central
Sandy,6.63,55.83,29.81,26.76,1692.68,16.81,Rice,Vegetative,Yes,East
Silt,5.49,51.27,27.06,56.13,2093.61,4.08,Rice,Vegetative,Yes,South
Silt,5.33,42.13,15.9,35.48,2357.41,6.19,Wheat,Flowering,No,West
Clay,7.79,62.78,41.69,86.11,378.38,13.56,Potato,Vegetative,Yes,Central
Silt,6.27,18.92,24.76,25.89,1565.48,2.32,Rice,Vegetative,No,West
Loamy,6.2,61.77,27.17,86.12,1456.0,18.7,Wheat,Vegetative,No,North
Loamy,4.92,30.88,31.43,90.86,2167.36,2.92,Cotton,Harvest,Yes,Central
Sandy,6.49,38.12,17.75,30.11,2239.72,13.51,Wheat,Sowing,Yes,Central
Sandy,6.68,15.0,18.67,75.39,1901.26,12.88,Cotton,Flowering,Yes,West
Silt,6.7,38.79,17.78,63.42,1488.65,14.11,Sugarcane,Harvest,No,East
Clay,7.2,42.84,23.53,91.8,498.16,8.95,Maize,Sowing,Yes,North
Silt,5.4,64.87,17.99,80.87,691.6,7.95,Cotton,Vegetative,Yes,Central
Silt,5.66,63.59,39.79,73.61,1506.92,19.56,Potato,Flowering,Yes,Central
Silt,7.56,63.08,33.43,89.79,348.36,16.43,Sugarcane,Sowing,Yes,Central
Silt,8.02,27.86,38.94,36.22,459.91,9.97,Potato,Harvest,No,Central
Loamy,5.26,64.5,37.45,51.32,2278.58,4.05,Potato,Flowering,No,South
Clay,6.49,33.96,33.09,84.01,2390.78,17.87,Cotton,Harvest,Yes,North
Loamy,5.53,56.55,19.28,32.11,13.09,13.15,Rice,Vegetative,No,North
Clay,5.0,20.33,30.46,90.48,2156.2,3.15,Maize,Flowering,Yes,South
Sandy,5.91,36.83,17.59,77.16,2345.03,4.07,Sugarcane,Harvest,Yes,North
Silt,5.29,63.06,15.97,55.75,1314.35,11.05,Sugarcane,Vegetative,No,West
Loamy,7.21,61.98,30.98,48.71,1122.25,10.32,Rice,Flowering,Yes,South
Clay,6.61,46.97,30.74,35.33,2297.0,8.48,Cotton,Vegetative,Yes,South
Sandy,5.29,53.48,16.7,31.56,18.83,8.82,Sugarcane,Harvest,Yes,South
Sandy,4.83,18.06,22.57,54.65,2101.21,3.86,Cotton,Harvest,No,Central
Silt,7.55,49.13,13.99,84.02,741.44,5.48,Cotton,Vegetative,Yes,North
Clay,5.4,43.23,33.47,62.23,1602.91,10.11,Rice,Flowering,Yes,West
Loamy,6.86,13.22,41.62,56.58,808.0,1.74,Cotton,Harvest,Yes,South
Silt,5.95,14.45,34.2,47.33,1307.36,7.38,Maize,Sowing,No,East
Loamy,6.79,14.18,37.32,35.99,2020.79,4.6,Rice,Vegetative,Yes,West
Sandy,5.87,49.29,26.29,94.31,453.17,3.91,Rice,Harvest,Yes,East
Loamy,5.1,16.08,14.87,26.8,1659.8,3.36,Wheat,Harvest,No,South
Loamy,5.56,34.66,33.8,46.83,2245.84,3.23,Maize,Vegetative,No,East
Silt,5.44,28.35,19.7,78.86,2252.63,3.63,Sugarcane,Vegetative,No,South
Loamy,6.26,39.38,23.65,61.44,2235.3,7.8,Cotton,Sowing,No,Central
Silt,7.04,48.27,33.09,46.97,1296.16,2.48,Cotton,Vegetative,No,West
Sandy,5.7,47.03,39.14,94.49,1919.25,17.99,Rice,Sowing,No,South
Silt,4.84,37.38,26.59,68.34,1117.14,10.21,Cotton,Vegetative,Yes,West
Silt,6.56,34.47,40.85,45.66,1150.41,10.34,Maize,Flowering,No,North
Clay,6.86,30.68,27.6,84.36,709.64,4.62,Sugarcane,Flowering,Yes,South
Loamy,8.07,57.13,15.68,35.51,713.07,17.41,Potato,Vegetative,No,Central
Sandy,6.8,26.86,27.55,57.45,94.56,16.65,Potato,Harvest,No,Central
Silt,6.4,22.78,37.82,83.77,1328.68,1.17,Cotton,Harvest,No,Central
Sandy,6.75,50.37,28.14,93.86,771.9,14.78,Rice,Vegetative,No,North
Clay,7.95,28.51,34.43,51.81,469.22,4.09,Potato,Flowering,Yes,South
Loamy,7.62,56.28,28.44,34.67,304.28,11.33,Maize,Sowing,Yes,East
Silt,5.9,26.69,28.38,64.69,867.5,17.48,Sugarcane,Harvest,No,East
Loamy,5.61,48.01,20.54,91.08,2247.53,18.71,Potato,Sowing,No,West
Clay,5.69,10.57,18.04,71.59,1291.0,4.1,Maize,Vegetative,No,Central
Clay,6.52,29.98,20.37,67.15,1392.34,18.82,Maize,Sowing,No,Central
Sandy,7.33,27.56,25.23,46.65,135.82,1.86,Potato,Sowing,No,East
Silt,6.51,54.55,36.29,67.44,1299.62,18.23,Maize,Vegetative,Yes,North
Sandy,5.03,63.12,36.87,86.93,1669.03,15.56,Potato,Vegetative,No,South
Clay,7.26,34.27,16.9,51.29,376.79,18.32,Cotton,Sowing,Yes,East
Loamy,7.54,55.02,28.59,41.94,2458.88,7.64,Maize,Flowering,Yes,West
Sandy,5.78,47.88,24.48,58.67,2287.79,18.85,Cotton,Sowing,No,South
Sandy,7.06,63.14,29.13,51.33,2482.76,16.46,Maize,Harvest,No,East
Loamy,6.25,54.23,31.43,57.89,900.79,6.9,Sugarcane,Flowering,No,East
Sandy,7.82,12.42,20.39,31.7,2055.75,7.11,Rice,Sowing,Yes,West
Loamy,7.67,48.66,39.58,48.53,821.84,7.47,Cotton,Harvest,No,East
Silt,6.59,38.52,40.06,82.86,1872.82,11.98,Potato,Flowering,No,East
Loamy,7.15,8.94,15.16,53.02,2369.57,4.05,Potato,Harvest,Yes,West
Silt,7.8,22.32,33.09,92.75,387.55,8.95,Rice,Vegetative,No,West
Loamy,6.49,60.54,13.0,74.62,350.8,1.82,Potato,Sowing,No,Central
Clay,5.87,60.79,13.4,50.62,261.01,7.49,Sugarcane,Vegetative,Yes,East
Clay,7.36,53.53,40.73,42.62,1995.88,13.5,Rice,Flowering,Yes,Central
Silt,5.55,63.96,32.85,72.98,1666.58,11.99,Maize,Harvest,Yes,West
Silt,6.12,53.97,21.74,46.17,1305.79,6.67,Sugarcane,Harvest,No,East
Clay,7.74,8.58,32.1,89.88,1934.78,5.52,Cotton,Vegetative,Yes,East
Silt,7.26,24.41,37.38,33.14,2124.81,6.88,Sugarcane,Vegetative,Yes,South
Loamy,6.17,9.75,38.13,27.01,2373.82,1.86,Cotton,Flowering,Yes,North
Loamy,5.53,13.36,12.62,40.47,503.13,5.52,Potato,Flowering,Yes,East
Clay,6.01,20.47,36.55,67.46,1104.19,14.31,Potato,Sowing,Yes,West
Sandy,5.77,36.7,37.6,83.45,2307.53,3.99,Maize,Flowering,No,Central
Loamy,5.4,56.31,29.87,36.91,1153.31,3.2,Wheat,Flowering,Yes,South
Silt,7.33,57.13,26.4,65.93,1219.14,17.0,Maize,Flowering,No,East
Sandy,5.66,43.12,15.33,35.09,2356.11,5.11,Maize,Flowering,No,Central
Sandy,6.34,60.91,19.19,64.42,1836.69,5.4,Potato,Vegetative,No,South
Loamy,6.11,36.5,26.71,26.27,1380.12,9.53,Rice,Vegetative,No,West
Loamy,8.14,58.68,37.95,64.05,893.22,9.7,Wheat,Harvest,No,North
Sandy,6.13,33.88,36.09,61.52,2288.37,4.13,Sugarcane,Flowering,No,West
Sandy,5.07,23.8,26.88,28.0,22.35,11.34,Wheat,Vegetative,Yes,West
Clay,5.11,60.24,35.57,73.26,802.52,14.07,Maize,Sowing,Yes,North
Silt,6.81,30.11,34.97,65.06,2365.18,9.95,Rice,Harvest,No,North
Clay,6.84,36.69,29.37,68.62,1245.51,17.96,Potato,Vegetative,No,East
Loamy,6.22,26.75,18.61,62.08,1559.64,19.84,Wheat,Flowering,No,East
Clay,6.27,45.78,22.44,75.54,1331.54,10.81,Sugarcane,Flowering,No,North
Clay,4.98,64.72,16.92,61.75,993.4,19.47,Wheat,Harvest,Yes,North
Clay,6.56,9.45,12.21,89.56,1663.21,13.11,Cotton,Vegetative,Yes,East
Clay,6.52,59.29,14.42,91.05,1916.19,10.81,Cotton,Harvest,Yes,North
Silt,5.31,8.22,34.79,75.87,911.07,17.47,Sugarcane,Sowing,No,East
Silt,5.15,28.76,13.0,88.82,1476.3,19.35,Wheat,Harvest,Yes,West
Sandy,5.22,17.61,24.0,89.62,206.9,19.98,Rice,Harvest,Yes,Central
Loamy,5.14,51.17,41.57,43.34,1368.99,15.3,Sugarcane,Sowing,Yes,North
Clay,6.87,10.88,35.86,94.58,1869.37,9.96,Maize,Flowering,Yes,West
Sandy,5.47,39.55,34.52,43.72,1463.11,6.27,Maize,Sowing,Yes,East
Sandy,5.65,24.81,20.24,26.3,2196.12,11.38,Sugarcane,Flowering,No,East
Sandy,5.39,15.62,31.25,92.36,715.48,15.66,Maize,Flowering,No,North
Silt,8.06,51.99,26.96,40.66,1229.39,1.02,Potato,Sowing,No,North
Clay,7.71,20.39,30.71,65.89,218.7,5.72,Cotton,Flowering,Yes,Central
Clay,5.58,20.75,25.07,92.95,1750.05,7.41,Rice,Vegetative,No,West
Loamy,5.91,23.68,27.93,28.46,1107.23,15.71,Rice,Vegetative,Yes,West
Clay,5.51,41.45,41.65,43.85,1325.91,12.46,Rice,Harvest,No,West
Clay,6.47,45.6,21.88,67.62,320.99,8.8,Wheat,Vegetative,No,South
Sandy,4.87,9.0,18.49,78.38,2493.38,18.43,Sugarcane,Harvest,No,Central
Loamy,7.08,21.79,25.45,81.52,1929.8,10.99,Maize,Vegetative,Yes,Central
Clay,6.58,32.57,27.73,86.87,1001.57,14.62,Wheat,Vegetative,Yes,East
Silt,7.86,26.92,14.57,36.79,1424.9,13.28,Maize,Vegetative,No,North
Clay,5.36,58.4,36.18,50.9,1546.79,17.24,Sugarcane,Vegetative,No,East
Sandy,7.53,52.9,24.66,75.0,2401.92,16.34,Maize,Flowering,Yes,East
Silt,7.49,43.68,24.4,75.07,1920.97,19.79,Wheat,Harvest,No,East
Sandy,5.23,27.27,31.77,46.56,874.17,7.89,Wheat,Harvest,No,Central
Clay,6.16,47.94,35.2,46.3,2444.26,3.72,Wheat,Flowering,No,West
Silt,5.38,56.09,41.58,47.44,754.49,15.32,Rice,Vegetative,No,Central
Loamy,5.67,41.91,17.21,87.45,1442.37,17.56,Cotton,Sowing,No,East
Loamy,5.7,52.71,22.37,88.67,1751.67,1.56,Wheat,Sowing,No,Central
Silt,6.69,50.7,17.05,26.04,677.81,6.99,Cotton,Sowing,No,Central
Silt,6.2,40.59,38.43,47.75,2390.9,16.24,Potato,Harvest,No,Central
Sandy,8.02,25.79,28.45,52.44,540.27,13.83,Wheat,Flowering,No,South
Silt,5.23,50.51,37.57,93.77,1104.43,15.23,Maize,Sowing,Yes,Central
Sandy,8.11,19.79,41.56,91.09,449.68,11.09,Sugarcane,Vegetative,Yes,South
Clay,5.58,52.43,28.51,68.98,2187.47,7.95,Potato,Harvest,No,West
Sandy,7.43,53.86,15.54,28.21,554.0,16.32,Wheat,Sowing,No,South
Silt,5.95,54.86,22.84,38.39,86.85,11.31,Rice,Harvest,No,South
Silt,5.29,34.96,13.09,55.39,97.35,10.54,Potato,Flowering,Yes,West
Clay,7.72,18.97,37.48,92.13,1034.38,14.83,Wheat,Sowing,No,East
Silt,5.85,13.68,12.54,31.63,1306.94,4.22,Maize,Sowing,No,East
Silt,7.04,50.37,29.77,80.39,104.1,11.93,Maize,Vegetative,Yes,North
Loamy,6.73,58.52,15.18,38.38,232.16,6.44,Maize,Harvest,Yes,East
Loamy,6.4,45.1,12.23,60.55,243.66,0.92,Maize,Sowing,Yes,West
Clay,6.49,16.22,19.68,78.69,1671.25,15.1,Wheat,Vegetative,Yes,East
Sandy,7.29,61.29,28.56,73.47,749.54,9.76,Cotton,Flowering,Yes,North
Loamy,5.1,64.38,14.25,79.3,1406.43,18.11,Potato,Sowing,Yes,Central
Sandy,7.07,32.7,30.45,81.95,184.24,10.25,Maize,Flowering,No,South
Silt,7.85,41.91,32.16,46.4,2230.29,0.7,Maize,Flowering,Yes,North
Loamy,5.0,52.3,41.09,50.48,761.08,8.47,Wheat,Flowering,Yes,South
Clay,5.28,49.97,38.99,82.1,1945.5,3.84,Sugarcane,Vegetative,Yes,East
Clay,7.24,63.16,29.0,27.71,2066.76,18.46,Potato,Sowing,Yes,North
Clay,6.29,14.55,35.8,61.01,2469.77,9.19,Rice,Flowering,Yes,East
Loamy,6.17,41.1,22.91,89.43,1852.6,10.46,Rice,Flowering,No,South
Sandy,5.27,47.44,29.57,86.95,1107.01,7.63,Rice,Sowing,No,North
Silt,6.52,58.74,24.1,81.3,381.57,10.68,Sugarcane,Flowering,Yes,North
Sandy,5.23,57.82,22.11,26.51,119.68,2.11,Wheat,Vegetative,No,Central
Sandy,6.42,63.75,33.83,87.14,2215.65,9.45,Sugarcane,Harvest,No,South
Silt,7.4,37.19,20.9,88.82,1116.66,13.44,Maize,Harvest,No,Central
Silt,5.68,55.35,23.42,71.46,1874.91,7.76,Wheat,Flowering,No,East
Loamy,6.43,32.36,23.02,45.92,1240.83,8.16,Wheat,Sowing,No,North
Loamy,8.17,32.07,38.11,59.29,2199.16,16.83,Rice,Sowing,No,South
Loamy,7.13,22.44,17.11,78.38,1874.16,10.96,Maize,Sowing,No,East
Loamy,7.66,54.64,23.44,81.91,213.64,11.96,Potato,Harvest,Yes,North
Loamy,6.21,64.19,38.64,49.03,1880.37,6.29,Potato,Flowering,No,West
Silt,7.41,22.61,12.46,47.82,667.04,9.92,Cotton,Sowing,No,North
Sandy,4.94,11.2,40.44,76.53,1932.64,1.55,Wheat,Flowering,No,South
Loamy,5.22,54.49,38.97,73.04,2371.29,8.89,Wheat,Vegetative,Yes,Central
Loamy,5.49,43.35,24.54,60.92,2325.33,16.15,Wheat,Harvest,No,Central
Sandy,6.17,62.7,31.59,54.42,312.5,3.65,Cotton,Flowering,No,South
Loamy,7.68,22.38,41.73,71.0,136.68,15.41,Potato,Vegetative,Yes,West
Sandy,5.98,12.05,28.65,27.27,1942.45,7.8,Rice,Harvest,No,West
Sandy,7.03,36.07,14.91,30.3,1774.9,1.03,Maize,Sowing,Yes,East
Silt,7.21,12.87,37.61,65.12,440.43,19.09,Cotton,Vegetative,Yes,East
Clay,6.79,22.92,16.02,39.72,1711.42,4.04,Wheat,Harvest,Yes,North
Silt,6.01,15.18,19.72,79.23,38.72,7.03,Rice,Flowering,Yes,East
Clay,6.76,20.78,38.21,79.07,1577.91,9.87,Maize,Harvest,Yes,West
Clay,5.96,14.05,19.68,74.7,2080.76,19.01,Sugarcane,Harvest,Yes,West
Clay,5.09,62.37,34.35,88.25,1604.6,11.83,Potato,Vegetative,No,Central
Loamy,8.18,23.88,25.43,34.86,163.49,18.15,Rice,Vegetative,No,East
Silt,5.23,33.3,34.79,43.15,2477.43,11.51,Maize,Sowing,No,South
Clay,5.05,59.22,18.97,42.66,890.23,4.51,Wheat,Vegetative,Yes,South
Sandy,7.79,46.61,24.59,79.77,951.2,11.51,Maize,Flowering,No,West
Loamy,5.83,43.23,21.54,61.49,211.88,2.46,Wheat,Vegetative,No,West
Silt,7.01,48.22,19.47,42.69,417.79,2.78,Rice,Flowering,No,Central
Clay,5.92,55.24,21.43,34.55,677.94,2.76,Sugarcane,Flowering,No,South
Sandy,6.13,58.03,21.69,87.51,1998.01,0.74,Rice,Harvest,No,Central
Silt,5.69,44.63,40.66,73.45,1729.37,3.45,Wheat,Vegetative,Yes,Central
Silt,5.97,58.73,28.0,62.0,1459.12,7.38,Cotton,Flowering,No,East
Loamy,6.2,38.52,25.86,92.58,2159.73,1.91,Rice,Harvest,No,North
Silt,7.25,23.81,27.1,84.47,2494.51,0.62,Potato,Harvest,No,East
Loamy,6.54,58.16,41.88,37.47,961.94,2.69,Sugarcane,Flowering,Yes,West
Clay,8.01,38.86,31.61,60.57,978.06,18.75,Cotton,Vegetative,Yes,East
Loamy,4.94,59.65,33.1,59.03,1840.22,10.75,Cotton,Sowing,No,South
Sandy,6.51,10.29,21.41,84.1,1610.87,8.98,Wheat,Flowering,Yes,North
Loamy,6.79,30.66,26.15,35.44,33.48,10.0,Maize,Sowing,Yes,West
Sandy,7.93,62.02,17.52,56.63,1638.57,11.32,Sugarcane,Vegetative,No,North
Loamy,4.97,22.23,32.56,69.56,1799.02,2.6,Wheat,Sowing,No,Central
Silt,6.75,61.67,22.33,91.17,2464.84,11.9,Potato,Harvest,No,South
Clay,7.7,62.37,34.45,87.95,1466.93,16.77,Sugarcane,Sowing,No,Central
Sandy,5.62,58.28,18.39,62.37,1711.04,11.43,Maize,Sowing,No,East
Loamy,7.78,40.13,24.11,67.47,1971.87,17.72,Wheat,Flowering,No,South
Loamy,4.86,44.88,26.14,84.67,239.9,3.2,Rice,Sowing,No,West
Loamy,7.29,57.57,17.0,77.11,1836.63,16.6,Rice,Flowering,Yes,West
Silt,7.97,52.23,14.09,86.55,1367.16,13.42,Cotton,Flowering,Yes,East
Silt,7.03,43.92,21.51,87.72,250.19,12.27,Maize,Flowering,Yes,East
Sandy,6.29,63.99,28.35,83.28,1674.7,11.98,Potato,Flowering,Yes,West
Sandy,4.95,47.08,31.58,25.66,586.26,2.82,Potato,Vegetative,No,West
Silt,7.93,63.6,24.76,46.77,1344.74,13.02,Wheat,Sowing,No,Central
Sandy,6.4,11.27,27.01,53.25,702.4,8.28,Maize,Flowering,No,North
Clay,4.9,15.92,28.3,72.45,261.34,1.73,Maize,Harvest,Yes,Central
Clay,7.15,33.73,27.36,46.48,627.16,4.5,Rice,Flowering,Yes,East
Silt,6.44,29.94,14.71,47.65,1097.02,9.13,Wheat,Flowering,No,East
Sandy,5.22,52.62,24.15,53.01,1235.32,19.86,Cotton,Sowing,Yes,West
Loamy,5.53,17.15,18.13,91.87,371.2,8.9,Wheat,Harvest,No,West
Clay,5.02,63.64,28.01,55.6,802.45,3.42,Rice,Harvest,Yes,South
Silt,6.75,25.96,34.74,34.85,2148.48,18.08,Cotton,Vegetative,Yes,South
Sandy,6.91,32.45,29.38,25.44,2275.96,1.19,Potato,Sowing,Yes,North
Silt,6.52,23.66,18.65,41.56,1337.96,2.97,Cotton,Harvest,No,Central
Loamy,7.58,41.02,18.23,90.72,1225.9,9.74,Sugarcane,Flowering,Yes,Central
Clay,7.73,11.34,13.11,91.85,1453.52,2.31,Wheat,Sowing,No,West
Silt,6.89,16.53,24.79,62.03,536.42,11.65,Potato,Harvest,No,East
Silt,4.84,50.51,24.99,70.25,2483.93,3.58,Sugarcane,Sowing,Yes,South
Silt,7.16,18.63,19.09,80.71,1863.18,13.19,Rice,Sowing,No,North
Loamy,6.22,21.42,34.93,28.91,596.86,2.79,Potato,Vegetative,Yes,East
Silt,6.72,53.2,23.59,51.2,680.37,16.3,Wheat,Flowering,No,West
Loamy,7.01,13.32,32.08,69.96,1621.03,14.81,Wheat,Vegetative,No,North
Loamy,5.99,32.94,31.2,87.88,807.12,18.55,Wheat,Harvest,Yes,South
Loamy,7.92,9.31,30.14,75.88,888.29,1.83,Sugarcane,Harvest,Yes,South
Clay,5.26,27.77,39.24,49.5,1952.36,11.33,Maize,Vegetative,Yes,Central
Clay,7.08,47.84,12.48,88.7,667.32,14.32,Maize,Sowing,Yes,South
Silt,4.81,13.14,14.04,71.52,1763.1,18.1,Maize,Harvest,Yes,South
Silt,7.94,58.64,33.66,83.12,2337.21,9.9,Sugarcane,Flowering,No,North
Clay,5.18,59.84,22.61,51.99,310.34,19.05,Sugarcane,Flowering,Yes,South
Sandy,5.12,13.98,41.6,25.15,360.71,2.89,Cotton,Flowering,Yes,Central
Clay,5.93,64.47,18.49,36.63,2357.18,8.95,Maize,Harvest,Yes,East
Loamy,6.07,24.96,17.5,89.9,508.8,5.44,Sugarcane,Harvest,No,South
Clay,5.53,12.79,29.65,27.32,52.25,3.53,Cotton,Flowering,No,West
Loamy,6.79,8.29,20.38,66.72,2171.27,6.09,Rice,Vegetative,No,North
Silt,6.31,31.29,22.21,53.64,705.76,13.46,Rice,Harvest,No,South
Sandy,4.92,43.9,39.63,55.07,745.88,9.92,Sugarcane,Flowering,Yes,North
Silt,5.89,26.93,12.79,53.06,567.3,4.04,Cotton,Flowering,Yes,Central
Loamy,7.56,55.69,27.94,29.72,2294.17,1.12,Cotton,Harvest,Yes,South
Loamy,7.14,48.85,22.05,33.56,1936.05,18.51,Sugarcane,Vegetative,Yes,Central
Loamy,7.26,27.96,22.38,29.41,1491.98,6.63,Wheat,Flowering,Yes,South
Sandy,7.17,49.86,19.43,28.77,1133.15,2.99,Rice,Harvest,Yes,East
Clay,5.86,61.61,16.05,30.99,358.83,3.35,Rice,Flowering,No,Central
Silt,5.14,13.31,13.03,73.76,2314.97,5.44,Wheat,Sowing,Yes,West
Silt,5.73,25.45,41.63,32.99,1874.16,5.0,Rice,Flowering,Yes,North
Clay,7.63,34.41,31.81,43.3,697.21,5.95,Rice,Sowing,No,East
Silt,8.13,36.39,35.32,70.99,2368.74,4.9,Rice,Vegetative,No,South
Sandy,6.48,38.91,13.95,32.86,2337.98,8.9,Rice,Sowing,No,East
Silt,4.83,25.14,12.45,88.72,1648.8,15.43,Maize,Vegetative,No,West
Loamy,5.28,46.03,30.01,58.42,2462.51,1.03,Sugarcane,Flowering,No,North
Clay,5.9,44.77,33.71,92.41,468.12,4.21,Wheat,Sowing,No,South
Sandy,6.77,40.94,23.85,38.48,1828.48,14.38,Rice,Sowing,No,North
Clay,5.06,14.48,23.63,27.14,380.44,3.4,Potato,Sowing,No,South
Sandy,8.01,35.19,23.53,66.32,1729.23,14.96,Maize,Vegetative,No,Central
Loamy,6.04,28.3,16.58,48.01,2299.63,10.54,Sugarcane,Harvest,Yes,North
Clay,7.9,35.99,34.62,65.07,1340.24,17.69,Wheat,Sowing,Yes,Central
Silt,7.45,60.55,18.46,58.16,1907.67,0.7,Rice,Flowering,No,East
Sandy,7.37,35.39,21.73,57.0,357.8,15.79,Rice,Flowering,Yes,South
Clay,6.86,8.8,32.14,84.58,1582.99,11.66,Potato,Harvest,Yes,South
Silt,6.93,33.01,12.0,38.43,157.98,9.64,Rice,Harvest,Yes,West
Clay,6.97,54.78,34.99,59.97,92.24,3.34,Potato,Sowing,No,North
Clay,6.94,52.46,38.97,54.12,1585.16,5.06,Cotton,Flowering,Yes,North
Clay,6.68,37.26,13.55,72.16,1432.02,15.83,Maize,Vegetative,Yes,Central
Sandy,8.15,22.24,29.75,28.51,823.13,3.41,Sugarcane,Sowing,Yes,South
Silt,7.29,34.51,24.25,62.06,1282.32,10.78,Wheat,Sowing,Yes,North
Loamy,7.44,40.13,14.35,58.5,1710.85,4.55,Potato,Flowering,Yes,East
Sandy,7.77,64.99,32.47,93.15,1611.82,10.04,Wheat,Vegetative,Yes,East
Sandy,5.53,44.72,30.37,77.91,184.08,5.47,Maize,Sowing,Yes,West
Sandy,5.08,47.57,31.28,35.85,1695.3,7.35,Potato,Sowing,No,Central
Loamy,6.44,36.01,36.4,60.65,1648.83,16.15,Maize,Flowering,No,West
Silt,6.55,28.21,20.61,79.86,1674.03,1.22,Rice,Harvest,No,Central
Silt,7.62,54.34,32.31,61.72,2118.38,18.52,Wheat,Vegetative,Yes,East
Silt,6.31,36.21,34.3,49.97,1441.76,6.73,Rice,Harvest,Yes,Central
Clay,6.74,64.7,17.06,51.37,2344.75,12.12,Maize,Vegetative,Yes,West
Clay,6.59,34.06,40.71,50.69,2450.02,4.82,Potato,Flowering,No,South
Clay,4.93,11.88,22.2,26.4,1879.61,7.5,Maize,Harvest,Yes,North
Loamy,6.89,46.91,33.41,76.14,896.7,9.46,Maize,Harvest,No,North
Clay,7.62,10.66,34.62,67.76,357.75,13.93,Sugarcane,Flowering,No,North
Loamy,5.34,22.28,27.12,43.81,2050.35,17.53,Sugarcane,Vegetative,Yes,West
Silt,6.82,28.16,15.86,69.1,366.58,17.39,Rice,Vegetative,No,South
Clay,6.82,50.15,20.27,46.61,365.42,7.07,Maize,Harvest,No,West
Clay,5.36,36.17,19.03,42.04,2297.61,2.23,Rice,Vegetative,No,North
Sandy,5.22,9.63,27.56,76.88,1399.68,18.54,Rice,Sowing,Yes,Central
Loamy,8.13,43.16,19.84,81.64,733.33,1.1,Potato,Flowering,No,South
Silt,6.14,31.45,28.4,68.8,2407.46,17.68,Potato,Harvest,Yes,East
Sandy,5.57,60.54,20.65,79.89,1768.33,1.0,Sugarcane,Vegetative,No,South
Sandy,5.38,36.48,12.03,50.6,1337.11,19.54,Cotton,Harvest,Yes,Central
Silt,7.07,48.41,22.9,30.03,823.7,0.72,Sugarcane,Harvest,No,East
Sandy,6.87,20.48,30.21,67.34,1691.54,0.83,Rice,Vegetative,No,Central
Loamy,6.99,51.38,35.21,42.92,1827.24,10.42,Sugarcane,Vegetative,Yes,North
Loamy,5.1,49.09,12.85,79.42,1780.28,13.5,Maize,Flowering,Yes,Central
Clay,7.84,59.53,19.75,50.07,488.34,7.38,Maize,Sowing,Yes,West
Sandy,6.12,9.93,41.56,71.95,1743.11,12.31,Wheat,Harvest,No,Central
Clay,5.87,33.51,19.85,63.7,1453.62,16.99,Cotton,Harvest,No,East
Sandy,6.37,46.71,35.32,82.22,2125.19,16.01,Sugarcane,Sowing,Yes,East
Loamy,6.13,13.42,27.28,83.26,1561.92,17.74,Cotton,Flowering,No,Central
Loamy,7.74,31.4,15.67,29.78,365.69,3.6,Wheat,Sowing,Yes,North
Loamy,7.96,61.7,31.3,45.66,796.33,4.88,Maize,Vegetative,Yes,Central
Sandy,5.83,32.85,40.99,85.96,1859.54,11.96,Rice,Vegetative,No,East
Loamy,7.74,64.17,38.6,53.28,1849.9,14.61,Sugarcane,Harvest,Yes,West
Sandy,7.46,11.24,32.71,61.04,556.79,2.59,Potato,Vegetative,Yes,East
Clay,7.96,48.92,27.36,37.83,886.48,3.92,Maize,Sowing,Yes,North
Sandy,5.64,41.12,21.58,63.69,38.3,18.5,Wheat,Sowing,No,West
Clay,6.76,36.53,22.71,43.52,829.26,1.0,Rice,Harvest,Yes,East
Sandy,5.73,63.34,22.39,83.05,65.85,8.33,Maize,Flowering,No,South
Clay,7.6,15.39,39.66,39.02,2182.18,4.61,Maize,Flowering,Yes,Central
Loamy,4.82,59.07,18.34,50.19,1666.62,15.6,Maize,Harvest,No,West
Clay,6.72,47.4,23.34,31.66,2422.87,17.34,Sugarcane,Vegetative,No,Central
Loamy,5.95,22.76,24.96,66.16,2229.81,5.32,Sugarcane,Harvest,Yes,East
Loamy,5.9,59.4,24.27,90.94,1508.69,12.0,Potato,Flowering,Yes,West
Clay,6.99,32.47,12.13,37.12,1257.32,16.94,Rice,Flowering,Yes,South
Sandy,7.7,54.41,20.13,26.38,2209.31,12.17,Sugarcane,Harvest,Yes,East
Sandy,6.87,30.16,26.96,54.57,746.04,12.21,Wheat,Sowing,Yes,East
Silt,7.7,56.5,34.81,77.39,558.8,8.55,Rice,Harvest,No,Central
Sandy,5.7,44.29,29.08,93.26,1025.05,13.23,Maize,Vegetative,No,Central
Silt,6.57,16.04,23.55,28.59,132.99,19.23,Wheat,Harvest,Yes,East
Sandy,6.33,45.03,31.95,80.02,754.93,6.34,Maize,Flowering,Yes,North
Sandy,4.84,18.91,31.98,50.81,209.2,4.41,Rice,Flowering,Yes,South
Loamy,6.69,31.48,19.44,35.76,131.65,19.18,Potato,Sowing,Yes,South
Silt,7.05,17.71,15.11,38.46,1378.35,1.67,Maize,Harvest,No,South
Sandy,6.81,9.25,36.1,89.67,1770.41,16.88,Cotton,Vegetative,Yes,South
Silt,7.3,20.08,27.89,81.66,1341.69,18.24,Wheat,Sowing,Yes,South
Loamy,6.74,38.57,17.3,46.82,176.44,4.78,Potato,Sowing,Yes,East
Loamy,5.03,35.45,19.86,90.81,987.42,8.8,Potato,Harvest,Yes,North
Silt,5.2,36.59,34.99,32.37,277.38,2.9,Potato,Vegetative,Yes,East
Loamy,6.83,22.12,31.6,47.58,1625.16,7.66,Rice,Flowering,Yes,East
Clay,5.73,47.05,40.35,70.7,2066.02,9.42,Rice,Sowing,Yes,East
Clay,5.07,48.14,25.95,94.96,291.76,10.44,Maize,Vegetative,No,North
Loamy,6.26,28.4,13.57,57.59,167.13,2.89,Maize,Sowing,Yes,North
Clay,6.68,58.23,33.01,81.75,1014.88,8.37,Wheat,Flowering,No,North
Sandy,5.92,44.71,19.65,89.11,758.68,12.69,Sugarcane,Flowering,Yes,North
Silt,7.25,48.64,21.72,25.67,651.72,10.25,Wheat,Sowing,No,West
Sandy,6.99,23.81,17.9,45.23,528.49,16.91,Potato,Harvest,Yes,East
Silt,5.93,8.03,21.27,32.03,792.31,19.05,Cotton,Flowering,Yes,North
Loamy,7.37,57.33,36.88,79.32,2413.44,16.43,Wheat,Sowing,Yes,South
Sandy,7.01,54.88,29.3,64.69,2144.18,1.42,Maize,Sowing,No,Central
Loamy,6.97,15.02,15.27,31.69,1503.39,4.69,Sugarcane,Harvest,Yes,West
Loamy,6.68,29.32,29.6,54.45,2001.19,2.21,Sugarcane,Vegetative,Yes,Central
Silt,4.84,45.7,31.01,60.98,36.84,8.96,Wheat,Vegetative,Yes,Central
Silt,7.17,45.17,38.54,73.84,278.64,14.61,Cotton,Sowing,No,East
Silt,6.08,57.04,37.79,79.56,731.15,1.13,Wheat,Sowing,Yes,West
Sandy,8.0,16.0,13.89,31.15,1609.75,5.71,Rice,Sowing,Yes,West
Clay,7.58,32.51,38.0,59.14,2208.53,2.33,Sugarcane,Sowing,Yes,South
Silt,6.8,13.54,13.53,36.28,577.85,8.5,Rice,Sowing,No,Central
Silt,5.66,30.21,16.62,77.73,348.01,18.54,Cotton,Harvest,Yes,East
Sandy,5.49,8.86,15.35,71.04,2119.8,8.55,Cotton,Harvest,No,East
Silt,5.96,59.2,17.45,75.61,1022.84,12.88,Maize,Vegetative,Yes,South
Sandy,6.42,38.04,36.1,30.25,1748.77,8.05,Wheat,Sowing,Yes,Central
Loamy,5.81,56.44,32.58,60.72,1370.07,14.76,Wheat,Vegetative,No,East
Silt,6.55,11.41,32.61,83.84,439.78,14.99,Potato,Flowering,No,North
Silt,5.36,20.97,39.66,74.93,1751.44,3.19,Wheat,Sowing,No,West
Loamy,8.12,22.78,23.76,85.32,1051.95,13.24,Rice,Vegetative,Yes,Central
Loamy,5.17,30.04,12.1,39.43,719.37,8.03,Potato,Harvest,Yes,East
Loamy,7.97,53.76,31.19,45.08,2256.75,17.27,Cotton,Vegetative,Yes,South
Silt,7.91,30.03,38.04,55.89,14.96,3.58,Potato,Flowering,No,Central
Clay,6.59,19.67,41.29,61.63,1012.17,18.0,Cotton,Flowering,No,East
Clay,7.26,11.7,22.92,42.65,751.28,10.47,Potato,Flowering,Yes,South
Clay,6.28,12.53,36.66,51.69,136.2,5.48,Rice,Harvest,Yes,West
Silt,6.94,51.32,37.48,73.09,201.06,7.03,Wheat,Sowing,No,Central
Loamy,5.96,33.35,16.33,70.18,430.72,0.6,Wheat,Sowing,No,West
Silt,5.82,49.39,30.94,32.73,1262.5,19.02,Rice,Harvest,No,East
Loamy,6.77,46.89,17.19,94.0,706.61,4.89,Potato,Sowing,Yes,South
Silt,6.49,15.72,25.4,64.39,2094.65,18.24,Potato,Flowering,Yes,North
Silt,6.77,16.14,38.38,58.85,599.94,17.13,Maize,Vegetative,Yes,West
Loamy,5.77,51.05,35.68,92.71,1800.55,7.31,Maize,Harvest,Yes,East
Clay,6.05,49.11,29.11,34.82,525.94,4.61,Potato,Vegetative,Yes,South
Loamy,5.09,29.55,36.26,63.06,106.38,8.82,Potato,Flowering,Yes,North
Sandy,4.98,12.41,16.58,81.36,661.55,18.7,Wheat,Harvest,No,West
Sandy,5.66,8.69,17.85,52.92,2093.92,17.17,Wheat,Harvest,No,West
Loamy,5.05,24.42,18.27,76.54,205.63,10.03,Rice,Harvest,No,Central
Silt,5.15,8.53,35.28,87.94,861.24,11.14,Sugarcane,Sowing,No,East
Sandy,7.56,21.11,38.73,43.32,20.04,8.47,Cotton,Vegetative,No,West
Sandy,4.93,31.91,28.89,41.9,1575.61,18.92,Wheat,Vegetative,No,North
Silt,7.04,14.92,40.74,50.25,2356.9,19.78,Potato,Vegetative,Yes,Central
Silt,5.73,13.94,33.84,54.29,960.92,6.14,Wheat,Vegetative,No,East
Clay,7.76,59.1,28.91,32.77,1442.29,19.02,Sugarcane,Sowing,No,West
Silt,6.45,41.37,30.35,41.19,1130.71,19.03,Maize,Sowing,Yes,South
Loamy,5.84,61.26,37.49,86.13,2433.33,9.73,Cotton,Sowing,No,West
Loamy,6.56,27.71,14.71,64.66,1840.0,8.59,Sugarcane,Vegetative,No,South
Clay,6.1,46.6,17.04,43.75,110.56,17.45,Rice,Sowing,Yes,West
Sandy,6.72,19.67,19.99,91.05,271.81,18.89,Maize,Vegetative,No,Central
Sandy,5.19,43.25,38.84,79.2,1176.2,8.35,Cotton,Sowing,No,North
Silt,8.19,15.39,40.35,50.37,1579.36,10.1,Maize,Vegetative,Yes,North
Loamy,6.25,8.12,22.69,78.58,725.99,7.02,Sugarcane,Flowering,Yes,West
Sandy,5.98,61.1,39.72,66.72,1686.61,4.57,Cotton,Sowing,Yes,North
Clay,7.21,39.63,28.41,72.87,1441.31,19.93,Wheat,Flowering,Yes,East
Clay,6.04,60.84,26.2,47.5,1087.73,4.18,Rice,Harvest,Yes,North
Loamy,7.63,27.03,36.98,39.66,1455.74,16.38,Maize,Sowing,No,West
Clay,6.34,26.68,28.38,42.75,2291.16,8.7,Potato,Flowering,Yes,South
Clay,7.25,30.84,25.63,30.86,608.01,2.13,Rice,Flowering,Yes,North
Loamy,5.17,48.24,12.48,57.97,1978.03,6.84,Maize,Flowering,No,North
Silt,7.68,40.25,12.39,53.44,29.89,2.12,Maize,Harvest,Yes,West
Silt,7.3,60.75,30.83,25.18,212.0,19.65,Potato,Sowing,Yes,South
Clay,5.52,9.45,14.2,84.95,2374.21,5.67,Maize,Harvest,Yes,East
Silt,5.29,48.37,34.11,72.73,1744.32,15.05,Rice,Vegetative,No,West
Silt,5.88,26.83,30.67,56.27,1583.29,8.8,Wheat,Vegetative,No,East
Clay,8.12,18.27,25.73,92.69,835.14,13.75,Maize,Vegetative,Yes,West
Silt,5.67,37.09,33.29,90.84,460.84,5.47,Sugarcane,Harvest,No,Central
Clay,6.35,36.79,41.79,31.66,949.79,2.34,Potato,Sowing,Yes,South
Sandy,4.9,15.81,19.39,68.06,1495.98,16.27,Sugarcane,Vegetative,Yes,South
Loamy,6.15,19.51,28.71,82.19,1585.95,14.48,Potato,Harvest,No,South
Loamy,6.74,31.27,37.29,37.11,423.88,2.63,Rice,Sowing,Yes,North
Silt,8.04,31.3,12.51,33.96,1113.75,14.75,Rice,Vegetative,Yes,North
Silt,6.56,26.1,18.11,43.18,1416.9,12.15,Sugarcane,Flowering,No,North
Silt,7.58,16.47,27.63,44.58,2399.9,3.84,Potato,Harvest,No,Central
Loamy,6.66,8.25,28.57,92.55,1373.56,16.6,Wheat,Flowering,Yes,North
Sandy,4.94,63.3,14.59,79.63,1451.5,14.13,Wheat,Harvest,Yes,South
Sandy,5.87,61.78,24.22,29.18,1912.97,10.38,Cotton,Flowering,Yes,East
Loamy,6.76,35.57,27.59,80.05,1047.28,3.98,Maize,Harvest,No,Central
Sandy,8.03,64.72,24.69,36.87,959.67,11.03,Potato,Harvest,No,South
Loamy,7.72,46.4,33.02,50.01,1477.27,3.67,Sugarcane,Sowing,No,South
Sandy,5.58,11.92,35.14,47.3,1958.27,4.09,Potato,Flowering,Yes,West
Clay,5.55,14.71,25.81,44.07,1593.95,5.21,Rice,Harvest,No,North
Clay,5.48,60.22,24.77,46.61,465.33,13.26,Sugarcane,Flowering,Yes,Central
Loamy,7.94,43.91,33.16,77.79,994.25,13.75,Sugarcane,Vegetative,No,North
Sandy,7.7,56.06,28.66,43.66,1281.49,1.92,Rice,Sowing,Yes,South
Silt,7.43,59.2,38.11,81.05,1309.36,13.19,Sugarcane,Harvest,No,East
Sandy,6.14,33.53,26.43,31.37,848.99,1.17,Potato,Vegetative,No,West
Clay,6.51,10.77,29.23,66.66,1306.04,18.15,Wheat,Flowering,Yes,North
Clay,6.38,18.73,15.86,85.41,1682.44,15.68,Maize,Flowering,No,West
Sandy,5.66,11.79,37.08,30.55,1169.93,14.63,Wheat,Vegetative,Yes,South
Sandy,6.52,18.76,24.67,69.44,1128.37,5.16,Sugarcane,Harvest,No,Central
Silt,4.9,31.4,33.57,60.81,2003.96,19.76,Wheat,Sowing,No,South
Silt,5.25,14.74,24.88,48.24,1892.1,18.52,Cotton,Sowing,Yes,Central
Sandy,7.81,17.5,12.03,32.05,1056.01,10.05,Sugarcane,Vegetative,No,South
Sandy,7.36,33.41,24.01,72.35,2490.03,1.18,Cotton,Vegetative,Yes,East
Sandy,6.24,27.39,16.43,46.66,166.18,10.47,Potato,Sowing,Yes,North
Sandy,6.56,34.66,23.96,48.72,814.99,3.5,Wheat,Flowering,Yes,North
Loamy,6.06,32.46,21.64,75.23,92.08,12.06,Potato,Flowering,No,Central
Sandy,7.32,44.74,18.08,91.17,2098.67,19.74,Rice,Sowing,No,Central
Silt,7.47,61.42,15.71,48.35,1889.08,15.26,Maize,Vegetative,Yes,Central
Clay,7.4,14.15,33.86,77.27,1709.19,6.78,Rice,Flowering,Yes,West
Loamy,7.26,13.66,34.65,91.96,536.18,8.19,Cotton,Harvest,Yes,East
Sandy,5.5,56.61,19.95,31.85,1769.3,18.92,Potato,Sowing,No,South
Clay,5.95,36.86,26.86,62.04,888.28,2.65,Rice,Harvest,No,North
Loamy,6.4,51.69,25.92,25.78,2171.42,17.86,Cotton,Flowering,Yes,East
Clay,5.92,20.28,22.66,82.76,498.75,1.95,Rice,Harvest,Yes,Central
Sandy,7.37,55.25,20.33,45.08,544.6,8.59,Maize,Harvest,Yes,East
Sandy,5.92,60.66,17.58,48.29,2401.47,15.04,Sugarcane,Vegetative,Yes,East
Silt,5.27,44.22,38.19,73.11,1292.55,8.2,Maize,Flowering,Yes,South
Sandy,6.16,14.04,37.0,80.24,1115.96,11.64,Wheat,Harvest,No,Central
Sandy,8.13,59.03,24.52,53.0,879.37,10.07,Potato,Harvest,No,East
Loamy,5.57,53.17,33.64,71.59,2078.03,12.29,Wheat,Sowing,Yes,West
Silt,6.88,50.8,26.95,91.94,881.77,3.83,Rice,Vegetative,No,South
Loamy,6.27,10.09,14.56,87.08,890.39,11.77,Maize,Sowing,No,West
Clay,5.04,53.54,36.67,74.09,308.34,19.75,Wheat,Sowing,No,West
Sandy,6.46,15.86,18.58,91.01,1301.82,4.28,Sugarcane,Flowering,Yes,North
Clay,7.19,20.68,33.2,86.32,2309.37,1.81,Rice,Harvest,No,East
Loamy,6.54,40.9,27.82,76.03,2393.85,8.14,Cotton,Harvest,Yes,West
Sandy,7.77,23.1,32.72,89.21,2488.79,7.8,Rice,Sowing,No,East
Sandy,5.78,45.7,26.14,82.22,1182.68,2.95,Maize,Sowing,Yes,West
Loamy,5.09,42.66,33.08,60.16,1937.37,11.64,Maize,Harvest,No,Central
Loamy,7.98,14.16,12.98,60.16,1381.34,9.03,Sugarcane,Harvest,No,Central
Loamy,6.09,45.39,13.23,25.62,1369.89,16.82,Rice,Harvest,Yes,Central
Loamy,6.76,60.67,38.89,27.12,2015.6,8.75,Rice,Harvest,Yes,East
Loamy,7.49,17.18,34.49,77.24,2088.39,19.72,Potato,Harvest,No,West
Sandy,5.9,42.03,36.85,63.83,49.48,15.71,Maize,Flowering,No,East
Loamy,7.23,27.49,25.7,78.27,2356.97,10.01,Rice,Flowering,No,South
Sandy,5.26,34.2,25.79,91.48,2057.46,11.27,Wheat,Flowering,No,North
Sandy,5.79,24.36,28.02,56.68,1802.77,17.4,Wheat,Harvest,No,North
Loamy,5.29,28.19,19.31,31.19,2130.08,15.6,Rice,Harvest,Yes,North
Loamy,7.56,9.65,34.01,68.86,1343.16,13.33,Wheat,Vegetative,Yes,South
Silt,5.56,63.95,36.88,31.98,1933.16,5.7,Maize,Flowering,Yes,West
Sandy,7.24,43.61,39.22,68.49,1496.62,8.5,Cotton,Flowering,No,East
Loamy,8.01,36.54,27.51,61.94,1357.33,15.85,Rice,Vegetative,Yes,Central
Loamy,6.59,29.87,24.44,74.86,529.02,12.74,Potato,Vegetative,No,South
Loamy,6.64,38.74,36.93,49.57,2118.54,19.15,Sugarcane,Flowering,No,East
Silt,6.37,29.67,34.58,35.07,2209.68,17.52,Rice,Flowering,Yes,West
Silt,5.91,28.51,38.02,41.53,2427.98,8.83,Maize,Flowering,Yes,South
Clay,6.42,34.44,31.67,72.85,301.1,6.23,Sugarcane,Sowing,No,Central
Sandy,6.85,23.73,38.5,58.47,728.94,2.92,Sugarcane,Flowering,No,East
Clay,8.15,18.26,14.67,62.86,1713.51,8.45,Cotton,Flowering,No,South
Loamy,7.99,39.73,32.39,47.61,2138.07,4.92,Rice,Flowering,Yes,South
Silt,7.73,56.04,14.66,83.57,1878.26,0.83,Rice,Vegetative,Yes,East
Silt,7.82,16.71,34.47,94.96,1138.98,3.2,Sugarcane,Sowing,No,East
Clay,6.39,9.87,30.85,46.85,1814.94,9.33,Wheat,Flowering,No,Central
Silt,7.04,22.07,12.48,75.31,180.31,17.9,Rice,Flowering,No,Central
Loamy,7.84,63.84,29.98,36.98,1656.35,6.76,Rice,Flowering,Yes,East
Silt,6.14,55.24,16.39,76.97,20.03,9.1,Wheat,Vegetative,No,North
Clay,8.07,41.96,16.27,55.16,118.87,7.99,Potato,Flowering,Yes,South
Loamy,6.21,60.97,16.51,67.37,1893.24,7.7,Potato,Flowering,Yes,East
Clay,6.84,33.38,26.51,41.63,1194.07,14.59,Potato,Harvest,Yes,East
Silt,7.21,64.05,15.47,84.62,148.88,10.37,Cotton,Harvest,Yes,North
Clay,8.03,24.89,15.77,37.13,1204.65,8.46,Rice,Vegetative,No,South
Clay,5.63,21.7,19.69,90.0,156.89,18.89,Maize,Vegetative,Yes,South
Sandy,7.34,44.37,12.03,29.29,865.08,5.89,Wheat,Vegetative,No,South
Silt,6.57,29.55,20.27,45.16,393.43,16.74,Rice,Vegetative,Yes,South
Silt,5.71,43.7,30.55,64.41,548.43,10.54,Wheat,Vegetative,Yes,Central
Clay,7.44,25.38,30.05,85.09,489.01,9.11,Wheat,Harvest,Yes,South
Sandy,6.68,43.22,41.09,65.39,929.42,1.73,Cotton,Harvest,No,South
Silt,7.05,23.72,15.59,40.13,269.77,17.24,Cotton,Vegetative,Yes,North
Loamy,5.9,10.91,37.97,85.13,1319.34,5.78,Sugarcane,Vegetative,No,Central
Clay,6.44,59.99,23.74,66.73,1017.75,13.75,Rice,Harvest,No,North
Silt,6.9,58.34,23.61,41.26,2099.66,17.55,Cotton,Harvest,Yes,Central
Loamy,6.18,63.34,22.46,64.33,2064.81,10.95,Rice,Harvest,Yes,North
Silt,5.47,48.84,15.74,72.27,2060.69,12.99,Sugarcane,Harvest,Yes,East
Loamy,8.07,46.92,26.36,72.64,1174.1,7.13,Potato,Vegetative,Yes,Central
Clay,6.54,39.86,35.62,75.68,726.97,14.67,Cotton,Harvest,Yes,Central
Silt,7.3,15.18,38.26,87.7,1038.5,13.3,Cotton,Vegetative,Yes,West
Silt,6.2,18.79,40.89,82.74,1718.43,9.17,Sugarcane,Flowering,No,East
Sandy,6.01,24.5,35.56,67.54,1324.47,12.87,Maize,Harvest,No,East
Clay,6.18,58.74,30.69,27.25,1560.76,5.62,Maize,Sowing,Yes,West
Loamy,6.19,17.86,26.93,77.47,1734.29,13.33,Sugarcane,Flowering,Yes,North
Silt,6.65,60.6,38.25,93.25,2295.91,13.62,Maize,Harvest,No,North
Silt,6.65,37.8,34.19,46.39,2359.94,9.18,Maize,Vegetative,No,Central
Loamy,6.49,48.79,16.84,67.48,2101.17,5.36,Maize,Harvest,Yes,North
Clay,5.26,14.28,32.48,78.81,162.65,16.16,Maize,Flowering,Yes,West
Sandy,6.49,23.33,24.93,69.74,2448.34,15.21,Wheat,Vegetative,Yes,South
Sandy,5.37,62.64,29.87,89.58,1759.08,1.61,Wheat,Harvest,No,East
Silt,5.23,23.17,38.95,58.13,1733.48,10.14,Cotton,Harvest,Yes,North
Loamy,7.97,24.9,31.58,62.23,57.76,2.3,Rice,Harvest,Yes,West
Silt,6.86,19.26,40.16,27.68,1198.5,6.73,Wheat,Harvest,Yes,West
Loamy,7.04,15.36,37.99,88.02,1566.25,8.73,Rice,Sowing,No,West
Sandy,6.17,21.3,15.87,43.36,696.27,3.95,Potato,Sowing,Yes,Central
Clay,7.89,44.61,12.35,93.49,208.1,9.64,Sugarcane,Harvest,No,East
Loamy,6.97,33.96,23.53,39.15,1331.11,14.27,Potato,Vegetative,No,North
Sandy,7.42,39.56,37.96,42.74,1115.74,9.02,Potato,Vegetative,No,West
Silt,6.05,14.97,18.9,58.92,110.2,5.07,Sugarcane,Flowering,Yes,North
Loamy,8.06,53.72,32.74,71.24,1298.55,8.59,Potato,Flowering,No,East
Clay,7.59,52.69,26.28,55.85,269.29,12.05,Sugarcane,Vegetative,Yes,West
Silt,7.7,9.23,34.38,49.63,1061.38,18.76,Rice,Sowing,Yes,North
Silt,5.39,29.86,16.95,62.81,676.03,10.24,Sugarcane,Flowering,No,North
Sandy,5.72,11.92,19.17,92.08,2426.18,17.81,Cotton,Flowering,No,West
Loamy,5.77,53.15,19.28,92.34,86.83,19.7,Rice,Sowing,No,North
Silt,5.72,50.02,28.45,47.96,1400.06,11.4,Cotton,Sowing,No,East
Clay,7.71,59.41,20.69,72.61,379.8,3.37,Cotton,Flowering,Yes,East
Loamy,4.91,21.48,36.35,75.53,798.24,17.57,Maize,Vegetative,No,South
Clay,5.06,34.01,22.4,70.74,459.75,17.32,Cotton,Sowing,No,Central
Silt,5.73,18.52,31.83,32.91,2487.87,17.44,Wheat,Flowering,No,East
Clay,5.48,29.16,40.46,62.76,80.91,19.04,Potato,Vegetative,No,Central
Sandy,5.59,37.77,30.21,78.43,1353.39,5.89,Cotton,Vegetative,No,East
Clay,7.51,11.04,19.26,39.06,1520.11,7.0,Sugarcane,Vegetative,No,South
Loamy,6.71,48.75,36.91,49.37,1930.42,13.9,Maize,Harvest,Yes,North
Clay,4.82,38.97,12.38,39.27,1564.96,11.5,Potato,Flowering,No,North
Clay,6.26,55.25,19.7,87.08,578.37,17.43,Rice,Harvest,No,West
Sandy,6.19,23.49,23.62,85.1,1495.1,5.46,Cotton,Harvest,Yes,West
Clay,5.19,59.49,17.88,36.84,2437.42,13.34,Potato,Flowering,Yes,South
Clay,7.1,64.93,30.12,78.24,2121.13,18.84,Maize,Harvest,Yes,Central
Silt,7.19,60.4,28.74,50.48,1133.74,4.71,Cotton,Sowing,Yes,West
Silt,7.25,52.34,24.19,73.03,1193.52,6.48,Cotton,Sowing,No,North
Loamy,7.28,54.31,20.83,59.54,332.27,8.44,Sugarcane,Vegetative,Yes,West
Silt,4.8,40.7,25.02,58.04,1424.81,2.2,Wheat,Vegetative,Yes,North
Silt,8.04,18.84,20.74,86.69,700.61,3.95,Maize,Flowering,Yes,Central
Silt,7.57,46.59,18.64,69.59,270.29,7.95,Maize,Flowering,No,South
Silt,7.87,48.63,22.54,41.5,1185.52,1.95,Cotton,Sowing,Yes,South
Sandy,4.85,64.17,30.07,32.75,112.68,7.57,Maize,Sowing,Yes,Central
Silt,7.98,38.85,31.45,90.34,300.33,5.26,Rice,Flowering,Yes,North
Sandy,7.55,23.47,20.92,35.74,547.61,17.36,Rice,Vegetative,No,West
Sandy,7.65,46.97,40.42,76.39,2476.59,12.37,Cotton,Harvest,No,North
Silt,5.12,63.82,19.86,59.71,2021.2,18.02,Maize,Vegetative,Yes,East
Clay,7.31,18.1,33.36,34.8,1354.4,4.46,Potato,Sowing,Yes,West
Sandy,8.06,26.58,14.44,79.37,581.41,2.09,Cotton,Sowing,Yes,North
Clay,7.11,38.89,31.95,88.31,1297.3,7.4,Rice,Vegetative,Yes,East
Clay,6.74,17.7,25.8,33.51,1622.49,1.6,Maize,Flowering,Yes,West
Silt,8.02,9.27,29.07,29.7,11.41,17.73,Wheat,Vegetative,No,East
Loamy,6.31,27.21,17.52,84.49,2469.73,4.17,Cotton,Vegetative,No,East
Silt,6.84,57.33,25.01,60.07,1566.95,3.25,Rice,Vegetative,Yes,Central
Loamy,6.42,10.48,34.99,72.22,2470.62,15.86,Rice,Sowing,Yes,West
Loamy,7.97,32.45,35.01,55.9,1172.66,14.39,Wheat,Vegetative,Yes,West
Silt,5.06,51.45,19.13,53.87,1558.77,1.61,Cotton,Vegetative,Yes,East
Silt,6.5,62.33,22.58,45.98,1153.65,10.44,Sugarcane,Vegetative,Yes,East
Loamy,7.14,64.17,12.11,64.4,23.71,9.25,Sugarcane,Vegetative,No,North
Silt,7.49,32.05,14.7,36.19,2124.73,8.04,Rice,Flowering,No,East
Loamy,6.78,62.17,15.8,75.21,1122.5,2.97,Sugarcane,Harvest,Yes,Central
Clay,7.89,10.02,20.81,63.46,1177.34,15.85,Potato,Flowering,No,West
Silt,8.0,50.52,34.77,84.33,899.91,5.18,Rice,Harvest,No,East
Clay,5.02,44.64,27.31,89.47,1081.64,9.44,Sugarcane,Sowing,No,East
Sandy,6.17,22.22,35.78,88.04,1813.88,17.68,Rice,Harvest,Yes,East
Clay,4.88,36.92,34.65,67.09,1751.56,6.71,Potato,Vegetative,Yes,East
Clay,5.92,15.38,29.61,47.31,2020.95,1.2,Maize,Flowering,No,West
Loamy,6.63,57.68,27.0,50.0,2436.67,17.84,Wheat,Sowing,No,West
Clay,7.9,28.4,39.94,70.68,977.91,10.13,Rice,Vegetative,Yes,South
Silt,7.68,43.68,29.08,74.84,847.4,10.19,Sugarcane,Vegetative,Yes,North
Loamy,5.23,17.05,26.48,36.29,1233.81,11.25,Cotton,Vegetative,Yes,North
Sandy,5.12,19.75,38.07,94.86,385.97,4.01,Sugarcane,Vegetative,Yes,East
Silt,6.8,64.54,14.14,32.53,1895.07,14.44,Wheat,Harvest,No,North
Sandy,6.61,50.93,31.68,67.5,1452.84,5.01,Sugarcane,Flowering,Yes,West
Clay,5.71,62.83,15.39,62.17,528.35,6.37,Sugarcane,Flowering,No,East
Silt,7.86,24.86,36.59,66.37,2160.09,12.81,Cotton,Vegetative,Yes,West
Silt,7.95,17.38,35.78,62.36,1547.66,15.12,Rice,Vegetative,Yes,South
Sandy,6.17,36.67,27.11,29.05,85.1,14.75,Potato,Sowing,Yes,Central
Silt,7.83,36.2,31.83,94.71,491.29,2.12,Maize,Flowering,Yes,South
Silt,6.11,17.97,35.18,93.69,2227.73,15.21,Cotton,Harvest,No,East
Silt,7.31,49.79,26.5,61.7,952.61,13.42,Wheat,Vegetative,Yes,North
Clay,6.42,28.62,39.18,39.58,2460.88,12.3,Potato,Sowing,Yes,North
Sandy,5.22,18.62,25.11,37.81,1324.38,19.35,Cotton,Sowing,No,North
Silt,7.95,26.92,38.76,28.99,519.79,7.26,Potato,Vegetative,No,West
Loamy,6.34,40.13,29.48,67.83,1484.74,13.82,Rice,Flowering,Yes,West
Loamy,7.3,49.41,24.79,58.48,255.88,11.68,Wheat,Harvest,No,East
Loamy,6.05,35.47,12.12,54.14,2018.79,8.07,Maize,Harvest,Yes,Central
Loamy,4.86,37.96,20.87,61.76,1569.6,15.87,Maize,Sowing,Yes,West
Clay,5.14,15.92,38.04,86.1,2409.87,8.36,Sugarcane,Sowing,No,West
Silt,6.49,60.14,24.86,29.95,1725.27,11.39,Sugarcane,Sowing,No,West
Sandy,7.15,60.94,24.64,63.09,122.88,11.43,Wheat,Sowing,No,Central
Silt,5.94,46.96,26.68,74.07,1191.07,10.47,Maize,Sowing,No,East
Clay,7.16,9.0,20.59,92.95,1328.28,9.42,Rice,Harvest,Yes,South
Loamy,7.18,38.61,26.75,76.78,2291.94,3.77,Wheat,Harvest,No,North
Clay,7.19,43.87,23.27,63.37,1081.17,5.2,Sugarcane,Vegetative,Yes,West
Silt,6.47,64.7,39.28,78.67,1483.78,2.91,Sugarcane,Sowing,Yes,Central
Sandy,7.91,64.78,28.92,94.79,464.89,14.61,Sugarcane,Flowering,No,North
Clay,6.46,56.88,37.02,87.21,611.57,15.01,Cotton,Flowering,No,Central
Sandy,6.33,11.64,32.61,31.24,1371.47,12.95,Maize,Harvest,No,South
Clay,5.48,62.34,18.38,65.24,1742.46,18.39,Cotton,Sowing,No,North
Sandy,5.85,42.92,38.03,80.05,1088.65,5.67,Wheat,Sowing,No,West
Sandy,4.94,53.65,14.62,72.03,1081.67,16.51,Cotton,Sowing,Yes,Central
Loamy,6.95,31.21,25.46,54.19,639.99,4.12,Maize,Vegetative,No,West
Sandy,5.65,26.22,19.17,47.57,1745.33,1.82,Wheat,Sowing,Yes,South
Loamy,5.83,34.4,28.13,68.89,13.68,0.5,Maize,Harvest,No,North
Silt,7.42,16.37,21.0,53.87,1281.92,11.82,Maize,Vegetative,No,West
Silt,5.91,28.35,33.68,52.44,8.91,15.69,Potato,Harvest,Yes,Central
Loamy,5.62,56.88,40.11,83.57,1483.67,16.55,Rice,Harvest,Yes,North
Loamy,5.37,10.16,33.27,47.1,77.27,9.68,Rice,Harvest,No,East
Clay,7.43,16.6,22.66,70.14,2350.17,1.65,Rice,Harvest,Yes,South
Clay,5.24,15.13,30.0,86.14,1194.88,1.2,Sugarcane,Harvest,Yes,South
Clay,6.34,30.98,38.66,68.52,1710.06,18.39,Potato,Sowing,Yes,North
Silt,6.52,64.83,20.1,59.5,2134.0,2.31,Potato,Vegetative,Yes,Central
Clay,7.14,17.88,15.55,27.47,588.56,15.8,Potato,Harvest,No,South
Sandy,6.95,16.29,15.92,72.71,1350.13,1.86,Cotton,Vegetative,Yes,North
Sandy,7.56,60.16,26.85,94.83,2158.62,4.08,Rice,Sowing,No,East
Clay,4.95,58.28,33.96,81.59,1344.43,3.68,Wheat,Sowing,No,North
Sandy,5.81,9.84,31.72,69.41,981.93,5.9,Potato,Sowing,No,North
Silt,5.75,50.85,25.62,57.84,922.17,8.41,Sugarcane,Sowing,Yes,North
Sandy,5.3,45.36,33.88,40.7,960.27,2.93,Rice,Harvest,Yes,East
Silt,5.78,51.76,31.02,73.45,1538.58,19.48,Cotton,Vegetative,No,North
Loamy,5.85,36.19,30.85,37.41,114.15,0.54,Sugarcane,Sowing,No,North
Loamy,6.57,64.51,18.07,87.09,1038.46,15.56,Sugarcane,Flowering,No,Central
Loamy,7.06,10.5,21.38,49.78,1401.47,10.77,Potato,Flowering,Yes,North
Loamy,6.1,21.36,22.33,52.99,1965.95,2.17,Wheat,Harvest,No,South
Sandy,7.25,30.6,36.25,40.12,1324.98,2.84,Maize,Sowing,No,Central
Clay,5.94,33.64,35.25,58.72,2315.43,12.0,Wheat,Vegetative,Yes,Central
Sandy,5.79,60.52,19.58,72.63,1109.43,6.65,Cotton,Flowering,No,East
Silt,6.64,39.92,13.65,46.19,1626.99,9.28,Cotton,Harvest,Yes,South
Sandy,4.88,10.57,35.03,74.13,43.95,11.21,Cotton,Vegetative,No,Central
Sandy,5.07,31.25,24.3,68.44,596.12,11.68,Sugarcane,Harvest,Yes,East
Silt,6.22,31.74,18.59,51.07,2038.64,11.86,Cotton,Harvest,Yes,Central
Loamy,8.01,63.03,15.51,46.9,1465.54,1.87,Wheat,Sowing,No,North
Loamy,7.25,42.15,12.38,85.29,2365.43,14.94,Sugarcane,Harvest,Yes,South
Loamy,5.1,44.23,24.83,25.84,1882.19,6.22,Wheat,Harvest,No,Central
Clay,7.68,48.66,22.19,75.11,1124.16,2.73,Rice,Sowing,No,South
Silt,7.29,51.89,32.89,54.21,1946.78,2.49,Potato,Sowing,Yes,East
Silt,6.88,44.2,41.3,75.24,1169.47,5.12,Rice,Flowering,No,North
Sandy,7.59,21.52,18.2,60.53,825.42,12.76,Potato,Harvest,No,East
Clay,6.17,57.82,19.29,30.87,117.74,9.7,Rice,Sowing,Yes,North
Loamy,5.55,49.73,22.12,93.74,2164.06,2.59,Wheat,Vegetative,No,Central
Clay,6.54,50.29,25.98,31.02,1047.35,1.13,Maize,Vegetative,No,Central
Silt,6.67,64.8,32.93,36.09,1712.93,0.98,Potato,Vegetative,No,North
Silt,6.63,53.74,22.56,54.42,382.65,8.71,Wheat,Harvest,Yes,West
Sandy,6.72,55.26,15.13,91.12,2072.41,15.87,Rice,Sowing,Yes,East
Sandy,8.03,62.23,33.91,45.52,2060.5,11.69,Potato,Vegetative,No,West
Silt,7.87,16.61,35.84,64.81,1205.37,16.29,Maize,Flowering,No,West
Loamy,7.78,36.37,19.43,61.5,1680.36,6.73,Potato,Flowering,Yes,West
Loamy,7.52,41.09,16.1,48.11,1303.63,3.24,Sugarcane,Vegetative,Yes,South
Clay,8.01,26.77,27.83,73.74,1380.66,16.16,Potato,Flowering,No,South
Silt,5.13,55.85,18.25,60.1,2222.0,14.69,Cotton,Vegetative,Yes,North
Silt,5.7,51.46,23.22,65.48,2417.29,11.99,Maize,Flowering,No,North
Loamy,6.48,49.09,35.32,39.71,918.75,17.81,Potato,Harvest,No,East
Loamy,7.68,64.84,18.59,89.86,829.33,12.8,Rice,Flowering,No,Central
Silt,6.52,22.78,36.19,32.74,759.52,10.75,Potato,Sowing,Yes,North
Sandy,7.34,49.92,32.22,73.32,1926.9,10.3,Maize,Vegetative,No,East
Silt,5.27,39.43,18.59,87.01,1807.24,12.54,Cotton,Harvest,No,Central
Silt,5.66,25.84,27.79,30.88,109.5,10.57,Potato,Vegetative,No,South
Loamy,7.29,17.15,30.42,27.01,221.1,5.82,Sugarcane,Flowering,No,East
Loamy,5.36,59.07,18.01,48.32,1615.51,19.1,Wheat,Flowering,No,West
Sandy,5.99,41.94,16.35,80.3,687.4,19.18,Maize,Harvest,No,West
Sandy,5.7,55.02,27.94,75.22,228.95,3.75,Rice,Sowing,No,West
Clay,5.99,39.08,32.82,82.55,1034.16,10.85,Cotton,Vegetative,No,South
Silt,7.21,20.54,25.95,52.82,2193.71,15.9,Maize,Sowing,Yes,Central
Loamy,6.05,27.24,14.1,94.56,915.78,1.57,Maize,Flowering,Yes,East
Sandy,6.69,29.75,39.76,50.63,1739.08,2.91,Maize,Flowering,Yes,West
Clay,5.14,63.46,32.85,81.38,2251.44,11.13,Rice,Sowing,No,West
Clay,7.54,8.32,30.64,49.56,423.28,1.05,Maize,Flowering,No,South
Loamy,6.06,64.18,31.31,40.29,1524.25,16.74,Potato,Harvest,No,Central
Loamy,7.01,63.89,23.96,48.57,2269.15,17.53,Potato,Flowering,Yes,Central
Clay,7.27,64.78,41.53,38.49,483.53,14.86,Maize,Harvest,Yes,Central
Sandy,5.51,35.17,15.98,34.04,2471.78,16.54,Potato,Vegetative,Yes,Central
Clay,7.81,62.94,34.17,50.48,912.71,13.6,Sugarcane,Flowering,No,Central
Silt,6.9,30.55,24.63,35.28,543.81,3.27,Rice,Vegetative,Yes,South
Silt,6.26,9.5,38.43,60.16,2094.55,1.08,Potato,Flowering,Yes,North
Loamy,5.42,20.79,33.52,27.48,1169.77,17.04,Maize,Vegetative,Yes,Central
Sandy,8.0,61.88,28.87,55.19,1676.7,14.29,Cotton,Harvest,Yes,Central
Sandy,7.37,8.78,40.13,92.06,1224.02,8.27,Wheat,Harvest,Yes,West
Silt,5.51,39.12,39.37,50.12,1608.82,16.04,Wheat,Harvest,No,South
Clay,5.95,12.31,13.57,34.63,88.42,1.54,Sugarcane,Flowering,No,Central
Loamy,7.55,24.32,17.78,46.36,875.45,6.72,Rice,Vegetative,No,West
Clay,7.17,13.02,32.28,80.39,1643.28,7.17,Cotton,Harvest,No,South
Clay,7.4,56.99,39.66,46.96,876.95,2.55,Rice,Vegetative,No,West
Clay,6.3,41.69,24.91,51.84,1939.39,14.96,Wheat,Vegetative,No,Central
Sandy,7.24,59.42,13.15,80.22,2402.21,15.66,Cotton,Harvest,Yes,West
Silt,6.11,47.24,31.3,43.24,93.53,11.87,Wheat,Harvest,Yes,North
Sandy,5.52,63.35,17.84,58.48,2138.3,8.65,Wheat,Vegetative,No,South
Silt,6.95,37.06,28.57,29.42,422.66,12.34,Rice,Harvest,Yes,West
Loamy,8.12,44.41,23.54,37.18,2293.34,18.02,Maize,Sowing,Yes,East
Loamy,5.86,40.85,28.74,39.66,2366.98,7.48,Potato,Vegetative,Yes,North
Clay,6.37,35.6,39.97,57.45,1422.95,7.02,Sugarcane,Flowering,No,Central
Silt,7.09,56.22,26.57,82.47,1197.53,12.64,Cotton,Sowing,No,East
Silt,6.64,44.74,13.04,49.82,1896.25,13.83,Potato,Flowering,Yes,Central
Silt,7.67,53.67,29.43,51.63,2295.05,9.43,Sugarcane,Harvest,Yes,East
Clay,7.39,52.82,21.77,46.07,581.12,17.26,Cotton,Harvest,No,North
Clay,5.0,18.89,35.34,47.43,956.1,7.37,Wheat,Harvest,Yes,North
Loamy,8.19,45.06,26.1,53.25,1043.84,13.0,Cotton,Flowering,No,East
Sandy,7.36,19.38,34.24,87.96,2114.55,13.52,Cotton,Sowing,No,Central
Silt,7.74,41.25,39.26,26.71,342.29,6.25,Potato,Vegetative,Yes,North
Silt,7.01,46.61,22.87,68.72,1557.61,0.87,Rice,Sowing,No,Central
Sandy,7.71,64.84,41.68,87.14,877.35,16.62,Sugarcane,Flowering,No,South
Silt,5.18,9.74,16.49,54.19,2213.79,9.91,Sugarcane,Harvest,Yes,South
Clay,5.98,13.2,31.32,70.56,849.48,2.36,Cotton,Sowing,No,East
Clay,7.78,12.39,13.04,66.0,2444.87,19.17,Maize,Vegetative,No,North
Silt,5.49,30.71,18.39,48.7,39.08,6.28,Maize,Vegetative,Yes,North
Clay,5.07,54.83,31.01,34.62,598.88,9.75,Potato,Sowing,No,West
Clay,7.48,56.11,13.39,40.37,1143.3,9.94,Potato,Harvest,Yes,East
Silt,7.64,50.01,15.05,29.02,640.81,7.73,Sugarcane,Flowering,Yes,North
Loamy,5.35,59.12,20.73,78.53,1843.48,3.46,Cotton,Vegetative,Yes,South
Sandy,7.7,26.4,29.27,62.3,2036.38,14.23,Potato,Vegetative,No,South
Clay,7.14,13.02,12.48,79.99,1743.77,4.31,Sugarcane,Flowering,Yes,Central
Loamy,6.57,11.31,26.47,45.31,2426.0,13.81,Rice,Sowing,Yes,South
Clay,7.62,56.57,30.77,81.33,1140.1,16.14,Wheat,Harvest,Yes,North
Clay,6.23,49.63,24.08,46.64,2449.42,0.95,Rice,Harvest,No,West
Sandy,5.46,47.82,14.03,33.49,311.53,14.77,Wheat,Vegetative,Yes,North
Clay,5.77,27.36,30.33,62.37,2114.86,12.94,Cotton,Harvest,No,West
Sandy,6.52,29.65,30.18,91.17,96.1,4.32,Cotton,Flowering,No,East
Sandy,6.61,62.61,27.18,54.01,1329.79,12.59,Rice,Sowing,No,West
Sandy,7.54,11.64,32.79,61.08,1211.18,8.71,Rice,Harvest,No,East
Loamy,7.49,52.1,18.23,56.59,2140.75,2.15,Potato,Flowering,No,Central
Silt,6.78,25.65,32.36,57.02,1751.83,10.71,Maize,Harvest,No,North
Loamy,7.45,10.23,16.84,40.0,1102.64,19.48,Potato,Flowering,No,North
Silt,5.45,50.33,23.78,54.57,2239.18,13.15,Rice,Flowering,No,South
Silt,4.97,26.86,14.03,59.78,2214.67,6.95,Sugarcane,Harvest,Yes,East
Sandy,7.77,49.16,36.57,77.14,61.83,11.49,Potato,Harvest,No,West
Clay,5.06,48.34,28.15,34.79,2177.55,14.89,Wheat,Sowing,Yes,East
Sandy,5.64,38.48,41.13,65.01,1316.46,3.55,Maize,Sowing,No,West
Clay,7.16,52.31,40.27,71.35,2097.4,10.81,Potato,Flowering,Yes,Central
Silt,6.19,41.12,41.96,51.8,453.31,10.38,Potato,Harvest,No,South
Sandy,7.78,24.34,15.04,63.44,377.74,7.84,Potato,Harvest,Yes,West
Clay,5.81,49.84,30.2,74.75,1805.51,15.07,Potato,Harvest,No,South
Loamy,4.84,41.58,24.23,57.56,688.39,11.52,Potato,Sowing,Yes,North
Clay,5.82,8.73,27.98,48.33,1397.1,14.13,Sugarcane,Flowering,No,West
Sandy,6.77,59.39,21.26,82.73,1722.04,12.12,Sugarcane,Harvest,Yes,East
Loamy,6.08,39.1,13.44,94.22,1526.02,15.73,Rice,Harvest,Yes,South
Clay,6.62,57.51,33.23,40.16,1747.41,12.86,Maize,Sowing,No,West
Clay,7.78,58.32,40.97,87.26,1550.89,13.72,Cotton,Flowering,Yes,Central
Clay,7.9,33.36,27.97,63.18,947.82,4.9,Cotton,Harvest,Yes,West
Clay,5.7,36.94,21.89,56.35,226.24,16.99,Rice,Vegetative,No,West
Clay,6.37,31.7,40.15,87.52,2138.36,3.53,Wheat,Harvest,No,North
Loamy,6.67,33.62,22.94,88.72,2115.02,7.13,Rice,Flowering,No,South
Silt,8.03,59.02,39.44,44.09,14.2,17.84,Wheat,Sowing,Yes,Central
Loamy,8.2,52.92,37.67,50.09,2102.16,2.62,Sugarcane,Harvest,No,East
Loamy,5.6,15.21,27.86,84.63,377.47,17.4,Maize,Vegetative,No,Central
Loamy,7.27,42.79,32.31,59.36,832.16,9.77,Cotton,Vegetative,Yes,South
Silt,6.09,64.77,33.01,45.16,1033.37,4.08,Potato,Harvest,Yes,South
Sandy,4.83,41.95,31.23,92.35,1699.08,14.88,Potato,Flowering,Yes,East
Silt,4.83,52.79,16.82,40.19,231.04,6.04,Sugarcane,Harvest,No,East
Loamy,6.37,51.84,32.78,67.72,2066.61,13.72,Rice,Vegetative,No,East
Clay,6.46,27.97,12.1,54.95,2356.87,15.92,Maize,Vegetative,Yes,South
Clay,4.88,29.2,33.3,56.59,2381.74,11.6,Cotton,Harvest,Yes,East
Loamy,7.14,49.27,28.65,32.42,229.6,15.83,Potato,Flowering,Yes,South
Clay,5.8,36.5,19.79,43.0,2298.45,18.73,Sugarcane,Vegetative,No,East
Loamy,6.7,40.52,36.11,36.69,1419.57,11.23,Rice,Flowering,Yes,West
Clay,5.82,48.64,24.16,77.47,1817.32,3.47,Wheat,Vegetative,No,South
Silt,5.37,52.32,26.57,73.84,2326.49,14.34,Maize,Sowing,Yes,West
Sandy,6.18,23.48,12.83,80.59,1652.49,8.5,Potato,Flowering,Yes,West
Sandy,5.59,16.37,24.04,73.95,1141.85,10.86,Wheat,Sowing,Yes,North
Silt,6.62,24.63,17.02,34.01,1312.78,12.72,Maize,Harvest,No,North
Silt,5.48,36.93,20.28,93.5,1711.26,14.49,Potato,Sowing,No,South
Loamy,6.53,27.5,19.56,38.2,2361.75,12.98,Wheat,Flowering,No,South
Loamy,5.34,40.4,13.38,49.53,2224.52,5.04,Sugarcane,Harvest,No,West
Loamy,7.08,11.05,25.81,74.48,1442.67,15.09,Cotton,Vegetative,Yes,East
Clay,7.36,37.06,27.68,34.83,527.53,16.24,Rice,Flowering,Yes,North
Loamy,5.18,28.98,29.13,36.94,866.82,1.23,Cotton,Harvest,Yes,South
Silt,6.39,38.48,25.87,86.36,904.52,6.51,Maize,Vegetative,Yes,East
Sandy,5.04,32.08,38.09,48.24,722.94,19.57,Potato,Flowering,No,Central
Clay,6.83,24.2,13.13,71.59,1866.86,3.97,Wheat,Flowering,No,West
Loamy,5.7,59.53,30.41,85.11,2089.97,4.06,Potato,Harvest,Yes,Central
Clay,6.59,18.53,37.98,93.12,799.58,12.03,Cotton,Sowing,Yes,East
Clay,6.56,46.84,13.23,39.72,2115.31,7.09,Rice,Harvest,Yes,East
Loamy,7.94,60.7,26.89,33.6,1836.09,13.31,Rice,Flowering,No,North
Clay,6.67,38.7,29.67,76.85,1102.79,5.62,Cotton,Harvest,No,East
Sandy,6.78,57.96,17.73,38.17,1746.66,8.81,Wheat,Harvest,No,West
Silt,6.17,15.12,19.58,65.61,1923.35,19.97,Potato,Harvest,No,South
Silt,8.03,36.15,35.57,62.29,1402.58,7.78,Maize,Harvest,No,West
Sandy,7.44,34.05,29.02,64.19,1107.78,2.18,Sugarcane,Sowing,No,Central
Clay,5.77,8.46,21.47,70.49,254.29,14.98,Potato,Harvest,Yes,Central
Loamy,7.67,33.27,34.94,84.56,3.42,11.98,Wheat,Sowing,No,East
Clay,6.27,29.03,34.4,44.03,2343.13,9.17,Sugarcane,Harvest,Yes,South
Sandy,7.62,46.18,22.36,63.87,668.71,18.22,Cotton,Sowing,Yes,North
Clay,7.6,61.48,26.66,48.57,1657.46,3.36,Cotton,Harvest,Yes,East
Silt,5.44,12.89,31.94,47.31,2358.4,10.05,Cotton,Sowing,Yes,South
Clay,7.18,26.67,22.3,26.43,2045.73,4.24,Maize,Flowering,No,North
Sandy,5.79,33.31,30.87,66.96,306.46,2.13,Cotton,Harvest,No,North
Silt,5.81,33.95,19.53,93.08,2004.78,9.13,Wheat,Sowing,No,West
Clay,5.81,52.16,20.76,78.29,1815.98,18.97,Wheat,Vegetative,Yes,South
Clay,7.27,33.27,21.32,42.0,823.49,14.58,Maize,Vegetative,Yes,East
Silt,5.58,9.55,40.08,75.13,1724.0,5.07,Rice,Sowing,Yes,West
Loamy,4.8,48.48,37.01,45.81,2064.72,9.52,Sugarcane,Vegetative,Yes,North
Silt,7.23,58.44,28.95,77.76,728.55,16.05,Potato,Vegetative,Yes,North
Loamy,5.38,37.29,28.92,84.85,2172.57,4.31,Wheat,Vegetative,Yes,North
Sandy,5.16,41.12,13.68,48.4,197.04,4.47,Potato,Sowing,Yes,South
Sandy,5.61,17.29,31.49,25.15,1318.64,4.03,Wheat,Vegetative,Yes,North
Silt,6.09,20.58,21.84,46.35,583.05,12.35,Potato,Flowering,Yes,North
Silt,6.42,21.4,30.37,39.41,1820.03,1.06,Cotton,Flowering,No,Central
Sandy,4.95,32.55,37.21,68.3,437.16,11.96,Rice,Harvest,Yes,North
Loamy,8.1,60.9,13.36,45.31,853.63,16.59,Cotton,Vegetative,No,North
Sandy,7.23,37.74,30.21,27.52,318.46,15.76,Maize,Flowering,Yes,South
Silt,5.9,18.95,28.93,62.19,2029.79,13.5,Sugarcane,Flowering,No,East
Sandy,5.88,23.17,18.2,86.23,330.69,4.78,Potato,Flowering,Yes,South
Silt,6.33,29.89,31.39,56.59,1807.88,16.42,Sugarcane,Sowing,Yes,North
Silt,6.93,43.53,28.65,51.34,1768.08,19.17,Cotton,Sowing,No,North
Sandy,5.3,33.08,35.02,37.5,355.92,4.08,Sugarcane,Harvest,No,Central
Loamy,5.44,30.37,15.32,52.12,1415.13,18.25,Sugarcane,Vegetative,No,South
Clay,7.72,40.19,25.31,48.16,1242.2,17.13,Rice,Flowering,Yes,Central
Sandy,5.67,21.78,41.94,94.64,1486.26,19.6,Wheat,Flowering,No,West
Clay,6.09,12.5,32.68,27.13,2343.07,6.73,Potato,Sowing,Yes,Central
Sandy,7.76,9.39,32.53,41.72,201.34,18.71,Maize,Harvest,No,Central
Clay,7.05,22.32,21.54,29.8,2051.26,4.0,Rice,Sowing,No,Central
Loamy,5.96,13.22,14.82,85.02,2155.27,3.92,Rice,Harvest,No,West
Loamy,7.12,27.17,40.48,54.21,315.69,2.59,Cotton,Vegetative,No,North
Sandy,4.87,52.06,15.16,80.74,1640.27,8.84,Cotton,Harvest,No,South
Silt,7.3,48.83,41.78,73.45,1755.31,0.74,Cotton,Harvest,No,East
Clay,6.46,42.82,15.77,89.96,1371.67,7.94,Maize,Vegetative,Yes,South
Silt,7.56,56.59,17.13,26.66,1257.32,12.71,Cotton,Harvest,No,South
Silt,8.05,24.08,21.25,39.51,794.55,2.03,Wheat,Vegetative,No,North
Silt,7.95,58.45,27.37,74.14,1722.7,16.46,Maize,Vegetative,Yes,East
Loamy,7.89,30.76,35.71,65.97,713.87,6.21,Sugarcane,Harvest,No,North
Sandy,6.54,30.85,41.13,73.63,1150.06,1.41,Maize,Sowing,No,East
Sandy,6.02,31.11,22.76,65.28,2143.42,7.8,Sugarcane,Sowing,No,Central
Loamy,6.38,13.59,12.61,65.67,223.85,3.2,Rice,Harvest,No,East
Loamy,7.15,63.6,30.5,90.28,1320.93,16.01,Sugarcane,Harvest,No,South
Sandy,7.81,15.89,33.32,89.49,1215.19,7.01,Maize,Flowering,No,West
Silt,5.5,27.43,23.92,27.66,946.2,2.78,Wheat,Harvest,No,West
Clay,7.92,26.2,17.5,53.96,1493.82,9.35,Wheat,Sowing,Yes,South
Clay,7.57,12.26,21.18,60.74,39.07,9.31,Sugarcane,Sowing,Yes,East
Clay,8.13,16.68,31.67,50.05,1231.17,5.87,Maize,Flowering,Yes,Central
Silt,7.79,10.56,26.83,28.47,1214.23,6.88,Sugarcane,Flowering,Yes,West
Sandy,5.75,24.67,34.3,58.06,1290.28,15.49,Sugarcane,Flowering,No,South
Loamy,5.16,57.4,18.55,93.3,531.1,12.96,Rice,Flowering,Yes,East
Sandy,5.18,27.35,37.26,30.05,518.99,4.69,Maize,Sowing,Yes,East
Silt,5.79,15.05,16.68,82.17,1618.01,18.99,Sugarcane,Flowering,No,Central
Loamy,6.89,44.8,21.9,38.7,231.82,6.44,Cotton,Flowering,Yes,East
Silt,7.53,64.81,29.74,65.38,764.8,10.9,Cotton,Flowering,No,East
Clay,7.86,21.24,34.11,52.09,2077.04,11.64,Cotton,Harvest,No,West
Clay,6.92,23.94,19.99,49.43,259.41,4.67,Sugarcane,Harvest,No,East
Silt,4.82,63.4,40.44,85.93,1170.16,6.18,Maize,Sowing,Yes,Central
Loamy,5.43,18.19,33.18,93.14,1671.58,9.87,Rice,Flowering,Yes,West
Loamy,5.14,37.14,18.53,52.07,354.11,5.5,Cotton,Vegetative,No,North
Sandy,6.04,21.66,33.77,69.83,781.16,6.46,Sugarcane,Flowering,No,Central
Clay,6.5,61.14,32.89,63.95,1396.89,12.46,Sugarcane,Sowing,Yes,West
Sandy,4.95,63.95,34.58,30.38,818.07,14.81,Maize,Flowering,Yes,South
Sandy,5.98,54.44,39.48,27.88,274.84,16.12,Sugarcane,Flowering,Yes,South
Silt,5.41,25.94,33.35,79.14,581.02,2.87,Maize,Flowering,No,West
Silt,7.0,31.0,22.56,52.62,273.54,14.87,Rice,Flowering,Yes,West
Sandy,6.38,21.81,35.72,46.53,2458.89,18.76,Rice,Sowing,Yes,East
Clay,6.48,58.77,32.88,93.99,589.12,11.82,Sugarcane,Harvest,No,North
Silt,6.25,60.13,29.23,30.97,1326.38,12.29,Wheat,Harvest,No,West
Sandy,8.05,31.88,22.61,43.83,1071.3,19.13,Rice,Harvest,Yes,West
Sandy,5.53,45.42,39.63,84.98,1423.78,17.45,Maize,Sowing,No,South
Sandy,6.56,17.44,27.38,54.05,1245.23,11.37,Sugarcane,Flowering,Yes,East
Sandy,7.3,32.79,30.84,65.9,1817.9,15.43,Potato,Harvest,No,East
Sandy,6.69,44.0,24.46,28.39,2182.53,4.03,Potato,Flowering,Yes,Central
Sandy,7.96,29.97,35.42,89.42,713.25,8.56,Wheat,Sowing,Yes,West
Silt,6.09,28.38,22.23,34.58,459.02,14.45,Rice,Vegetative,Yes,East
Clay,6.38,8.06,36.32,39.94,2460.85,6.13,Maize,Flowering,Yes,West
Sandy,5.1,53.84,15.24,35.98,2165.18,9.35,Potato,Flowering,No,West
Loamy,6.87,58.69,33.27,59.83,909.8,3.87,Sugarcane,Sowing,No,North
Silt,5.78,63.26,26.31,82.18,2236.97,18.01,Maize,Flowering,Yes,West
Silt,5.35,49.0,32.96,43.68,1676.37,17.97,Sugarcane,Vegetative,Yes,East
Sandy,6.65,39.28,27.94,34.96,1093.55,9.83,Wheat,Vegetative,Yes,West
Silt,6.61,23.35,16.03,53.69,2183.55,4.24,Maize,Harvest,No,West
Sandy,5.06,64.96,26.31,93.72,1688.21,13.74,Potato,Harvest,No,South
Clay,7.17,41.62,40.94,25.77,2066.13,4.66,Maize,Sowing,Yes,East
Clay,6.92,46.83,34.65,60.28,1044.4,4.96,Rice,Vegetative,No,Central
Silt,5.44,46.9,21.01,71.86,1996.79,19.45,Maize,Harvest,No,East
Silt,6.4,56.18,40.32,81.47,917.32,2.44,Rice,Vegetative,Yes,East
Loamy,7.25,8.55,35.37,77.23,1837.7,7.9,Maize,Harvest,No,East
Silt,6.6,20.55,22.93,30.21,1088.83,11.32,Maize,Sowing,No,South
Loamy,6.14,45.94,30.11,57.33,1012.99,2.6,Rice,Harvest,No,Central
Clay,5.9,59.02,24.8,30.51,1991.58,1.26,Rice,Harvest,Yes,West
Clay,6.88,47.06,14.9,68.39,312.59,11.08,Potato,Harvest,No,East
Sandy,7.99,31.57,36.18,30.39,2320.52,2.73,Rice,Flowering,Yes,West
Clay,7.08,28.61,17.73,28.39,1271.7,5.4,Wheat,Harvest,Yes,South
Loamy,5.05,50.06,25.74,46.42,1590.19,10.2,Sugarcane,Sowing,Yes,South
Silt,6.37,50.25,33.08,90.72,1013.15,7.28,Potato,Flowering,No,East
Sandy,7.83,42.6,39.97,74.7,1614.69,14.36,Cotton,Sowing,Yes,West
Loamy,5.12,24.61,13.88,25.28,1774.63,19.27,Sugarcane,Sowing,Yes,West
Silt,8.16,60.73,23.8,44.93,2171.19,15.19,Sugarcane,Harvest,Yes,North
Sandy,8.03,39.46,30.44,26.22,2135.95,20.0,Sugarcane,Sowing,No,East
Clay,5.07,53.06,35.38,45.6,894.54,8.08,Potato,Flowering,No,Central
Loamy,7.97,20.22,39.63,72.98,1539.63,6.45,Wheat,Harvest,Yes,East
Silt,6.03,27.61,12.01,78.18,1951.44,4.65,Potato,Flowering,No,Central
Sandy,7.67,57.85,30.83,81.29,1912.16,17.76,Sugarcane,Sowing,Yes,Central
Sandy,6.22,10.86,12.21,88.7,2227.33,8.1,Potato,Vegetative,Yes,West
Clay,6.3,37.2,35.62,50.61,2079.86,14.36,Wheat,Flowering,Yes,Central
Silt,6.96,35.46,16.49,85.38,1794.64,13.66,Cotton,Sowing,Yes,Central
Clay,7.43,50.82,38.84,75.94,1872.14,1.61,Cotton,Flowering,No,North
Clay,4.91,24.07,16.65,62.64,2018.61,17.65,Rice,Vegetative,Yes,Central
Silt,6.82,20.49,34.93,91.82,2094.72,9.99,Sugarcane,Harvest,Yes,South
Silt,5.43,60.79,20.68,91.34,881.67,4.86,Sugarcane,Flowering,No,Central
Silt,5.98,40.59,28.72,87.83,1954.53,19.59,Rice,Sowing,Yes,South
Loamy,5.98,13.97,30.25,39.16,2373.02,15.19,Wheat,Vegetative,Yes,West
Silt,6.39,19.0,18.2,39.55,582.41,12.53,Sugarcane,Vegetative,No,East
Sandy,5.94,64.93,20.96,88.07,120.59,19.77,Sugarcane,Harvest,No,South
Clay,5.17,19.15,15.23,52.85,180.99,15.25,Potato,Flowering,Yes,West
Loamy,5.3,42.8,12.16,80.82,541.8,2.86,Potato,Sowing,No,Central
Silt,4.91,31.95,19.18,73.09,2299.48,19.83,Cotton,Vegetative,Yes,Central
Loamy,6.4,58.48,27.48,78.36,316.99,12.15,Wheat,Vegetative,No,South
Silt,8.05,51.04,33.41,26.84,1869.01,6.34,Wheat,Sowing,Yes,East
Loamy,5.19,42.03,35.81,55.1,2167.61,16.44,Cotton,Sowing,Yes,East
Clay,8.02,8.61,14.09,85.0,2193.8,1.43,Wheat,Harvest,No,West
Clay,7.29,58.15,20.17,59.29,1041.87,13.26,Potato,Harvest,No,South
Sandy,6.97,33.35,35.11,73.31,1238.15,3.61,Rice,Harvest,No,East
Sandy,6.99,61.1,26.43,77.92,808.12,2.21,Sugarcane,Harvest,Yes,West
Silt,7.61,36.25,17.47,33.45,368.36,7.4,Maize,Vegetative,Yes,Central
Clay,5.16,47.57,23.77,35.9,530.43,7.45,Potato,Sowing,No,Central
Loamy,6.52,11.95,20.1,75.72,336.96,12.21,Rice,Vegetative,No,East
Loamy,7.17,50.47,13.52,28.82,1018.81,11.53,Cotton,Sowing,No,West
Loamy,6.8,27.27,34.91,48.93,425.86,13.91,Cotton,Sowing,Yes,South
Sandy,7.63,28.03,20.75,89.27,1008.5,3.9,Cotton,Vegetative,No,East
Loamy,5.05,14.76,40.35,65.2,2127.97,17.48,Maize,Vegetative,No,Central
Sandy,7.15,16.37,38.64,88.73,1636.29,17.24,Rice,Harvest,Yes,Central
Sandy,6.62,18.59,33.49,46.66,1656.88,4.72,Maize,Vegetative,Yes,East
Silt,6.09,26.71,21.8,69.56,2029.67,9.73,Potato,Sowing,No,South
Loamy,5.96,58.84,20.4,45.07,102.98,10.02,Sugarcane,Harvest,No,North
Loamy,6.91,28.99,26.26,32.78,1986.28,18.46,Cotton,Flowering,No,South
Clay,7.83,49.29,22.64,94.35,490.87,18.16,Maize,Sowing,No,South
Silt,6.49,12.72,39.03,37.34,864.82,1.82,Sugarcane,Harvest,No,West
Clay,7.6,41.69,15.7,38.19,770.11,19.18,Sugarcane,Harvest,No,Central
Silt,6.17,35.47,33.73,83.93,264.14,1.84,Potato,Harvest,Yes,East
Loamy,5.15,63.74,30.33,81.16,434.27,11.22,Sugarcane,Vegetative,Yes,Central
Sandy,5.01,56.23,36.19,93.45,2390.87,6.58,Cotton,Vegetative,Yes,West
Sandy,4.97,33.93,28.27,30.02,1500.68,8.11,Wheat,Vegetative,Yes,South
Sandy,6.09,52.18,30.89,31.59,1184.93,12.72,Sugarcane,Flowering,Yes,North
Sandy,5.95,19.0,40.88,56.41,1894.49,11.88,Wheat,Flowering,Yes,Central
Sandy,7.24,40.05,14.76,66.42,2034.35,3.77,Sugarcane,Harvest,Yes,South
Clay,7.33,12.25,15.15,27.66,275.66,19.41,Maize,Flowering,Yes,East
Silt,4.97,27.84,23.81,36.09,1852.26,1.06,Potato,Flowering,No,West
Loamy,5.55,20.87,26.18,74.23,2330.99,7.2,Sugarcane,Sowing,No,East
Clay,5.73,48.98,18.0,71.8,1463.59,16.13,Cotton,Vegetative,No,South
Silt,6.66,35.94,14.48,31.28,1535.39,17.09,Cotton,Sowing,Yes,North
Sandy,5.29,50.81,12.67,90.22,2176.02,16.05,Wheat,Sowing,Yes,West
Silt,5.26,37.37,34.94,42.83,1698.71,7.76,Wheat,Flowering,Yes,South
Silt,8.01,12.93,26.55,87.11,2488.17,13.63,Potato,Harvest,No,Central
Sandy,7.53,49.92,37.3,89.61,706.73,15.4,Rice,Harvest,Yes,North
Sandy,5.41,55.49,22.83,59.3,2113.7,11.77,Maize,Sowing,Yes,West
Sandy,6.18,59.5,33.1,53.84,1531.02,13.74,Potato,Sowing,No,West
Loamy,6.01,40.6,26.66,44.47,914.34,11.3,Rice,Sowing,Yes,Central
Sandy,7.49,50.95,30.36,81.52,2207.65,1.57,Potato,Flowering,Yes,East
Loamy,6.53,50.87,23.11,38.76,2490.62,5.83,Sugarcane,Sowing,No,South
Sandy,5.23,16.88,14.44,68.55,144.62,14.2,Wheat,Vegetative,No,South
Loamy,7.31,17.36,40.42,64.7,2313.81,5.21,Cotton,Sowing,Yes,South
Silt,6.15,12.04,37.08,42.42,507.78,9.38,Maize,Sowing,Yes,West
Clay,5.69,26.24,21.36,93.81,512.97,10.92,Cotton,Sowing,Yes,Central
Silt,6.08,34.99,40.76,84.24,104.39,13.58,Potato,Vegetative,Yes,West
Silt,6.49,64.88,21.01,26.44,2305.47,5.55,Wheat,Flowering,No,West
Sandy,5.97,32.57,25.29,54.56,1898.5,12.11,Rice,Vegetative,No,Central
Loamy,5.62,49.4,34.65,50.13,133.62,12.13,Maize,Vegetative,No,North
Clay,6.15,47.52,21.27,86.8,1583.84,16.98,Wheat,Vegetative,No,North
Sandy,4.87,19.66,21.74,43.51,300.34,11.26,Cotton,Harvest,Yes,Central
Sandy,7.43,11.33,24.3,94.89,1878.51,6.25,Sugarcane,Sowing,No,North
Sandy,5.38,39.12,26.05,39.01,1022.63,10.69,Sugarcane,Vegetative,Yes,East
Silt,4.95,47.92,15.71,42.07,129.44,2.59,Sugarcane,Flowering,Yes,South
Loamy,7.02,64.9,12.52,71.63,2073.52,12.35,Potato,Sowing,No,North
Loamy,7.43,28.44,39.57,36.27,1431.03,18.36,Rice,Harvest,Yes,South
Clay,7.57,59.09,22.6,87.22,1932.17,10.83,Cotton,Harvest,Yes,Central
Loamy,6.48,29.77,15.05,32.7,1686.33,6.2,Maize,Harvest,Yes,Central
Loamy,5.5,47.3,34.78,93.83,1085.99,8.41,Wheat,Harvest,Yes,East
Sandy,7.31,42.1,20.85,86.23,1746.67,18.09,Sugarcane,Harvest,Yes,South
Sandy,7.18,11.02,17.45,83.78,36.88,16.35,Sugarcane,Sowing,No,North
Silt,5.64,12.47,40.88,53.51,849.34,16.16,Rice,Harvest,Yes,East
Sandy,7.87,9.18,39.62,60.95,1944.63,11.5,Sugarcane,Sowing,Yes,North
Sandy,5.15,29.14,15.17,56.95,1907.65,8.23,Rice,Vegetative,Yes,South
Sandy,8.14,50.51,38.98,94.12,2218.52,3.08,Rice,Harvest,Yes,North
Sandy,7.72,17.85,38.73,27.44,1527.61,19.52,Rice,Harvest,No,East
Silt,7.14,42.53,31.03,51.72,2355.49,3.99,Sugarcane,Flowering,Yes,North
Sandy,7.99,24.46,27.89,92.79,1394.28,5.42,Sugarcane,Sowing,No,North
Clay,7.26,53.43,18.52,50.86,1251.14,15.4,Potato,Sowing,No,West
Clay,5.45,53.51,15.64,52.89,493.04,7.34,Maize,Harvest,No,West
Clay,6.3,52.2,30.19,69.19,1947.09,11.89,Rice,Flowering,Yes,South
Clay,5.04,37.92,36.66,88.51,1730.14,15.35,Potato,Flowering,No,East
Sandy,6.12,24.22,32.66,45.62,1151.9,11.34,Wheat,Vegetative,No,West
Clay,7.32,54.14,17.42,91.33,217.77,10.07,Potato,Flowering,Yes,West
Sandy,6.11,18.61,20.7,44.78,314.26,1.49,Cotton,Sowing,Yes,Central
Silt,5.92,24.52,28.39,82.08,286.15,10.01,Rice,Vegetative,No,Central
Clay,6.82,18.49,30.75,44.31,939.0,9.37,Potato,Harvest,No,East
Loamy,7.77,46.43,14.17,30.11,397.44,17.67,Wheat,Flowering,Yes,North
Clay,4.96,47.12,30.42,81.86,2152.11,9.22,Rice,Harvest,Yes,West
Clay,6.11,45.19,34.09,56.51,2248.37,12.78,Sugarcane,Harvest,Yes,West
Sandy,5.34,31.69,17.44,52.35,2141.92,15.59,Potato,Vegetative,Yes,South
Clay,7.16,13.71,19.39,55.09,1522.14,9.62,Sugarcane,Vegetative,No,Central
Loamy,5.16,59.94,19.77,67.81,1490.89,5.59,Maize,Flowering,No,East
Sandy,7.06,36.94,40.19,43.39,2227.31,17.93,Maize,Sowing,Yes,Central
Sandy,5.77,31.2,24.21,41.61,1015.77,17.96,Rice,Flowering,Yes,South
Silt,5.48,41.56,27.92,58.84,155.86,18.05,Sugarcane,Vegetative,No,West
Silt,7.98,18.99,33.73,27.49,1175.98,5.82,Rice,Sowing,Yes,North
Clay,4.86,15.56,23.14,70.0,1384.28,6.65,Potato,Harvest,No,Central
Silt,6.29,31.11,15.17,82.6,1373.63,18.42,Wheat,Sowing,No,West
Silt,4.87,20.95,31.63,75.92,397.51,2.95,Rice,Flowering,No,North
Silt,6.44,21.92,32.02,57.85,1958.53,13.29,Maize,Vegetative,Yes,Central
Sandy,6.5,58.87,19.82,64.58,1829.92,6.2,Cotton,Sowing,Yes,West
Sandy,5.89,38.25,13.06,26.83,574.63,14.57,Wheat,Vegetative,No,North
Sandy,5.25,35.56,31.96,88.86,1378.07,16.76,Maize,Vegetative,No,West
Silt,6.08,47.3,33.1,64.06,1975.82,8.46,Sugarcane,Sowing,No,South
Sandy,7.09,62.24,12.78,47.15,19.21,3.45,Rice,Flowering,No,East
Silt,7.46,14.4,32.8,45.55,687.89,14.78,Maize,Sowing,No,East
Sandy,6.6,55.51,40.17,71.18,1180.09,1.59,Potato,Sowing,Yes,South
Sandy,6.81,41.29,17.36,65.9,2112.58,0.79,Maize,Flowering,No,West
Loamy,5.48,16.33,27.64,38.15,1997.42,17.61,Sugarcane,Flowering,Yes,Central
Clay,5.78,24.94,32.9,53.69,377.48,16.43,Cotton,Vegetative,Yes,West
Silt,5.35,35.49,18.9,72.33,1156.85,11.85,Sugarcane,Vegetative,Yes,Central
Loamy,5.65,47.4,34.55,45.84,761.59,13.47,Rice,Vegetative,Yes,North
Sandy,5.56,21.83,38.04,60.65,1003.58,19.08,Potato,Vegetative,No,East
Silt,6.57,38.49,36.44,42.84,1351.56,1.72,Sugarcane,Harvest,No,Central
Sandy,6.71,47.03,19.77,30.02,1248.35,4.72,Rice,Vegetative,Yes,South
Clay,8.01,33.58,36.13,52.18,353.94,14.72,Potato,Vegetative,Yes,East
Loamy,5.46,57.19,24.4,76.25,304.22,5.65,Potato,Flowering,Yes,North
Clay,6.98,57.56,19.99,39.97,325.67,4.54,Sugarcane,Harvest,Yes,Central
Loamy,7.58,34.83,17.04,77.82,2103.22,9.12,Cotton,Sowing,Yes,South
Sandy,6.7,63.46,39.27,71.86,49.84,14.61,Rice,Harvest,No,North
Clay,5.67,12.31,24.81,60.52,506.01,4.61,Rice,Vegetative,No,West
Clay,5.69,8.19,37.97,93.0,2389.73,8.88,Maize,Harvest,No,East
Sandy,4.93,29.7,16.79,86.84,165.05,10.62,Sugarcane,Harvest,No,East
Clay,5.84,42.26,35.01,64.42,90.8,3.86,Maize,Flowering,Yes,East
Silt,7.33,43.86,15.3,64.04,968.32,9.8,Wheat,Sowing,Yes,South
Loamy,4.96,35.16,12.53,44.44,378.0,17.38,Rice,Vegetative,Yes,North
Loamy,5.55,15.12,41.85,89.41,1414.41,15.05,Cotton,Flowering,Yes,South
Loamy,7.2,17.72,14.21,87.71,846.45,10.32,Cotton,Harvest,Yes,East
Silt,7.46,56.57,25.85,76.94,522.42,2.94,Rice,Flowering,No,West
Loamy,6.35,57.47,38.35,33.95,2496.5,0.96,Maize,Harvest,Yes,South
Sandy,7.17,46.41,36.58,74.26,852.76,1.81,Rice,Harvest,Yes,Central
Clay,6.12,45.86,26.14,42.72,1602.52,15.13,Wheat,Sowing,No,Central
Silt,5.34,42.07,30.33,38.22,2185.28,14.24,Potato,Harvest,No,East
Loamy,6.15,19.57,30.89,78.14,2305.97,15.05,Wheat,Harvest,No,East
Sandy,6.77,32.41,15.29,92.18,1025.32,6.49,Wheat,Sowing,No,South
Clay,8.02,47.67,20.55,32.62,2440.39,2.25,Rice,Flowering,Yes,West
Clay,5.03,38.62,21.03,36.48,1811.41,14.43,Potato,Vegetative,Yes,East
Silt,6.53,9.06,23.34,40.35,1458.19,18.49,Sugarcane,Vegetative,Yes,South
Silt,5.92,62.35,20.22,92.4,1733.2,9.32,Maize,Flowering,Yes,North
Silt,6.53,56.15,19.54,73.75,900.34,15.4,Cotton,Sowing,No,North
Sandy,4.88,22.85,22.64,72.48,1061.01,14.7,Potato,Flowering,Yes,North
Sandy,5.86,43.14,23.38,60.35,1465.67,17.15,Sugarcane,Vegetative,No,West
Silt,7.59,60.62,26.62,62.63,817.09,1.05,Potato,Flowering,No,West
Loamy,6.68,13.47,17.21,45.31,1922.03,19.13,Rice,Flowering,Yes,South
Clay,6.33,36.67,35.65,35.82,627.72,17.37,Maize,Vegetative,No,North
Clay,5.77,34.01,37.82,79.62,1992.01,17.59,Potato,Flowering,No,East
Sandy,5.81,31.38,19.44,57.95,380.39,19.93,Rice,Sowing,Yes,East
Clay,6.1,55.63,15.7,42.92,543.48,12.97,Cotton,Vegetative,No,West
Loamy,7.64,29.7,33.67,69.29,1882.73,2.09,Rice,Vegetative,Yes,North
Clay,8.09,11.63,39.73,39.66,657.85,16.54,Rice,Vegetative,No,Central
Sandy,6.29,11.75,13.05,59.21,1988.49,3.13,Sugarcane,Flowering,No,East
Sandy,6.14,10.44,12.43,38.32,1959.67,14.89,Rice,Vegetative,Yes,Central
Loamy,7.68,31.32,17.5,78.18,643.25,8.77,Cotton,Sowing,Yes,Central
Loamy,6.25,48.95,32.54,47.46,182.7,0.63,Sugarcane,Harvest,No,East
Clay,6.68,19.61,40.94,55.92,415.9,9.0,Rice,Flowering,Yes,West
Clay,5.59,44.85,34.51,77.84,1881.32,16.03,Rice,Flowering,Yes,North
Sandy,7.33,47.16,29.19,71.17,2117.49,2.2,Wheat,Sowing,No,North
Loamy,6.61,22.55,33.02,52.98,957.64,0.54,Potato,Sowing,Yes,West
Loamy,7.55,42.23,18.92,29.97,410.55,9.33,Wheat,Vegetative,No,West
Loamy,7.45,47.04,32.66,89.51,188.67,0.53,Sugarcane,Flowering,Yes,West
Clay,5.53,34.6,21.64,25.55,539.54,18.73,Potato,Vegetative,Yes,South
Loamy,7.23,27.19,18.67,76.42,2449.21,16.58,Cotton,Flowering,No,North
Sandy,7.52,43.29,19.1,91.18,425.68,12.79,Rice,Harvest,Yes,East
Sandy,5.98,63.74,32.03,46.47,215.42,0.84,Potato,Flowering,No,West
Clay,5.39,32.33,35.02,30.28,1963.68,11.61,Potato,Sowing,Yes,South
Silt,4.81,30.33,29.45,42.47,1538.53,13.59,Potato,Vegetative,Yes,Central
Clay,6.33,34.46,13.92,46.94,1337.05,11.96,Maize,Flowering,Yes,West
Silt,6.0,12.34,13.14,56.59,1119.63,18.96,Sugarcane,Vegetative,No,Central
Loamy,6.69,39.53,18.52,61.77,1754.6,16.71,Potato,Flowering,No,West
Clay,5.44,26.74,20.59,75.77,1745.89,7.62,Sugarcane,Vegetative,No,East
Sandy,7.72,14.92,24.14,88.06,1061.06,14.05,Rice,Flowering,Yes,East
Loamy,5.68,34.58,14.28,57.54,585.57,9.49,Sugarcane,Vegetative,Yes,West
Sandy,5.57,8.19,33.75,77.24,2103.16,18.6,Maize,Harvest,No,West
Loamy,6.43,30.9,33.34,33.9,411.56,12.55,Potato,Harvest,Yes,North
Clay,6.5,14.03,22.4,48.01,1335.02,11.85,Potato,Vegetative,No,East
Silt,5.53,9.38,28.89,33.27,1731.69,10.26,Sugarcane,Sowing,No,South
Loamy,5.72,55.0,15.03,73.42,1597.19,7.87,Cotton,Vegetative,No,Central
Silt,5.38,60.23,24.46,88.54,1546.99,3.39,Potato,Harvest,Yes,Central
Loamy,7.24,19.84,37.73,87.23,1656.27,5.84,Potato,Sowing,No,East
Sandy,7.42,38.74,31.82,47.85,2189.14,6.98,Maize,Sowing,Yes,Central
Sandy,6.37,23.84,15.12,41.4,913.48,3.5,Potato,Vegetative,Yes,South
Loamy,7.23,36.13,37.43,44.18,1568.59,16.35,Cotton,Harvest,Yes,West
Silt,7.3,32.89,32.42,45.11,1742.42,0.54,Wheat,Flowering,No,South
Clay,5.27,23.34,25.59,30.76,1475.82,18.36,Wheat,Sowing,No,East
Clay,8.09,47.92,32.76,34.33,2257.51,3.0,Rice,Vegetative,Yes,South
Sandy,7.59,15.21,17.18,40.01,1636.95,1.49,Rice,Harvest,Yes,East
Clay,5.5,11.03,28.51,25.57,1061.07,19.91,Sugarcane,Harvest,No,Central
Sandy,5.43,51.76,30.54,28.31,2113.97,20.0,Wheat,Vegetative,No,West
Clay,5.23,45.96,39.83,73.9,1223.92,4.24,Sugarcane,Vegetative,No,South
Loamy,5.27,36.42,14.01,68.35,1325.41,3.11,Sugarcane,Flowering,Yes,Central
Sandy,7.34,34.66,23.24,91.18,1455.7,4.36,Cotton,Sowing,Yes,West
Sandy,6.4,36.35,40.1,53.12,806.96,10.47,Maize,Harvest,No,South
Loamy,7.46,32.91,18.52,56.1,1806.35,6.76,Cotton,Sowing,Yes,North
Sandy,7.34,30.39,36.4,29.74,245.32,7.06,Cotton,Flowering,No,West
Clay,6.86,36.48,12.05,35.66,2172.12,16.29,Cotton,Sowing,No,Central
Clay,7.13,38.13,12.78,73.41,1886.34,17.86,Potato,Flowering,Yes,West
Sandy,4.86,47.44,21.83,41.45,884.08,19.41,Maize,Vegetative,Yes,Central
Clay,5.86,48.54,35.06,79.13,565.98,10.54,Potato,Sowing,No,West
Silt,6.97,29.52,15.12,74.4,969.74,5.3,Cotton,Flowering,No,South
Sandy,4.83,31.57,23.49,77.31,2012.63,11.32,Potato,Sowing,Yes,East
Loamy,4.91,29.3,15.94,73.34,78.93,17.49,Potato,Flowering,Yes,North
Silt,7.7,38.58,18.71,74.54,1169.81,1.1,Rice,Harvest,No,North
Sandy,7.13,33.84,27.09,63.28,635.28,18.27,Sugarcane,Harvest,No,Central
Loamy,5.7,58.71,21.57,72.48,2187.38,4.92,Cotton,Sowing,Yes,East
Clay,7.14,47.69,18.36,61.83,1034.6,6.55,Wheat,Vegetative,Yes,North
Loamy,7.49,59.22,23.8,39.43,1744.75,7.6,Maize,Sowing,No,South
Silt,5.84,48.42,33.03,40.23,894.73,18.32,Sugarcane,Sowing,No,North
Clay,4.92,63.35,15.58,53.37,824.25,3.93,Cotton,Flowering,Yes,East
Sandy,7.97,44.24,26.39,25.97,814.68,4.85,Maize,Harvest,No,Central
Clay,5.97,62.92,20.24,87.25,1695.44,14.76,Potato,Harvest,No,West
Sandy,5.16,17.02,23.36,43.78,2410.6,18.73,Maize,Sowing,Yes,North
Sandy,6.47,10.99,36.65,28.61,520.36,2.54,Wheat,Harvest,No,East
Loamy,7.41,41.01,39.89,54.71,1609.75,10.68,Maize,Sowing,No,North
Loamy,5.55,64.06,19.29,82.09,663.59,18.33,Sugarcane,Flowering,No,Central
Loamy,5.72,31.8,30.9,52.81,1373.38,17.78,Maize,Flowering,No,South
Silt,5.63,20.09,32.3,43.39,1354.0,18.99,Cotton,Sowing,Yes,West
Silt,8.17,37.73,37.27,63.14,1125.12,18.09,Rice,Flowering,No,West
Loamy,5.47,44.98,38.97,65.21,1246.61,6.64,Maize,Harvest,Yes,South
Silt,6.76,25.97,26.04,78.14,2200.58,4.56,Sugarcane,Flowering,Yes,South
Clay,7.95,48.74,41.48,80.98,221.51,18.08,Cotton,Harvest,No,North
Clay,5.3,63.58,41.12,74.43,2075.71,14.38,Potato,Harvest,No,Central
Silt,8.1,59.13,27.19,25.32,1155.78,7.88,Maize,Flowering,No,West
Silt,8.02,24.62,28.26,25.15,833.99,14.4,Maize,Vegetative,No,Central
Clay,7.81,26.62,32.03,93.42,442.86,6.49,Cotton,Flowering,No,West
Sandy,5.53,29.18,23.21,43.49,2037.02,11.84,Maize,Harvest,Yes,East
Clay,6.96,30.49,31.86,44.76,1480.11,5.05,Cotton,Flowering,Yes,Central
Clay,7.39,13.72,27.43,76.26,1820.94,11.45,Wheat,Sowing,Yes,North
Silt,8.15,51.43,13.06,65.71,787.41,18.5,Potato,Flowering,Yes,Central
Clay,5.41,28.82,37.58,57.45,982.4,15.54,Rice,Flowering,No,South
Silt,7.4,58.15,40.21,33.15,2284.11,13.29,Maize,Flowering,Yes,South
Silt,5.95,60.84,12.79,30.7,2402.96,5.3,Wheat,Flowering,Yes,Central
Loamy,5.4,9.39,35.68,74.25,1849.61,1.74,Cotton,Vegetative,No,Central
Clay,6.23,64.34,23.57,33.72,1873.57,14.36,Rice,Flowering,Yes,West
Sandy,7.5,48.47,29.57,55.51,1736.0,11.73,Maize,Harvest,No,West
Loamy,6.38,37.66,27.0,76.53,1468.02,4.65,Potato,Sowing,Yes,East
Silt,6.63,30.2,28.54,89.62,1487.7,18.73,Wheat,Harvest,Yes,East
Silt,8.18,37.56,26.86,86.15,2409.51,11.26,Cotton,Vegetative,Yes,West
Sandy,6.16,26.5,37.6,85.48,1877.28,11.65,Maize,Vegetative,Yes,East
Silt,6.89,43.49,32.51,50.09,1638.35,6.33,Wheat,Flowering,Yes,East
Clay,6.04,13.3,24.38,89.9,472.67,17.65,Rice,Harvest,Yes,North
Loamy,6.14,43.4,32.66,72.86,2442.68,17.88,Rice,Sowing,No,Central
Silt,7.17,23.69,40.95,87.05,1300.73,14.45,Potato,Vegetative,No,North
Silt,7.99,9.01,14.41,31.22,2359.28,2.44,Potato,Harvest,No,North
Sandy,6.64,39.5,23.64,27.77,1783.89,2.15,Wheat,Harvest,No,East
Clay,7.41,40.97,38.11,55.08,100.2,9.65,Rice,Harvest,Yes,Central
Silt,5.1,32.31,34.17,82.96,1347.49,3.27,Rice,Flowering,Yes,South
Sandy,5.52,12.12,40.05,53.6,2231.71,6.97,Wheat,Flowering,No,South
Silt,6.51,58.92,13.19,86.93,129.45,3.84,Cotton,Flowering,Yes,North
Sandy,4.87,42.85,37.88,41.43,2166.82,6.55,Sugarcane,Sowing,Yes,North
Sandy,5.66,14.6,35.75,27.75,1533.48,18.89,Maize,Vegetative,Yes,Central
Clay,6.56,37.12,36.45,78.29,111.32,15.19,Rice,Vegetative,Yes,Central
Silt,4.85,36.34,29.92,68.83,934.0,3.2,Cotton,Flowering,No,North
Clay,5.7,11.44,13.56,55.81,75.43,13.54,Cotton,Flowering,No,East
Sandy,6.55,42.59,28.17,84.17,4.29,1.09,Potato,Harvest,Yes,West
Loamy,6.75,54.07,24.23,82.69,2241.06,19.68,Sugarcane,Vegetative,Yes,Central
Silt,7.95,50.69,27.81,47.72,1871.45,10.87,Wheat,Flowering,Yes,Central
Loamy,6.99,19.57,34.21,83.66,723.68,10.36,Rice,Harvest,No,Central
Silt,6.21,57.15,29.88,49.16,284.28,5.19,Maize,Flowering,Yes,Central
Clay,7.96,27.52,20.78,68.53,136.08,9.43,Rice,Sowing,No,South
Clay,7.47,61.95,29.99,38.47,2293.06,10.76,Maize,Vegetative,Yes,West
Clay,5.48,12.09,14.49,43.49,1563.89,13.33,Maize,Sowing,No,West
Clay,5.24,35.71,12.16,56.35,401.4,1.4,Sugarcane,Flowering,No,East
Clay,7.1,42.04,24.05,47.02,1703.65,7.17,Potato,Flowering,Yes,Central
Loamy,6.7,22.12,34.72,34.04,2497.23,8.05,Maize,Vegetative,Yes,West
Clay,7.48,51.97,36.68,58.76,1970.07,3.41,Wheat,Sowing,Yes,East
Sandy,7.31,43.73,28.5,60.8,1116.33,5.18,Maize,Harvest,No,West
Sandy,6.93,9.03,38.04,36.11,2035.44,5.12,Cotton,Harvest,Yes,South
Loamy,8.15,42.68,15.78,37.2,1860.77,16.3,Cotton,Flowering,No,South
Silt,6.61,36.01,40.92,27.05,221.63,13.9,Potato,Vegetative,No,South
Sandy,5.18,19.17,39.65,27.12,2314.24,18.49,Rice,Harvest,No,Central
Silt,7.62,64.76,29.98,50.1,2210.26,6.54,Maize,Flowering,Yes,North
Loamy,5.66,59.14,13.76,35.27,1476.4,17.69,Sugarcane,Harvest,Yes,South
Silt,7.44,24.67,25.63,89.34,1270.37,17.34,Maize,Sowing,Yes,South
Silt,8.05,38.84,17.38,38.96,569.35,9.24,Maize,Sowing,No,South
Silt,7.17,26.04,30.85,29.62,2086.14,12.78,Maize,Vegetative,Yes,North
Silt,6.83,52.2,17.7,53.29,1079.72,12.16,Sugarcane,Vegetative,Yes,North
Loamy,6.37,61.03,26.45,38.47,1448.27,6.5,Rice,Flowering,Yes,South
Sandy,6.04,28.45,18.17,29.32,425.22,5.61,Potato,Sowing,Yes,Central
Clay,6.0,53.92,17.46,77.69,534.56,3.79,Maize,Flowering,Yes,South
Silt,6.96,36.41,19.44,64.0,2463.0,16.83,Rice,Sowing,No,East
Sandy,7.35,30.6,12.88,28.99,1235.0,10.9,Sugarcane,Harvest,Yes,Central
Sandy,7.11,61.49,33.48,57.76,2039.36,7.1,Rice,Harvest,No,Central
Loamy,5.47,37.09,21.2,27.72,2074.33,10.44,Rice,Sowing,No,North
Sandy,6.48,34.64,32.94,49.8,2453.78,2.07,Wheat,Flowering,Yes,South
Loamy,7.49,46.33,31.6,50.43,2457.26,2.57,Maize,Flowering,No,North
Silt,6.42,22.89,13.98,82.61,1142.39,15.31,Rice,Flowering,Yes,North
Silt,6.62,26.51,21.36,76.47,2375.8,18.07,Maize,Harvest,No,North
Clay,7.42,61.13,29.01,87.79,913.64,6.75,Wheat,Harvest,No,South
Clay,7.05,46.68,39.55,34.84,1519.1,8.48,Wheat,Sowing,Yes,East
Clay,6.19,55.12,24.04,62.36,2054.28,7.79,Rice,Sowing,Yes,South
Sandy,7.84,23.45,27.14,26.41,2284.47,9.84,Rice,Vegetative,No,Central
Silt,5.35,39.0,34.5,82.79,1309.6,8.57,Wheat,Harvest,Yes,North
Loamy,8.18,63.37,36.1,50.66,1044.65,8.03,Cotton,Harvest,No,East
Clay,5.2,26.17,39.7,29.85,1821.3,13.37,Rice,Sowing,No,South
Loamy,4.85,17.15,26.92,47.73,1139.82,5.81,Cotton,Vegetative,No,West
Loamy,7.83,37.12,17.82,45.08,1679.5,18.88,Potato,Sowing,Yes,North
Clay,5.63,30.11,34.93,78.62,2010.55,6.52,Sugarcane,Harvest,No,East
Silt,7.28,17.1,15.77,33.86,2102.82,4.68,Sugarcane,Vegetative,Yes,North
Clay,7.56,58.65,24.55,63.9,635.79,19.45,Sugarcane,Sowing,Yes,Central
Loamy,7.72,64.47,30.85,80.57,1428.65,4.96,Rice,Harvest,Yes,West
Clay,8.17,40.41,32.76,76.77,62.59,10.97,Rice,Flowering,Yes,West
Loamy,5.8,52.16,33.99,90.51,1994.39,6.91,Sugarcane,Flowering,No,West
Loamy,7.21,56.97,17.81,25.04,312.74,2.01,Cotton,Flowering,Yes,Central
Clay,5.19,47.96,41.45,49.77,2179.21,19.08,Rice,Harvest,Yes,East
Sandy,6.18,10.52,17.35,50.87,1017.02,7.8,Rice,Vegetative,No,Central
Clay,7.68,16.99,14.88,27.33,418.17,13.07,Maize,Harvest,No,South
Sandy,6.05,12.05,31.92,82.21,1989.54,17.31,Maize,Harvest,Yes,East
Loamy,6.81,8.56,39.3,73.22,500.72,11.28,Maize,Vegetative,Yes,South
Loamy,6.51,25.44,28.78,61.97,986.04,14.4,Wheat,Harvest,No,North
Sandy,7.0,30.36,29.86,53.35,1417.19,15.8,Rice,Harvest,Yes,East
Loamy,8.11,21.74,28.15,87.68,900.07,7.94,Sugarcane,Flowering,No,North
Sandy,4.99,11.68,13.28,43.51,447.57,12.76,Wheat,Flowering,Yes,North
Sandy,6.75,38.2,32.44,48.42,1015.23,4.52,Wheat,Sowing,Yes,North
Loamy,7.73,23.58,22.75,91.68,360.61,1.58,Wheat,Vegetative,Yes,East
Silt,6.44,53.37,40.07,29.52,1797.89,19.74,Sugarcane,Vegetative,No,West
Sandy,5.07,8.46,17.6,79.64,428.76,2.31,Wheat,Vegetative,Yes,South
Clay,6.71,56.02,21.06,75.26,1205.96,8.86,Maize,Harvest,Yes,Central
Clay,5.93,62.42,27.15,88.13,1400.95,1.81,Potato,Sowing,Yes,East
Loamy,5.33,48.82,26.32,31.34,2362.67,18.49,Wheat,Vegetative,No,North
Silt,7.69,49.82,24.01,92.93,195.65,2.63,Cotton,Harvest,Yes,North
Loamy,6.57,61.21,21.43,27.02,2326.14,15.84,Maize,Vegetative,Yes,South
Silt,7.97,19.92,16.42,48.64,520.57,14.46,Rice,Harvest,Yes,South
Sandy,7.54,64.69,36.63,30.94,2102.34,1.38,Rice,Flowering,No,North
Sandy,7.16,52.09,25.46,28.58,226.24,14.56,Maize,Flowering,Yes,Central
Sandy,4.82,49.41,29.19,92.53,2471.76,19.4,Potato,Harvest,Yes,East
Sandy,6.25,28.58,28.4,75.38,2019.08,10.66,Rice,Vegetative,No,South
Clay,5.47,39.11,29.26,60.4,157.38,6.15,Sugarcane,Flowering,Yes,Central
Clay,7.9,45.27,33.15,32.57,535.28,11.13,Sugarcane,Sowing,No,South
Loamy,5.39,43.36,30.88,61.82,1371.36,2.86,Potato,Flowering,No,East
Silt,5.77,48.18,20.22,47.4,1308.93,19.14,Wheat,Harvest,Yes,South
Sandy,6.56,12.7,28.61,44.01,1573.17,7.62,Potato,Vegetative,No,Central
Sandy,5.7,28.27,19.34,68.27,1158.77,9.41,Cotton,Vegetative,Yes,Central
Silt,5.51,32.74,29.67,80.36,1835.41,8.33,Potato,Flowering,Yes,East
Silt,6.84,22.86,24.96,56.03,871.21,1.04,Wheat,Flowering,Yes,East
Loamy,5.1,17.84,13.18,59.53,440.97,1.17,Cotton,Flowering,No,Central
Silt,5.0,15.92,34.02,70.6,84.45,11.47,Potato,Flowering,Yes,West
Sandy,6.07,28.88,20.24,33.72,811.91,10.3,Rice,Vegetative,Yes,East
Sandy,7.25,36.13,39.61,83.0,1067.2,19.74,Maize,Flowering,No,East
Sandy,6.69,11.59,20.42,83.59,1647.67,5.63,Wheat,Vegetative,Yes,East
Sandy,6.24,61.95,41.9,62.87,2016.14,7.69,Potato,Vegetative,No,South
Sandy,6.72,51.62,25.89,38.13,600.16,19.76,Sugarcane,Vegetative,No,Central
Loamy,6.04,49.66,12.79,60.05,1233.01,1.43,Wheat,Harvest,No,West
Sandy,7.98,17.85,14.29,32.42,584.33,13.03,Sugarcane,Flowering,No,East
Loamy,4.99,42.42,14.46,78.43,2377.91,2.48,Maize,Flowering,No,Central
Sandy,7.09,38.19,13.69,46.78,1618.87,18.95,Maize,Vegetative,Yes,East
Clay,7.83,64.0,20.03,46.78,1694.76,6.12,Maize,Harvest,Yes,Central
Clay,7.53,50.62,21.74,91.15,1328.06,16.37,Wheat,Harvest,Yes,Central
Clay,5.43,40.82,15.34,54.53,704.57,18.27,Potato,Flowering,No,South
Clay,5.81,56.5,25.14,80.27,501.07,17.02,Sugarcane,Flowering,No,North
Loamy,7.24,16.84,22.96,69.6,1641.61,11.36,Rice,Flowering,No,Central
Loamy,5.09,8.87,31.09,47.13,2304.27,19.48,Cotton,Harvest,Yes,North
Silt,7.56,47.34,17.88,33.67,532.23,13.69,Maize,Harvest,Yes,West
Sandy,7.24,13.6,39.42,80.84,1429.41,15.83,Rice,Flowering,Yes,Central
Clay,7.28,14.58,27.48,78.38,1323.31,5.26,Wheat,Harvest,Yes,South
Loamy,5.14,50.45,30.71,36.84,1604.13,8.66,Cotton,Harvest,No,South
Sandy,7.24,23.42,13.19,42.44,1469.47,12.16,Potato,Flowering,Yes,North
Sandy,7.11,43.83,28.77,78.64,681.99,3.34,Potato,Sowing,Yes,South
Loamy,7.63,60.29,23.04,93.85,1728.6,19.33,Potato,Sowing,No,South
Clay,4.94,26.04,39.73,84.05,681.65,2.64,Rice,Harvest,No,North
Silt,4.88,20.38,38.57,72.89,1632.48,14.79,Potato,Harvest,Yes,East
Sandy,6.07,14.07,31.13,89.08,749.83,1.63,Potato,Sowing,Yes,Central
Silt,5.31,15.44,35.04,44.97,206.06,2.5,Rice,Harvest,Yes,North
Clay,6.7,11.55,31.34,25.68,318.06,12.66,Potato,Flowering,Yes,North
Clay,7.92,13.0,12.51,47.47,2085.24,9.32,Maize,Flowering,No,North
Silt,6.13,32.62,33.09,93.04,303.39,0.57,Rice,Sowing,No,North
Clay,7.67,26.29,17.31,86.74,826.28,8.18,Potato,Sowing,No,East
Sandy,4.8,48.27,32.48,28.52,719.1,5.38,Rice,Sowing,No,East
Silt,5.37,57.6,12.32,60.14,144.65,17.5,Potato,Harvest,No,West
Clay,4.9,52.73,21.33,30.53,1498.8,14.31,Cotton,Vegetative,Yes,West
Silt,5.92,38.25,27.51,80.23,1996.96,14.88,Cotton,Flowering,No,South
Sandy,7.89,13.84,22.0,51.08,2480.82,19.04,Wheat,Vegetative,No,East
Clay,5.13,48.46,32.82,88.84,2340.08,14.34,Maize,Sowing,No,North
Sandy,6.86,28.68,27.68,28.81,123.32,3.63,Maize,Harvest,Yes,East
Clay,6.34,12.88,40.79,76.38,643.77,18.78,Rice,Vegetative,No,Central
Loamy,7.99,56.02,22.73,52.96,1030.3,2.71,Maize,Harvest,Yes,East
Clay,5.22,27.28,33.66,43.78,2187.54,4.26,Maize,Sowing,Yes,West
Silt,5.52,20.44,37.08,61.22,900.21,6.06,Sugarcane,Vegetative,Yes,Central
Clay,4.9,57.67,19.61,58.98,1425.78,3.91,Potato,Flowering,No,West
Sandy,6.28,59.42,34.62,49.42,1648.98,0.86,Rice,Vegetative,Yes,West
Sandy,5.74,27.32,23.8,70.42,744.9,9.45,Potato,Flowering,Yes,North
Clay,7.76,28.22,15.86,71.29,1454.85,13.92,Sugarcane,Sowing,Yes,Central
Silt,6.86,41.04,12.11,30.4,127.21,8.71,Wheat,Vegetative,Yes,West
Loamy,6.89,49.81,34.31,66.68,1200.46,5.08,Cotton,Flowering,Yes,West
Silt,6.61,11.6,17.59,74.75,946.34,17.72,Maize,Harvest,Yes,East
Loamy,5.11,41.82,13.54,30.31,889.39,8.07,Maize,Flowering,Yes,West
Sandy,6.31,62.31,26.92,71.14,587.23,16.86,Sugarcane,Flowering,Yes,South
Silt,8.2,22.94,22.4,81.28,2044.34,3.98,Potato,Vegetative,No,East
Loamy,7.64,59.8,32.75,83.24,2204.81,7.0,Maize,Sowing,Yes,South
Clay,7.84,62.16,15.22,27.92,2220.32,16.17,Cotton,Flowering,Yes,North
Sandy,7.6,23.34,15.98,73.82,990.27,1.09,Rice,Harvest,No,West
Clay,5.15,50.99,24.12,80.79,647.9,18.45,Sugarcane,Harvest,No,Central
Sandy,5.57,21.61,27.61,52.78,246.03,8.23,Maize,Flowering,Yes,North
Silt,4.81,50.04,36.73,63.0,1681.02,19.57,Cotton,Vegetative,Yes,Central
Silt,5.83,53.45,29.57,43.56,825.42,14.18,Maize,Flowering,Yes,South
Sandy,5.17,22.09,39.08,46.72,691.67,19.01,Maize,Harvest,Yes,West
Sandy,6.41,48.8,18.53,60.11,928.6,1.79,Rice,Flowering,Yes,Central
Sandy,7.1,54.29,29.89,35.58,1386.81,14.58,Sugarcane,Vegetative,No,South
Silt,7.77,28.44,31.66,50.94,404.81,17.57,Potato,Sowing,No,Central
Loamy,7.35,17.56,33.77,46.1,2403.34,19.76,Sugarcane,Vegetative,No,East
Clay,7.99,13.24,41.66,41.68,1831.54,1.15,Cotton,Vegetative,Yes,South
Clay,4.98,40.8,26.04,58.87,116.96,2.12,Potato,Vegetative,No,East
Silt,4.84,63.75,23.08,83.71,766.97,14.77,Potato,Vegetative,No,North
Clay,7.05,54.91,37.57,41.96,125.68,1.26,Sugarcane,Flowering,No,Central
Sandy,5.78,32.84,17.3,71.18,573.72,0.72,Wheat,Sowing,Yes,South
Loamy,5.66,38.59,13.11,42.79,716.48,11.13,Rice,Flowering,Yes,North
Clay,5.93,23.93,25.31,34.95,1794.95,10.82,Maize,Sowing,No,North
Loamy,5.72,17.29,19.42,91.03,1796.85,12.46,Sugarcane,Flowering,Yes,North
Sandy,6.54,35.48,23.9,69.33,113.31,0.77,Wheat,Flowering,Yes,West
Clay,6.3,34.42,41.58,32.32,1470.32,10.31,Sugarcane,Vegetative,No,East
Silt,6.54,37.75,22.45,69.29,2402.28,6.09,Maize,Vegetative,Yes,East
Loamy,7.09,62.31,33.24,37.34,1570.91,15.24,Sugarcane,Flowering,Yes,South
Sandy,6.12,42.42,19.51,87.15,2401.37,7.29,Maize,Vegetative,No,North
Loamy,5.65,42.53,21.1,42.32,951.4,7.45,Potato,Sowing,No,Central
Clay,5.37,15.3,19.29,81.48,1149.45,13.26,Cotton,Vegetative,Yes,East
Clay,5.99,64.8,29.16,38.94,1238.72,13.38,Sugarcane,Flowering,Yes,South
Silt,7.32,52.05,18.78,64.08,2309.87,1.64,Rice,Flowering,No,South
Sandy,7.37,58.0,33.55,88.86,950.7,12.71,Maize,Flowering,No,South
Sandy,7.07,31.62,32.41,45.72,2458.55,13.33,Potato,Flowering,Yes,North
Silt,5.6,36.62,24.64,30.7,1357.82,9.42,Rice,Sowing,Yes,Central
Silt,6.8,37.76,12.77,63.68,545.3,16.64,Cotton,Flowering,Yes,West
Sandy,6.74,19.06,12.68,37.06,259.22,0.68,Rice,Vegetative,No,East
Loamy,6.45,47.3,27.98,75.98,432.18,19.38,Rice,Flowering,Yes,East
Loamy,6.67,59.47,37.18,66.36,98.21,7.83,Cotton,Flowering,Yes,South
Silt,6.47,17.33,29.97,49.25,1730.78,12.12,Potato,Vegetative,Yes,South
Loamy,6.72,12.92,25.07,74.4,1292.26,1.17,Sugarcane,Sowing,Yes,North
Sandy,7.23,50.08,38.46,41.7,1844.81,14.32,Cotton,Vegetative,No,East
Clay,5.17,23.57,17.91,89.19,1955.66,11.1,Wheat,Sowing,No,North
Clay,7.35,43.56,22.78,49.28,2328.41,19.23,Maize,Harvest,No,North
Loamy,5.26,47.66,28.96,78.41,292.5,8.74,Potato,Flowering,Yes,Central
Silt,5.03,26.35,20.75,43.1,465.26,14.58,Potato,Harvest,Yes,West
Silt,8.12,54.46,41.93,75.04,1370.69,1.95,Maize,Sowing,No,North
Silt,8.05,39.35,25.57,27.21,323.81,1.76,Potato,Flowering,No,Central
Silt,5.01,57.53,13.55,45.69,231.8,19.01,Potato,Harvest,No,East
Silt,6.31,51.51,17.28,31.5,1665.84,5.44,Sugarcane,Harvest,No,East
Loamy,5.43,57.51,27.97,56.59,1811.78,18.29,Potato,Harvest,Yes,East
Clay,6.45,9.15,28.5,55.46,2108.5,2.21,Cotton,Sowing,Yes,East
Clay,7.62,21.88,41.52,50.13,2289.37,12.94,Maize,Flowering,Yes,West
Loamy,8.03,13.13,30.0,93.68,1106.25,11.26,Maize,Vegetative,No,East
Silt,6.96,33.2,32.0,42.09,2449.69,19.34,Potato,Harvest,No,East
Loamy,6.0,58.73,18.41,80.37,94.72,8.38,Potato,Flowering,Yes,West
Clay,6.85,34.65,15.21,56.32,2175.32,1.44,Rice,Harvest,No,West
Sandy,5.86,56.43,30.06,48.44,803.69,9.74,Cotton,Flowering,No,South
Loamy,7.89,26.65,37.95,39.24,2304.29,16.57,Rice,Flowering,No,Central
Silt,7.76,27.36,29.62,69.34,556.51,1.52,Wheat,Flowering,No,South
Clay,6.7,59.05,25.28,48.36,1852.48,1.21,Wheat,Sowing,Yes,South
Clay,5.9,32.27,29.35,81.9,1063.64,16.52,Wheat,Sowing,Yes,Central
Clay,5.8,53.02,26.06,92.79,953.66,16.57,Sugarcane,Vegetative,No,Central
Clay,4.91,21.49,16.26,40.9,148.55,4.4,Cotton,Sowing,Yes,South
Silt,7.57,62.08,34.24,34.01,1764.78,13.32,Sugarcane,Harvest,No,Central
Sandy,6.33,40.75,27.99,47.09,438.38,1.75,Wheat,Vegetative,No,North
Clay,5.91,51.28,23.98,57.7,1157.48,15.43,Potato,Flowering,No,North
Loamy,6.4,13.1,28.79,46.07,353.27,6.45,Sugarcane,Sowing,No,South
Sandy,7.58,36.08,19.24,92.93,1511.19,4.99,Maize,Vegetative,Yes,South
Clay,5.22,59.36,24.84,79.54,577.65,13.71,Sugarcane,Flowering,Yes,Central
Sandy,7.72,57.99,30.67,92.63,1485.99,18.28,Cotton,Vegetative,Yes,West
Loamy,7.85,10.67,18.79,51.13,2366.54,1.31,Rice,Harvest,No,East
Clay,8.02,25.31,34.47,46.33,2302.3,3.3,Cotton,Vegetative,No,East
Loamy,6.15,33.27,27.63,53.52,501.16,5.49,Rice,Vegetative,Yes,West
Silt,5.54,17.82,37.85,61.6,247.96,18.59,Potato,Harvest,No,West
Clay,6.07,49.61,37.42,76.91,106.65,17.6,Sugarcane,Sowing,Yes,West
Clay,5.93,18.52,26.84,86.68,2071.26,18.19,Sugarcane,Harvest,No,North
Clay,5.4,27.76,17.86,57.42,623.27,7.88,Cotton,Sowing,No,South
Clay,6.86,45.81,34.1,45.24,709.84,5.02,Potato,Harvest,No,East
Silt,6.42,35.48,24.56,47.32,565.61,4.24,Rice,Vegetative,Yes,Central
Clay,7.74,50.1,29.84,73.79,2100.21,17.7,Wheat,Vegetative,Yes,West
Sandy,4.91,62.79,15.22,64.73,2447.25,5.01,Potato,Vegetative,Yes,South
Clay,6.99,14.64,30.95,59.05,1887.97,10.85,Wheat,Harvest,Yes,East
Silt,7.39,48.45,23.21,39.19,2058.94,6.97,Sugarcane,Vegetative,Yes,East
Clay,7.38,21.13,22.03,86.28,1551.25,10.23,Sugarcane,Vegetative,Yes,South
Sandy,7.81,31.63,41.4,79.67,1321.94,7.24,Potato,Harvest,No,North
Silt,7.28,9.87,24.97,34.84,1803.95,6.21,Potato,Harvest,No,West
Silt,7.95,15.75,32.34,50.72,89.41,8.83,Potato,Sowing,Yes,Central
Sandy,5.93,26.23,30.83,62.95,153.5,6.99,Maize,Harvest,No,East
Sandy,6.51,27.49,15.13,56.8,1718.18,16.87,Sugarcane,Vegetative,No,Central
Sandy,4.85,59.28,34.44,52.85,837.67,11.82,Potato,Harvest,No,South
Sandy,4.82,50.28,21.69,75.32,1222.09,3.94,Sugarcane,Harvest,No,Central
Sandy,5.62,63.41,35.97,28.82,1954.98,5.1,Maize,Harvest,No,North
Silt,5.14,42.15,30.23,58.0,1442.89,1.54,Maize,Harvest,No,West
Silt,5.68,21.78,21.51,43.35,2013.15,6.34,Cotton,Vegetative,No,Central
Clay,5.4,26.68,22.69,30.92,1047.89,13.56,Potato,Harvest,Yes,West
Clay,4.9,26.23,33.95,57.54,718.56,4.07,Sugarcane,Harvest,Yes,South
Loamy,7.89,26.61,28.5,37.0,587.09,2.43,Wheat,Harvest,Yes,Central
Clay,4.83,46.36,32.05,43.08,329.2,6.76,Sugarcane,Harvest,No,East
Clay,7.3,38.26,16.75,60.49,91.99,12.44,Sugarcane,Vegetative,Yes,North
Sandy,5.32,29.97,35.61,93.16,132.87,9.72,Potato,Vegetative,No,East
Sandy,7.9,16.5,21.61,72.9,677.5,6.98,Rice,Flowering,Yes,East
Clay,7.84,9.26,30.6,44.57,696.03,17.72,Rice,Harvest,No,East
Loamy,7.02,20.47,15.44,51.77,954.46,9.64,Cotton,Harvest,Yes,Central
Sandy,7.09,14.13,21.64,53.43,1479.04,9.37,Wheat,Vegetative,No,West
Clay,4.82,52.77,31.47,35.75,1898.25,1.12,Rice,Flowering,No,Central
Clay,8.15,14.41,20.23,36.25,494.26,12.97,Potato,Flowering,Yes,North
Silt,7.78,49.28,38.41,35.39,1898.12,9.46,Potato,Vegetative,Yes,Central
Loamy,7.84,29.98,31.84,61.52,347.47,3.33,Wheat,Harvest,Yes,West
Silt,7.04,12.18,38.11,72.19,2471.73,5.25,Maize,Vegetative,No,Central
Loamy,5.97,54.33,23.86,66.35,712.58,4.45,Sugarcane,Flowering,No,North
Sandy,7.84,41.04,13.02,93.44,2093.34,2.88,Cotton,Harvest,No,North
Loamy,5.79,21.44,29.28,33.81,476.16,8.99,Wheat,Vegetative,Yes,East
Clay,6.71,59.0,22.18,94.05,2376.61,7.58,Potato,Flowering,No,South
Clay,5.14,10.58,25.45,57.67,2066.57,7.52,Rice,Flowering,Yes,South
Loamy,7.93,19.5,32.43,40.3,898.47,5.4,Sugarcane,Harvest,Yes,West
Loamy,5.28,50.87,33.02,91.03,1053.68,9.01,Sugarcane,Sowing,Yes,North
Loamy,5.56,48.43,12.83,57.8,9.59,11.18,Sugarcane,Vegetative,No,Central
Silt,6.7,24.49,35.08,49.31,628.58,12.42,Potato,Flowering,No,Central
Loamy,7.4,11.54,26.81,39.97,723.24,4.79,Cotton,Flowering,No,Central
Sandy,6.91,56.91,28.7,43.75,1131.85,14.69,Maize,Vegetative,Yes,Central
Silt,5.59,25.88,20.94,93.55,347.62,1.03,Sugarcane,Flowering,Yes,South
Silt,4.8,19.16,24.63,46.28,1196.92,15.13,Sugarcane,Harvest,No,North
Loamy,7.37,37.42,33.31,93.45,1671.17,6.02,Sugarcane,Vegetative,No,North
Sandy,8.15,59.88,35.3,48.12,928.21,7.72,Maize,Harvest,Yes,West
Silt,7.55,10.48,23.61,41.2,580.49,11.82,Rice,Sowing,Yes,Central
Clay,6.36,51.65,32.73,37.84,1369.29,12.4,Potato,Vegetative,Yes,East
Silt,7.87,40.63,19.74,53.83,72.51,8.71,Wheat,Sowing,No,North
Loamy,6.19,32.25,36.96,41.58,852.09,18.79,Sugarcane,Vegetative,Yes,West
Sandy,6.58,50.41,30.29,73.79,1318.98,17.24,Sugarcane,Sowing,Yes,South
Loamy,6.42,63.05,35.26,41.78,839.61,4.89,Rice,Flowering,Yes,East
Clay,6.32,21.06,26.31,83.48,863.58,11.98,Maize,Sowing,Yes,West
Clay,7.44,16.19,18.87,83.38,2120.74,14.56,Potato,Vegetative,No,South
Clay,6.59,60.03,24.88,44.99,2334.98,4.73,Potato,Harvest,No,South
Loamy,5.88,46.13,23.44,77.75,2068.48,0.86,Maize,Flowering,Yes,East
Silt,5.68,32.97,21.98,85.03,247.17,19.52,Wheat,Harvest,No,North
Loamy,4.93,40.68,18.37,66.31,724.36,19.19,Maize,Flowering,No,Central
Sandy,6.78,50.5,34.78,50.64,1778.24,6.75,Maize,Vegetative,No,South
Silt,5.58,52.06,14.59,55.87,2435.98,5.16,Rice,Harvest,Yes,North
Clay,5.3,60.43,38.63,80.04,605.7,3.51,Rice,Harvest,Yes,Central
Loamy,7.02,32.33,17.25,45.53,2245.53,13.9,Rice,Vegetative,No,South
Clay,7.12,24.72,41.4,48.41,1847.54,15.23,Wheat,Flowering,Yes,Central
Clay,7.36,44.46,41.65,36.25,2458.63,8.7,Maize,Flowering,Yes,South
Sandy,6.51,31.7,23.95,52.93,233.96,5.23,Rice,Vegetative,Yes,North
Silt,7.84,41.89,41.63,31.06,986.86,9.25,Cotton,Flowering,Yes,Central
Sandy,7.98,31.94,38.07,47.47,1195.29,10.57,Potato,Harvest,No,East
Sandy,7.55,16.72,14.47,51.14,1680.21,11.1,Sugarcane,Flowering,Yes,North
Sandy,6.96,34.76,40.42,42.88,1634.93,9.15,Cotton,Vegetative,No,East
Clay,5.83,47.38,13.28,32.1,2265.86,0.57,Wheat,Sowing,Yes,Central
Sandy,8.14,53.56,17.46,61.52,2096.68,9.7,Maize,Vegetative,Yes,Central
Sandy,5.73,36.12,29.54,85.56,138.43,7.27,Maize,Flowering,Yes,West
Silt,5.49,17.42,14.42,48.5,1216.35,11.35,Sugarcane,Flowering,No,East
Silt,6.3,31.64,16.85,41.58,1017.65,1.85,Wheat,Harvest,No,East
Sandy,4.99,52.82,40.6,44.95,2492.86,17.64,Potato,Flowering,Yes,East
Silt,8.13,31.53,41.84,85.33,1068.15,17.57,Wheat,Flowering,Yes,North
Silt,6.8,47.7,35.94,61.95,1706.55,11.5,Cotton,Harvest,Yes,North
Sandy,6.69,36.91,27.46,34.16,711.07,14.87,Wheat,Flowering,No,South
Clay,7.03,21.75,39.01,74.65,1536.57,9.04,Maize,Flowering,No,West
Sandy,6.49,53.38,15.36,35.81,516.58,12.01,Maize,Sowing,No,West
Silt,4.91,12.8,40.29,29.22,1509.02,12.54,Maize,Harvest,Yes,East
Clay,6.88,37.92,22.55,42.9,2170.48,7.4,Maize,Flowering,No,North
Loamy,7.23,19.91,37.84,36.77,48.09,19.24,Cotton,Harvest,No,West
Clay,6.22,11.82,32.05,67.35,1261.47,12.25,Maize,Vegetative,Yes,Central
Silt,7.37,36.67,40.81,58.92,2455.93,19.82,Maize,Sowing,No,West
Clay,5.57,36.48,37.94,75.68,398.16,8.93,Sugarcane,Flowering,No,East
Sandy,5.55,48.29,38.64,60.81,458.53,1.13,Cotton,Vegetative,Yes,North
Loamy,5.35,50.45,30.95,54.33,1177.06,6.4,Cotton,Sowing,No,North
Loamy,6.06,49.48,36.99,61.84,2177.48,13.19,Wheat,Vegetative,No,West
Loamy,7.68,31.34,34.71,55.41,1406.9,18.25,Wheat,Flowering,Yes,Central
Silt,7.61,44.01,16.85,27.6,1271.77,12.5,Rice,Vegetative,No,East
Silt,6.1,40.89,31.46,72.65,216.89,9.7,Maize,Sowing,No,North
Loamy,6.8,32.03,16.45,92.35,2404.97,2.07,Maize,Vegetative,Yes,Central
Clay,7.25,42.04,38.08,54.54,867.79,3.32,Sugarcane,Vegetative,No,South
Loamy,5.62,61.99,13.98,54.66,629.52,1.54,Potato,Harvest,No,East
Clay,5.37,18.99,41.61,28.2,1029.36,14.37,Cotton,Harvest,No,South
Clay,8.11,59.63,24.02,87.33,1035.46,16.71,Cotton,Flowering,No,Central
Silt,6.9,11.05,17.12,90.04,1146.33,3.71,Sugarcane,Harvest,Yes,South
Clay,8.14,25.58,40.07,81.92,1721.35,6.84,Cotton,Vegetative,No,North
Loamy,5.95,24.42,13.36,32.44,2169.87,9.84,Potato,Harvest,No,West
Silt,7.19,43.7,26.1,88.02,143.28,3.28,Sugarcane,Sowing,Yes,North
Sandy,5.56,15.48,35.11,26.68,1226.92,8.62,Potato,Sowing,No,West
Sandy,5.69,58.29,21.5,56.12,1034.95,19.35,Maize,Flowering,No,West
Silt,6.54,55.23,27.87,60.04,27.2,14.52,Maize,Harvest,Yes,Central
Loamy,5.89,45.17,33.01,83.38,2041.22,3.76,Sugarcane,Harvest,Yes,West
Sandy,5.37,34.13,40.56,77.56,260.78,2.43,Maize,Flowering,No,South
Sandy,5.69,61.18,15.08,80.8,286.87,9.18,Wheat,Vegetative,No,West
Clay,4.92,55.35,16.72,85.75,120.75,19.77,Wheat,Sowing,Yes,Central
Clay,7.2,36.46,27.27,58.32,501.05,15.97,Rice,Harvest,Yes,East
Loamy,6.47,48.01,24.55,79.62,442.04,6.22,Sugarcane,Harvest,Yes,North
Silt,5.12,40.32,24.32,29.76,869.66,1.01,Cotton,Flowering,No,East
Loamy,5.38,41.51,20.91,56.12,1648.18,8.52,Cotton,Sowing,Yes,West
Silt,5.15,26.87,28.82,27.11,135.74,3.63,Rice,Harvest,Yes,Central
Sandy,6.88,34.34,38.5,89.07,2150.69,4.02,Wheat,Harvest,No,North
Clay,5.12,12.45,16.83,92.09,816.45,3.66,Sugarcane,Vegetative,No,East
Loamy,7.36,28.37,18.46,30.88,1516.52,14.53,Rice,Flowering,No,West
Loamy,4.87,47.66,32.12,62.28,30.01,1.2,Wheat,Harvest,Yes,East
Silt,5.65,62.33,13.69,47.76,914.52,11.51,Sugarcane,Harvest,Yes,West
Silt,7.83,62.89,32.21,48.98,5.13,15.17,Maize,Sowing,Yes,Central
Loamy,7.24,39.68,21.43,56.55,413.65,3.55,Wheat,Sowing,Yes,North
Silt,5.05,42.58,22.74,33.75,1119.63,17.91,Sugarcane,Sowing,No,West
Loamy,7.59,18.59,24.17,37.65,1337.72,2.02,Wheat,Vegetative,Yes,South
Loamy,6.48,47.63,22.49,65.42,382.32,13.81,Wheat,Sowing,Yes,East
Loamy,7.68,12.03,37.24,26.31,1863.04,3.85,Rice,Flowering,No,Central
Sandy,6.84,24.23,40.38,66.99,472.51,16.22,Maize,Vegetative,No,South
Silt,7.12,46.1,28.44,47.32,289.61,11.64,Potato,Harvest,No,West
Clay,8.18,25.69,29.46,83.25,833.56,11.99,Potato,Vegetative,No,West
Clay,5.59,10.84,14.11,67.0,1378.57,7.25,Sugarcane,Harvest,Yes,West
Silt,6.92,55.42,33.4,74.57,2472.25,6.02,Wheat,Flowering,Yes,North
Loamy,6.37,25.69,29.52,33.01,1046.79,9.53,Cotton,Harvest,No,East
Clay,4.93,11.6,13.51,43.61,1064.99,15.28,Maize,Flowering,Yes,West
Clay,4.85,12.26,17.95,94.77,148.33,3.78,Wheat,Harvest,No,East
Silt,5.21,22.35,18.06,55.36,1914.55,16.42,Cotton,Vegetative,Yes,East
Clay,7.01,18.15,17.13,50.12,454.46,9.86,Rice,Sowing,Yes,Central
Loamy,6.73,52.14,31.76,86.17,1862.01,9.32,Sugarcane,Vegetative,No,South
Silt,6.68,26.34,39.85,27.32,2276.54,0.82,Maize,Flowering,Yes,North
Loamy,4.91,53.87,34.89,62.43,1920.55,2.92,Maize,Vegetative,Yes,Central
Clay,6.4,17.91,26.32,39.72,1606.13,8.92,Sugarcane,Flowering,Yes,Central
Clay,7.94,36.09,24.12,50.77,1509.79,19.64,Wheat,Vegetative,Yes,South
Loamy,6.15,47.22,23.59,38.98,1134.08,5.38,Sugarcane,Flowering,Yes,South
Sandy,6.92,45.16,30.04,27.65,361.36,0.7,Sugarcane,Vegetative,Yes,North
Clay,7.45,42.26,22.78,54.16,1947.1,9.0,Maize,Sowing,Yes,East
Sandy,7.47,60.71,18.78,80.24,1193.31,0.81,Wheat,Flowering,Yes,West
Clay,6.57,21.03,30.09,91.64,1564.11,7.06,Sugarcane,Harvest,No,East
Sandy,7.72,36.14,23.72,68.67,935.04,7.4,Potato,Flowering,No,East
Sandy,6.13,58.39,12.42,52.22,501.81,0.55,Potato,Sowing,No,Central
Sandy,7.82,12.44,12.67,78.89,2016.27,15.7,Wheat,Sowing,No,South
Loamy,5.62,11.19,20.22,60.37,856.0,18.3,Rice,Sowing,Yes,West
Sandy,5.75,21.3,27.37,50.73,2166.7,19.98,Potato,Harvest,No,West
Sandy,4.98,44.08,22.63,37.54,2414.31,10.42,Maize,Sowing,No,North
Sandy,7.5,22.81,12.72,80.73,2074.97,6.48,Maize,Sowing,No,Central
Clay,6.22,18.84,18.69,60.03,320.35,14.49,Rice,Harvest,Yes,South
Sandy,5.58,34.15,14.89,92.47,2137.53,14.86,Sugarcane,Sowing,No,South
Clay,5.59,42.98,40.46,81.13,1298.39,7.89,Rice,Harvest,No,South
Sandy,7.86,22.17,21.39,54.4,603.53,11.53,Rice,Vegetative,No,Central
Sandy,7.64,25.14,12.44,76.86,232.89,16.52,Maize,Vegetative,Yes,North
Loamy,6.68,42.97,31.82,56.74,696.27,4.19,Cotton,Vegetative,No,North
Clay,6.89,61.91,18.97,30.59,343.57,0.9,Maize,Flowering,No,East
Sandy,6.41,46.46,29.0,61.17,64.11,11.02,Rice,Flowering,No,West
Clay,6.13,52.63,16.52,85.6,2469.41,13.46,Maize,Sowing,No,Central
Clay,7.91,28.91,41.52,84.88,2078.86,11.71,Cotton,Harvest,Yes,North
Silt,5.23,23.52,41.11,65.25,1847.37,12.13,Rice,Flowering,Yes,South
Loamy,6.22,33.89,31.68,51.6,482.53,8.17,Maize,Harvest,No,West
Loamy,5.97,54.01,33.22,25.71,69.34,13.2,Sugarcane,Vegetative,Yes,North
Loamy,6.49,34.01,24.78,46.8,1213.01,1.33,Rice,Harvest,No,North
Silt,6.36,56.26,40.87,94.29,1854.24,3.45,Cotton,Vegetative,Yes,West
Silt,6.56,64.36,24.71,75.85,2407.09,9.17,Maize,Flowering,No,South
Loamy,5.28,12.11,19.18,75.23,2109.71,18.89,Rice,Harvest,Yes,North
Silt,6.54,10.59,15.46,78.28,2233.76,13.07,Maize,Harvest,Yes,West
Silt,5.62,16.53,18.24,68.41,596.66,7.43,Potato,Vegetative,Yes,South
Silt,5.43,29.91,29.17,66.01,388.32,9.43,Wheat,Harvest,No,North
Loamy,5.02,15.47,19.35,56.75,619.45,16.99,Potato,Vegetative,No,West
Loamy,7.39,57.63,31.63,56.08,346.45,11.08,Rice,Flowering,No,South
Loamy,6.25,9.32,23.47,85.96,1996.21,1.43,Rice,Vegetative,Yes,Central
Silt,6.93,26.0,38.61,52.54,2257.61,8.63,Wheat,Vegetative,Yes,North
Loamy,7.27,18.53,28.75,83.82,768.36,8.07,Maize,Harvest,Yes,West
Silt,7.11,61.1,30.68,83.64,2192.32,18.05,Sugarcane,Harvest,Yes,Central
Sandy,6.4,46.16,28.7,78.96,137.59,6.46,Sugarcane,Harvest,No,East
Silt,6.12,59.99,38.57,27.63,1693.39,1.76,Sugarcane,Flowering,Yes,East
Clay,6.08,63.42,13.9,35.36,1318.73,7.42,Potato,Harvest,No,South
Loamy,6.98,36.33,14.02,47.03,691.86,1.36,Wheat,Flowering,Yes,East
Loamy,6.48,21.36,33.05,84.33,1920.5,16.73,Potato,Flowering,Yes,South
Clay,7.69,19.04,35.04,86.13,530.12,12.01,Cotton,Sowing,Yes,Central
Silt,7.77,20.71,25.01,27.91,1040.37,9.65,Rice,Harvest,Yes,South
Sandy,5.38,48.39,22.57,47.73,1774.65,7.52,Potato,Vegetative,No,South
Clay,5.26,10.31,20.34,84.53,845.57,8.64,Cotton,Harvest,No,Central
Clay,6.94,10.93,19.03,42.48,2138.4,15.86,Potato,Harvest,Yes,Central
Silt,5.82,42.66,39.36,93.32,2163.57,4.01,Rice,Vegetative,No,Central
Loamy,4.86,44.6,20.85,59.25,506.33,1.89,Potato,Vegetative,Yes,Central
Silt,7.82,45.92,31.44,90.61,1100.97,11.45,Potato,Flowering,Yes,West
Clay,5.57,29.2,35.61,55.02,1080.03,17.25,Cotton,Vegetative,Yes,South
Clay,7.96,53.94,12.66,47.67,1025.11,11.46,Cotton,Sowing,Yes,South
Loamy,7.24,38.42,13.02,50.37,1254.93,16.03,Wheat,Harvest,No,East
Loamy,7.39,14.01,21.99,86.9,185.92,17.91,Wheat,Harvest,No,South
Loamy,5.48,53.43,32.88,48.15,2175.12,2.0,Cotton,Vegetative,Yes,North
Silt,5.6,62.32,19.82,71.85,724.79,11.99,Rice,Vegetative,No,North
Loamy,6.57,11.42,12.04,57.89,4.53,16.74,Maize,Vegetative,Yes,North
Clay,5.39,30.31,20.64,90.92,1712.76,13.05,Cotton,Flowering,No,North
Clay,5.84,35.79,14.7,36.16,1626.18,12.04,Wheat,Flowering,Yes,South
Sandy,5.89,16.35,18.58,55.01,2457.91,15.87,Rice,Harvest,No,Central
Silt,5.34,57.46,22.0,33.72,1798.12,14.29,Maize,Flowering,Yes,East
Sandy,5.5,24.2,15.84,65.47,831.77,10.28,Cotton,Harvest,Yes,Central
Clay,7.48,52.63,33.19,53.2,2381.54,1.36,Potato,Harvest,Yes,South
Sandy,5.37,46.25,19.68,29.27,913.36,12.46,Potato,Flowering,Yes,East
Clay,4.9,42.09,31.83,84.49,2053.11,4.66,Wheat,Flowering,No,North
Sandy,6.94,18.95,29.97,51.29,839.19,5.45,Sugarcane,Sowing,No,South
Loamy,8.12,20.58,38.94,59.55,121.77,13.75,Rice,Vegetative,No,Central
Sandy,5.93,10.7,14.64,53.53,1834.46,9.34,Maize,Sowing,Yes,East
Loamy,5.2,21.72,18.44,59.21,875.53,14.48,Wheat,Harvest,No,South
Loamy,6.74,27.69,37.96,26.14,847.22,8.15,Sugarcane,Harvest,No,South
Silt,7.88,55.49,36.66,82.08,1789.63,17.47,Cotton,Flowering,No,West
Loamy,7.47,28.88,17.76,48.26,805.09,8.83,Rice,Sowing,No,South
Loamy,6.92,51.01,15.23,75.71,295.03,10.13,Maize,Vegetative,No,West
Sandy,5.87,33.05,37.69,29.54,1011.28,2.96,Wheat,Flowering,Yes,South
Clay,6.64,52.74,17.34,61.67,2059.61,10.32,Potato,Flowering,No,East
Silt,5.11,63.65,38.13,88.62,325.51,5.18,Cotton,Harvest,Yes,East
Loamy,7.11,21.67,40.83,52.88,1386.2,15.38,Wheat,Vegetative,No,South
Silt,7.27,57.15,18.62,38.81,330.65,14.42,Sugarcane,Harvest,Yes,North
Sandy,8.08,43.44,37.21,31.94,122.96,0.81,Potato,Flowering,No,South
Loamy,5.69,54.59,24.71,85.14,946.77,10.13,Cotton,Sowing,No,North
Sandy,4.86,45.14,35.66,41.72,1644.71,1.39,Wheat,Vegetative,Yes,East
Silt,6.66,32.17,24.22,93.25,687.47,11.6,Rice,Flowering,Yes,North
Sandy,7.2,21.0,14.11,42.35,1114.33,18.08,Rice,Flowering,Yes,South
Silt,7.49,11.99,33.38,58.67,1228.33,17.41,Maize,Harvest,Yes,East
Sandy,5.46,38.52,16.52,57.06,2103.23,5.25,Rice,Vegetative,Yes,South
Silt,5.69,64.45,39.81,29.34,2047.45,3.23,Rice,Flowering,No,South
Clay,6.54,50.07,24.53,62.23,5.87,15.93,Maize,Sowing,No,West
Sandy,5.92,26.66,14.46,72.08,1034.8,11.15,Cotton,Flowering,No,East
Sandy,7.73,55.15,18.85,76.95,1640.23,8.76,Potato,Vegetative,No,Central
Clay,6.41,51.83,37.88,61.58,2130.99,16.3,Wheat,Flowering,No,North
Clay,7.52,24.05,21.63,81.88,122.24,5.42,Cotton,Harvest,No,East
Sandy,6.77,8.82,37.69,77.65,1570.62,4.88,Wheat,Flowering,Yes,West
Clay,7.43,14.74,17.17,38.58,2105.05,12.43,Rice,Flowering,No,North
Loamy,5.93,58.01,26.05,53.11,637.69,5.82,Sugarcane,Vegetative,Yes,West
Silt,7.63,55.68,38.35,34.98,513.14,8.82,Maize,Flowering,Yes,Central
Silt,5.73,24.83,13.45,34.34,1169.62,9.37,Potato,Flowering,No,North
Silt,6.66,24.26,21.13,74.85,2406.45,4.5,Cotton,Sowing,No,East
Loamy,5.53,53.19,39.3,62.13,1732.22,1.7,Wheat,Sowing,No,Central
Clay,6.42,61.45,29.9,67.07,1061.21,15.45,Sugarcane,Vegetative,Yes,East
Clay,5.88,52.41,33.49,76.25,52.16,15.78,Wheat,Sowing,No,East
Sandy,5.71,42.52,37.26,44.41,1391.81,12.17,Maize,Vegetative,Yes,South
Clay,8.09,21.83,27.71,53.1,871.97,3.4,Cotton,Vegetative,No,North
Sandy,5.34,37.97,37.36,67.48,464.28,9.79,Potato,Flowering,No,Central
Loamy,7.48,21.31,31.16,31.76,1250.37,3.97,Maize,Sowing,No,East
Silt,8.15,54.06,32.57,83.31,853.46,17.68,Potato,Sowing,Yes,Central
Silt,4.87,30.06,16.59,49.04,96.81,14.1,Cotton,Harvest,Yes,North
Silt,7.18,55.52,40.17,71.11,1813.77,1.11,Maize,Sowing,No,East
Clay,5.66,29.75,35.88,94.69,1831.46,0.53,Cotton,Sowing,Yes,East
Sandy,4.94,54.98,19.63,58.28,1547.08,19.68,Rice,Harvest,No,North
Sandy,6.17,27.0,29.4,40.05,2102.05,1.28,Cotton,Sowing,No,North
Loamy,7.98,33.09,23.29,40.15,507.95,17.38,Rice,Flowering,No,East
Clay,4.84,43.08,31.81,29.23,715.5,19.14,Sugarcane,Harvest,No,South
Loamy,6.8,12.01,41.81,78.7,1146.64,6.51,Cotton,Harvest,No,South
Sandy,6.5,62.05,13.37,45.54,150.44,11.03,Wheat,Sowing,Yes,West
Sandy,7.77,40.7,40.58,37.09,2208.86,13.12,Cotton,Flowering,No,South
Silt,5.09,36.95,14.17,74.96,1226.57,10.65,Cotton,Flowering,No,South
Clay,7.12,55.85,25.82,46.64,811.66,4.66,Sugarcane,Sowing,Yes,South
Sandy,7.11,57.35,26.46,67.03,1194.91,11.83,Wheat,Vegetative,Yes,Central
Silt,7.07,37.77,20.06,54.25,812.82,5.54,Rice,Vegetative,Yes,East
Clay,8.0,60.85,29.0,48.39,715.66,3.72,Potato,Sowing,Yes,West
Loamy,7.6,11.69,37.02,59.26,1120.05,10.36,Cotton,Vegetative,Yes,North
Clay,4.94,14.45,20.82,46.97,1204.76,7.75,Cotton,Vegetative,Yes,West
Clay,6.4,42.02,14.11,85.94,1083.36,1.03,Wheat,Flowering,No,East
Sandy,6.15,28.18,30.97,30.11,1369.83,19.02,Sugarcane,Sowing,No,East
Sandy,5.85,34.46,34.55,27.11,1958.45,1.27,Wheat,Sowing,Yes,Central
Clay,6.33,26.7,40.64,53.45,143.17,18.11,Potato,Flowering,No,Central
Sandy,6.11,31.07,16.79,37.1,2028.8,4.2,Wheat,Harvest,Yes,North
Sandy,6.27,54.89,39.04,77.06,571.34,3.27,Maize,Sowing,Yes,West
Sandy,8.13,41.83,26.46,49.74,630.23,1.85,Rice,Flowering,No,West
Silt,5.1,64.85,19.07,43.3,1498.67,8.8,Sugarcane,Vegetative,Yes,South
Silt,7.94,52.85,40.88,50.16,2439.18,11.94,Cotton,Vegetative,No,West
Clay,6.43,23.6,19.15,40.36,43.5,18.12,Sugarcane,Flowering,No,North
Sandy,6.92,23.07,34.0,45.98,1682.83,15.78,Potato,Sowing,No,West
Silt,7.62,27.15,35.55,64.76,1742.24,3.61,Potato,Sowing,No,North
Clay,6.03,56.07,24.92,85.48,1434.13,3.77,Sugarcane,Vegetative,Yes,South
Sandy,6.26,9.56,32.7,50.96,24.23,0.66,Potato,Sowing,No,East
Loamy,6.19,21.12,29.17,47.45,1515.88,13.91,Wheat,Flowering,No,Central
Sandy,6.07,59.58,17.76,79.73,287.55,0.84,Cotton,Sowing,No,East
Sandy,7.95,44.47,34.8,26.57,195.17,3.2,Cotton,Harvest,No,North
Silt,7.62,20.93,39.84,46.15,1740.15,12.87,Maize,Flowering,Yes,Central
Clay,5.17,20.49,26.66,56.65,1750.59,3.43,Cotton,Harvest,Yes,North
Clay,5.17,57.17,41.83,67.05,2224.78,3.49,Maize,Vegetative,Yes,South
Silt,6.25,58.94,24.84,35.92,8.45,5.06,Potato,Sowing,Yes,Central
Sandy,5.14,22.6,26.39,55.3,946.9,8.01,Potato,Vegetative,No,East
Loamy,6.9,31.97,32.22,64.64,30.68,0.65,Wheat,Vegetative,Yes,West
Sandy,5.29,55.57,17.57,60.72,911.66,15.05,Rice,Sowing,Yes,West
Sandy,6.58,51.95,39.06,65.22,1229.14,15.59,Potato,Harvest,Yes,Central
Loamy,4.82,54.39,36.04,71.37,1324.32,7.65,Sugarcane,Harvest,Yes,South
Silt,5.88,37.55,38.17,51.56,889.83,16.06,Sugarcane,Harvest,No,North
Clay,7.1,59.96,30.29,29.45,1813.25,6.05,Cotton,Vegetative,No,West
Silt,6.45,26.58,38.51,28.89,1038.99,19.72,Cotton,Harvest,Yes,South
Silt,8.13,16.93,32.4,85.11,1292.82,8.26,Sugarcane,Vegetative,Yes,North
Sandy,7.77,48.4,27.35,72.42,2000.22,13.54,Rice,Harvest,No,Central
Clay,6.02,38.74,39.95,78.49,435.76,6.79,Rice,Flowering,No,South
Clay,4.95,56.71,25.19,90.02,802.24,9.29,Rice,Vegetative,No,Central
Silt,7.68,12.63,27.02,77.54,1303.57,13.08,Cotton,Sowing,No,Central
Loamy,7.9,56.09,17.09,73.46,1919.05,7.28,Potato,Sowing,Yes,East
Silt,7.59,24.72,40.43,70.9,1063.39,13.3,Cotton,Harvest,No,East
Loamy,5.24,45.33,18.63,43.1,181.92,3.35,Potato,Vegetative,Yes,Central
Clay,8.19,10.29,18.04,92.01,2472.08,9.93,Rice,Flowering,No,South
Silt,5.68,42.75,15.04,62.94,1769.78,5.82,Sugarcane,Harvest,Yes,East
Sandy,7.26,48.88,25.6,40.55,1806.84,18.44,Maize,Vegetative,Yes,North
Silt,7.89,29.02,20.21,39.69,1162.76,16.58,Sugarcane,Harvest,No,North
Clay,5.6,20.28,34.22,82.07,1367.6,10.0,Potato,Vegetative,No,South
Sandy,7.89,38.64,21.23,42.51,2485.12,9.35,Maize,Vegetative,No,North
Sandy,5.85,55.49,33.62,27.9,1487.79,16.76,Potato,Flowering,Yes,Central
Loamy,8.12,26.44,17.88,54.99,547.32,13.96,Rice,Flowering,Yes,North
Sandy,5.76,22.39,18.9,82.21,2410.95,13.82,Cotton,Flowering,Yes,East
Sandy,8.04,23.9,36.19,54.01,1344.41,11.19,Rice,Sowing,No,North
Silt,4.98,62.1,23.13,81.25,51.68,17.32,Wheat,Harvest,No,North
Clay,7.21,28.48,15.35,82.9,1433.38,4.2,Cotton,Vegetative,No,North
Loamy,6.61,8.21,40.84,85.04,176.19,17.31,Maize,Harvest,No,Central
Silt,6.42,52.56,17.32,66.22,1318.97,10.65,Cotton,Flowering,No,South
Sandy,5.56,47.86,16.51,73.96,2063.33,12.62,Rice,Sowing,Yes,South
Sandy,7.2,15.33,22.75,43.33,1347.17,19.27,Maize,Vegetative,Yes,West
Loamy,5.45,64.14,14.87,31.98,933.63,8.78,Wheat,Harvest,Yes,East
Clay,6.68,42.66,16.67,62.29,2206.52,13.53,Sugarcane,Harvest,No,South
Loamy,5.66,36.54,37.39,25.74,2318.98,10.68,Wheat,Vegetative,No,West
Silt,8.05,29.79,17.15,57.6,868.73,18.67,Sugarcane,Harvest,Yes,North
Loamy,4.9,59.22,15.34,32.15,1247.38,10.01,Cotton,Flowering,No,Central
Sandy,5.48,21.91,38.4,32.59,2457.31,5.49,Rice,Flowering,No,North
Silt,5.62,24.29,25.31,85.95,445.25,9.91,Rice,Harvest,No,Central
Sandy,6.21,14.98,16.71,69.84,745.38,18.38,Sugarcane,Flowering,No,East
Clay,5.59,51.27,29.45,70.17,1071.06,10.26,Rice,Flowering,Yes,South
Sandy,6.47,41.95,13.25,53.31,252.22,3.35,Cotton,Flowering,No,East
Sandy,7.77,42.72,24.82,53.93,680.11,11.06,Wheat,Harvest,No,South
Loamy,7.22,20.45,29.71,46.22,1361.72,8.06,Cotton,Sowing,No,South
Sandy,6.77,45.12,40.71,55.41,571.25,13.17,Cotton,Harvest,No,North
Silt,5.1,51.63,21.79,66.1,1715.71,5.21,Wheat,Sowing,No,Central
Silt,7.16,28.4,34.95,38.06,869.18,6.78,Potato,Vegetative,No,North
Clay,5.37,53.68,15.98,43.32,224.49,10.57,Maize,Flowering,No,East
Silt,7.47,27.88,25.01,59.63,1911.33,2.81,Maize,Vegetative,No,West
Loamy,5.65,51.21,18.69,51.93,1418.54,4.6,Sugarcane,Flowering,No,Central
Clay,6.22,9.92,26.77,82.36,2062.17,16.13,Sugarcane,Sowing,No,East
Silt,5.99,39.42,24.52,82.52,900.38,18.81,Maize,Harvest,Yes,East
Loamy,7.72,63.26,41.39,48.52,48.45,19.41,Potato,Vegetative,Yes,North
Silt,5.23,63.93,39.52,56.56,116.72,18.78,Maize,Harvest,Yes,West
Silt,6.72,24.06,29.47,93.36,1988.62,18.87,Cotton,Sowing,Yes,South
Sandy,5.28,33.16,17.3,82.92,1026.6,16.51,Rice,Vegetative,Yes,West
Silt,7.2,11.59,28.71,40.1,2440.96,14.84,Sugarcane,Harvest,Yes,Central
Silt,7.88,57.78,35.76,44.62,2075.77,5.02,Rice,Flowering,No,West
Loamy,6.28,40.41,13.14,30.84,40.3,9.11,Wheat,Harvest,Yes,South
Loamy,6.46,29.95,25.02,72.45,2174.95,8.26,Maize,Vegetative,Yes,Central
Sandy,7.95,14.43,13.28,47.18,532.17,14.74,Cotton,Vegetative,Yes,South
Silt,6.57,61.97,19.32,62.56,1215.66,9.77,Wheat,Harvest,No,East
Sandy,6.46,38.22,14.76,78.77,1265.3,7.52,Sugarcane,Harvest,Yes,South
Silt,6.77,24.13,40.82,83.52,149.3,16.37,Cotton,Vegetative,No,South
Clay,7.14,27.96,17.06,47.78,314.16,15.12,Wheat,Vegetative,No,East
Clay,5.16,23.43,16.5,41.61,1057.62,7.69,Wheat,Sowing,No,South
Sandy,7.59,42.3,41.16,84.4,1606.55,8.68,Rice,Sowing,Yes,North
Sandy,6.28,61.01,27.48,51.69,661.04,17.92,Maize,Flowering,No,North
Sandy,5.05,56.83,34.74,82.54,1316.0,14.79,Potato,Vegetative,No,West
Loamy,7.47,34.24,21.82,35.48,947.84,13.95,Cotton,Sowing,Yes,South
Loamy,6.08,55.11,27.99,88.83,1575.91,14.38,Cotton,Flowering,No,South
Loamy,5.14,32.12,12.21,58.82,1061.09,2.49,Potato,Sowing,Yes,West
Sandy,6.95,22.38,24.26,36.91,2129.08,11.49,Cotton,Sowing,No,North
Silt,7.79,64.05,28.65,62.45,2459.36,6.17,Wheat,Harvest,No,South
Clay,7.82,25.32,27.43,85.9,2282.63,2.15,Potato,Sowing,No,North
Sandy,8.06,26.45,24.17,52.25,421.51,14.76,Maize,Flowering,Yes,South
Loamy,7.75,64.41,35.64,37.46,1142.94,6.43,Cotton,Vegetative,Yes,East
Loamy,4.81,15.63,27.05,65.36,1147.04,6.55,Wheat,Harvest,No,North
Sandy,6.09,51.35,31.08,83.41,2101.17,12.98,Maize,Harvest,Yes,East
Sandy,7.58,61.34,17.54,33.49,892.97,13.49,Wheat,Sowing,No,West
Loamy,6.05,37.17,37.85,27.9,1374.0,9.74,Cotton,Vegetative,No,Central
Silt,6.85,8.14,22.89,28.94,1523.2,11.35,Rice,Harvest,No,East
Loamy,6.86,29.38,26.46,41.13,278.8,17.05,Potato,Vegetative,No,East
Loamy,6.04,14.36,22.57,25.51,1394.9,2.59,Potato,Sowing,Yes,North
Sandy,7.88,31.72,38.76,55.01,617.1,1.77,Cotton,Vegetative,No,West
Silt,6.51,53.03,39.02,73.84,516.54,13.3,Sugarcane,Vegetative,Yes,South
Loamy,6.38,33.01,18.73,74.73,625.79,12.27,Sugarcane,Vegetative,No,North
Loamy,8.19,32.62,34.58,69.57,248.38,4.13,Rice,Flowering,Yes,Central
Clay,6.48,39.74,15.09,45.73,174.33,10.68,Cotton,Flowering,No,South
Sandy,5.41,41.16,12.9,76.52,1617.17,15.04,Cotton,Sowing,Yes,West
Clay,6.54,56.81,37.1,65.35,2352.45,14.77,Maize,Sowing,Yes,Central
Clay,7.57,25.58,15.94,85.28,1720.0,12.12,Sugarcane,Sowing,Yes,East
Loamy,7.44,54.84,16.64,58.46,779.64,3.04,Rice,Sowing,Yes,Central
Sandy,7.48,40.26,30.2,37.61,837.62,6.43,Maize,Sowing,No,North
Silt,7.21,25.13,36.5,69.43,1353.47,8.41,Wheat,Harvest,No,South
Loamy,5.66,24.82,17.69,35.55,2165.75,15.87,Wheat,Flowering,Yes,South
Silt,7.73,28.58,15.43,92.42,506.16,11.1,Maize,Sowing,No,East
Silt,7.84,43.49,14.32,74.23,1171.28,14.8,Rice,Sowing,No,West
Sandy,5.46,21.16,12.75,77.94,1247.37,18.51,Maize,Harvest,Yes,South
Clay,5.24,60.46,15.49,72.55,2328.06,12.67,Rice,Harvest,Yes,East
Sandy,8.12,40.77,40.28,31.83,1340.38,5.12,Cotton,Sowing,No,West
Silt,7.75,60.44,14.86,57.57,1952.15,3.22,Wheat,Harvest,Yes,West
Loamy,7.84,10.65,29.93,70.6,219.5,0.51,Potato,Harvest,No,West
Silt,7.81,27.53,39.63,41.05,817.31,3.92,Wheat,Flowering,Yes,Central
Loamy,6.64,9.3,30.83,72.57,1528.56,5.75,Maize,Vegetative,Yes,South
Loamy,7.0,23.52,12.98,82.39,1694.09,5.76,Sugarcane,Sowing,Yes,West
Sandy,6.65,57.13,29.89,44.25,2213.03,13.51,Maize,Flowering,No,West
Silt,4.97,10.09,39.09,38.97,1476.06,3.43,Cotton,Vegetative,No,South
Clay,7.33,32.86,21.68,86.82,723.95,8.99,Maize,Flowering,Yes,West
Silt,6.52,14.7,21.41,25.36,1347.74,0.6,Potato,Vegetative,No,Central
Silt,7.0,31.76,19.47,42.9,1778.83,5.59,Rice,Harvest,No,East
Clay,6.51,55.81,27.17,53.47,1960.86,1.3,Potato,Flowering,No,Central
Sandy,6.47,43.52,19.14,72.06,2361.46,14.34,Cotton,Sowing,Yes,East
Silt,5.38,50.0,33.71,94.79,476.88,7.41,Potato,Harvest,No,South
Silt,5.75,27.9,31.35,50.96,1652.36,9.86,Wheat,Harvest,Yes,South
Loamy,5.34,61.83,24.02,91.42,500.77,15.35,Rice,Vegetative,Yes,East
Silt,5.47,48.43,33.68,50.67,794.68,17.33,Maize,Flowering,No,East
Clay,8.11,32.04,14.95,73.69,356.91,10.58,Sugarcane,Vegetative,No,South
Loamy,5.32,32.31,34.49,36.58,1932.48,13.17,Potato,Sowing,No,Central
Sandy,5.72,60.36,30.09,57.23,2285.0,14.85,Sugarcane,Sowing,No,West
Loamy,6.81,40.86,30.9,85.99,74.82,6.06,Rice,Harvest,Yes,North
Clay,6.87,48.26,13.94,47.4,2033.77,14.29,Maize,Flowering,No,North
Clay,5.32,31.77,30.54,32.36,604.39,13.25,Sugarcane,Harvest,No,Central
Loamy,7.5,20.75,26.82,61.59,1217.42,9.14,Potato,Sowing,Yes,South
Sandy,7.47,49.24,26.58,55.77,1870.55,7.14,Rice,Flowering,Yes,North
Loamy,5.61,42.65,21.66,41.07,1267.14,19.49,Potato,Sowing,No,East
Sandy,5.78,36.58,12.23,88.39,578.12,19.73,Sugarcane,Flowering,No,North
Loamy,7.99,43.57,24.68,67.12,2265.41,14.05,Rice,Harvest,Yes,South
Clay,7.61,19.87,24.03,49.3,1483.96,7.99,Rice,Harvest,Yes,East
Silt,7.17,53.25,24.68,94.73,2328.14,15.15,Maize,Sowing,Yes,South
Silt,5.08,62.05,30.36,34.63,2116.6,13.75,Sugarcane,Harvest,No,Central
Sandy,6.22,58.79,21.0,84.36,2191.47,11.13,Potato,Harvest,No,North
Sandy,6.7,26.32,20.08,41.14,904.28,3.07,Potato,Harvest,Yes,South
Sandy,5.44,31.14,26.93,41.77,2468.29,18.96,Rice,Vegetative,Yes,Central
Clay,6.32,54.08,29.77,59.87,2130.99,5.04,Wheat,Vegetative,Yes,Central
Loamy,6.84,41.92,29.02,71.34,844.02,8.17,Rice,Sowing,Yes,South
Clay,5.91,39.23,38.45,73.33,2241.04,7.18,Rice,Harvest,No,East
Silt,7.46,60.82,35.07,26.55,1888.23,3.5,Cotton,Harvest,No,West
Sandy,7.66,38.55,13.57,45.08,1812.84,0.98,Rice,Vegetative,Yes,West
Loamy,5.9,37.35,28.9,71.24,15.56,18.63,Potato,Vegetative,No,South
Silt,7.65,10.4,24.53,87.28,56.42,14.92,Maize,Flowering,No,Central
Silt,5.15,11.96,22.83,71.89,1736.98,0.9,Maize,Harvest,No,North
Silt,7.65,8.42,40.74,43.61,696.71,13.91,Rice,Sowing,No,Central
Clay,5.32,60.05,25.7,60.54,146.3,3.03,Maize,Sowing,Yes,South
Sandy,5.08,31.28,33.58,70.33,714.88,14.62,Potato,Flowering,No,North
Silt,6.98,34.71,41.01,34.47,2094.77,10.35,Potato,Vegetative,Yes,East
Sandy,6.4,56.19,16.53,63.14,1176.53,19.57,Rice,Vegetative,No,South
Clay,7.89,42.73,13.64,58.02,1538.95,8.93,Maize,Flowering,Yes,Central
Silt,6.03,42.74,21.41,48.57,2001.26,15.1,Wheat,Flowering,No,South
Clay,5.78,24.9,13.33,68.65,808.44,1.31,Potato,Vegetative,No,West
Clay,6.5,55.53,15.5,69.54,27.86,18.74,Rice,Sowing,Yes,East
Sandy,6.35,17.45,41.75,93.0,808.3,11.47,Rice,Flowering,Yes,Central
Silt,5.97,11.03,40.81,54.98,2391.7,6.63,Wheat,Harvest,Yes,South
Clay,7.16,18.92,32.74,62.19,1205.71,2.97,Maize,Sowing,No,South
Silt,7.38,23.26,34.59,36.03,1424.52,13.0,Maize,Vegetative,No,West
Sandy,7.7,24.09,16.21,63.39,1901.07,15.05,Sugarcane,Vegetative,No,West
Clay,8.11,46.22,29.86,27.53,287.33,2.16,Wheat,Flowering,No,East
Sandy,5.71,20.42,16.63,35.49,1834.84,3.71,Potato,Vegetative,No,Central
Silt,7.23,46.57,23.35,36.99,744.39,8.02,Wheat,Sowing,Yes,North
Silt,6.14,13.19,22.36,69.28,970.4,17.11,Cotton,Flowering,No,South
Sandy,7.1,16.39,30.42,64.71,673.72,19.67,Maize,Flowering,No,South
Loamy,6.42,37.0,14.39,80.86,383.86,15.03,Rice,Vegetative,Yes,East
Clay,8.18,60.55,15.1,57.51,903.65,0.61,Wheat,Sowing,No,East
Silt,7.28,57.0,30.3,58.24,236.6,18.12,Cotton,Vegetative,No,East
Silt,8.04,63.22,31.08,36.31,2111.95,1.02,Maize,Sowing,No,East
Clay,7.64,45.08,22.2,76.99,764.87,17.99,Rice,Sowing,Yes,East
Sandy,7.87,46.52,16.41,25.26,1634.04,8.5,Cotton,Flowering,No,South
Sandy,7.57,43.63,38.58,54.74,741.74,14.97,Wheat,Harvest,Yes,Central
Sandy,6.36,43.5,13.59,38.18,526.76,2.2,Rice,Vegetative,Yes,South
Loamy,5.66,16.39,33.52,78.97,1784.14,3.72,Rice,Vegetative,No,North
Loamy,6.06,38.99,16.2,72.14,1560.01,9.29,Sugarcane,Flowering,No,Central
Silt,4.87,30.01,31.12,74.47,545.26,1.25,Cotton,Vegetative,Yes,West
Sandy,6.58,33.22,31.91,35.4,1530.24,8.1,Rice,Sowing,No,Central
Clay,6.52,37.85,36.13,71.82,12.5,15.16,Wheat,Sowing,Yes,East
Silt,6.59,15.32,23.85,73.36,442.29,13.27,Rice,Vegetative,No,South
Clay,8.11,28.49,12.65,25.18,1819.38,7.36,Sugarcane,Flowering,Yes,Central
Silt,7.9,11.62,36.33,47.23,1025.38,0.67,Sugarcane,Sowing,No,East
Loamy,5.35,63.84,25.32,31.11,509.07,5.76,Rice,Vegetative,Yes,South
Silt,6.05,14.76,37.41,72.7,1264.79,15.64,Maize,Vegetative,No,South
Loamy,6.24,22.74,35.28,39.85,1163.04,7.14,Rice,Sowing,Yes,West
Silt,6.03,58.8,26.95,43.53,1584.84,7.86,Sugarcane,Sowing,No,North
Sandy,7.51,35.51,41.98,30.48,181.35,1.95,Sugarcane,Vegetative,Yes,Central
Clay,6.58,15.73,25.86,58.87,2048.37,12.23,Wheat,Sowing,Yes,South
Sandy,6.75,29.9,32.9,27.31,145.69,12.63,Wheat,Harvest,Yes,West
Silt,7.7,14.6,32.09,84.19,1134.64,8.9,Maize,Flowering,Yes,East
Silt,7.54,19.41,27.54,26.85,1776.18,15.33,Wheat,Sowing,Yes,West
Silt,5.25,10.97,29.56,29.31,862.03,17.6,Potato,Flowering,Yes,South
Loamy,7.23,32.98,35.96,69.83,2275.3,15.14,Potato,Flowering,No,North
Clay,6.28,53.98,29.15,89.19,1888.08,11.11,Rice,Sowing,No,West
Clay,5.8,41.4,25.5,87.45,1065.12,18.75,Rice,Flowering,No,East
Silt,4.97,42.56,31.86,30.85,459.57,7.95,Potato,Vegetative,Yes,East
Silt,6.46,19.43,13.07,45.19,108.6,13.27,Sugarcane,Vegetative,No,West
Loamy,6.01,27.6,15.28,61.47,2004.16,11.72,Rice,Vegetative,No,East
Sandy,5.66,56.18,15.76,26.86,485.69,16.91,Sugarcane,Harvest,Yes,Central
Sandy,7.16,13.01,24.77,62.0,674.19,10.24,Rice,Vegetative,Yes,East
Clay,7.42,56.9,38.15,56.34,25.95,11.29,Rice,Vegetative,Yes,West
Loamy,5.63,35.57,31.3,66.19,45.57,9.35,Rice,Sowing,No,East
Silt,4.97,55.72,41.18,89.42,576.05,3.24,Rice,Vegetative,No,East
Clay,7.69,26.13,13.2,44.22,2182.17,17.79,Wheat,Sowing,Yes,West
Loamy,4.83,27.31,33.66,69.74,1952.06,17.31,Wheat,Harvest,Yes,Central
Sandy,7.99,50.84,21.43,55.09,1924.68,14.2,Sugarcane,Vegetative,Yes,East
Loamy,6.93,52.74,12.7,55.46,2067.59,7.28,Cotton,Harvest,No,North
Sandy,5.89,21.09,36.78,70.31,466.53,7.42,Rice,Vegetative,Yes,Central
Loamy,5.64,63.45,16.88,91.59,2447.66,1.2,Sugarcane,Flowering,Yes,North
Clay,4.83,12.82,18.42,85.41,580.48,2.01,Sugarcane,Flowering,No,East
Sandy,5.6,11.9,22.21,69.77,374.82,10.52,Rice,Vegetative,No,North
Clay,5.27,41.94,35.65,57.31,736.61,1.47,Rice,Flowering,Yes,South
Clay,6.88,49.2,30.74,54.68,1326.13,2.43,Potato,Flowering,Yes,Central
Sandy,5.37,62.77,19.95,80.1,311.08,5.4,Sugarcane,Sowing,Yes,South
Sandy,6.6,31.08,17.05,40.28,1846.55,7.79,Sugarcane,Harvest,No,West
Silt,6.81,9.44,15.29,66.14,928.82,10.04,Wheat,Vegetative,Yes,South
Silt,5.81,42.37,16.49,60.35,1421.04,6.83,Wheat,Sowing,No,Central
Silt,4.92,24.51,38.04,70.45,1835.59,18.84,Rice,Harvest,No,South
Clay,4.93,32.68,39.68,38.12,2254.73,19.04,Potato,Harvest,No,North
Clay,4.89,35.84,41.04,73.7,2048.37,1.59,Sugarcane,Harvest,No,West
Silt,7.31,11.68,37.04,68.89,1343.67,19.72,Rice,Flowering,Yes,East
Clay,5.88,35.7,38.62,37.61,2477.93,3.87,Maize,Flowering,Yes,Central
Clay,7.51,32.3,36.48,56.47,1324.35,6.96,Potato,Sowing,Yes,South
Sandy,6.27,48.62,40.74,72.5,1339.93,16.82,Rice,Harvest,Yes,North
Sandy,6.34,44.8,37.37,88.11,396.22,13.91,Potato,Sowing,Yes,South
Clay,6.54,18.56,25.86,33.55,371.8,1.64,Rice,Flowering,No,Central
Silt,7.22,19.75,21.7,25.61,421.75,15.6,Sugarcane,Flowering,Yes,West
Loamy,5.73,22.31,29.53,36.56,1479.55,13.43,Sugarcane,Vegetative,Yes,South
Silt,5.21,18.2,30.25,94.25,1037.93,19.03,Potato,Flowering,Yes,East
Loamy,6.69,45.46,29.25,78.79,964.71,18.25,Wheat,Sowing,No,Central
Silt,5.91,64.68,33.2,68.01,318.9,19.52,Cotton,Sowing,Yes,East
Sandy,6.3,45.17,32.97,34.31,952.73,9.37,Rice,Sowing,No,Central
Clay,7.0,42.58,14.62,54.12,944.97,14.28,Wheat,Harvest,Yes,Central
Clay,6.48,31.37,20.57,75.07,1552.04,19.26,Maize,Sowing,No,South
Sandy,6.91,25.82,38.7,87.71,971.02,0.54,Rice,Flowering,Yes,North
Loamy,6.65,59.93,29.7,51.73,1046.91,15.88,Potato,Sowing,Yes,South
Loamy,7.32,63.23,21.86,94.98,681.36,1.55,Potato,Flowering,No,South
Loamy,7.2,36.32,37.51,34.78,328.76,19.98,Cotton,Flowering,Yes,Central
Sandy,6.62,24.54,19.47,52.09,750.03,0.77,Potato,Vegetative,Yes,West
Loamy,7.11,51.9,24.28,86.28,106.91,11.32,Maize,Vegetative,Yes,North
Sandy,7.77,15.55,20.29,70.49,509.27,10.66,Rice,Sowing,Yes,Central
Silt,6.27,51.64,38.14,81.76,812.38,6.44,Sugarcane,Vegetative,Yes,South
Silt,6.2,54.68,33.85,88.55,364.12,14.78,Cotton,Vegetative,Yes,East
Sandy,7.4,15.12,25.81,60.51,1662.42,5.51,Potato,Harvest,Yes,Central
Clay,6.78,63.68,39.97,41.43,701.91,6.17,Sugarcane,Harvest,No,Central
Silt,5.04,64.17,39.82,73.56,1538.82,4.02,Potato,Flowering,No,Central
Loamy,7.83,61.39,33.35,64.44,1609.71,14.42,Maize,Flowering,No,South
Sandy,4.9,36.27,38.76,79.09,1118.22,3.82,Wheat,Vegetative,No,East
Loamy,7.34,22.03,33.58,60.82,1122.77,18.0,Sugarcane,Harvest,No,North
Loamy,7.38,41.17,30.85,81.78,1453.66,6.11,Cotton,Harvest,Yes,East
Clay,8.04,31.94,24.62,88.14,656.14,10.61,Sugarcane,Vegetative,No,North
Loamy,4.98,19.74,20.2,77.47,53.11,9.76,Wheat,Vegetative,Yes,South
Clay,6.83,32.15,13.81,77.06,1612.56,14.2,Rice,Vegetative,Yes,Central
Silt,6.25,45.84,36.03,66.1,1521.31,5.06,Potato,Vegetative,No,North
Sandy,5.92,12.04,15.66,58.01,1190.95,16.85,Wheat,Vegetative,No,Central
Loamy,5.11,27.0,24.31,93.08,2189.41,14.89,Maize,Harvest,No,Central
Sandy,6.71,9.01,19.04,70.16,1271.56,7.18,Rice,Harvest,Yes,East
Loamy,6.43,50.72,25.64,83.82,758.74,2.85,Sugarcane,Harvest,Yes,South
Sandy,5.16,44.52,21.45,60.38,1783.83,10.34,Sugarcane,Sowing,No,Central
Loamy,6.88,11.57,36.89,63.84,2406.01,19.62,Potato,Vegetative,No,South
Loamy,7.31,62.99,41.35,71.4,1842.2,0.97,Wheat,Flowering,Yes,Central
Loamy,7.41,9.29,40.25,76.0,2272.12,16.97,Rice,Flowering,No,Central
Loamy,7.88,41.63,30.67,56.38,281.79,14.15,Wheat,Sowing,No,South
Loamy,6.19,52.25,41.38,49.94,302.47,4.07,Rice,Vegetative,Yes,East
Loamy,8.04,52.91,24.02,41.76,386.51,9.79,Wheat,Sowing,Yes,South
Loamy,7.74,9.95,27.67,54.66,1757.14,12.74,Potato,Sowing,Yes,East
Loamy,5.81,59.67,19.71,39.79,974.27,14.09,Cotton,Vegetative,Yes,East
Loamy,5.34,60.35,38.94,54.17,1194.28,18.47,Cotton,Flowering,Yes,North
Sandy,6.28,40.0,17.39,86.23,654.8,17.52,Rice,Harvest,Yes,South
Clay,6.17,35.48,30.31,93.39,1840.26,6.9,Potato,Sowing,No,East
Loamy,6.76,10.56,35.98,65.4,2113.37,2.84,Rice,Sowing,Yes,Central
Clay,6.78,40.03,29.86,35.22,400.54,2.53,Wheat,Sowing,No,South
Loamy,7.35,31.33,14.36,54.93,481.84,19.39,Cotton,Sowing,No,South
Loamy,6.53,52.05,30.34,67.15,848.5,19.14,Wheat,Sowing,Yes,East
Sandy,5.16,31.02,35.01,50.95,700.42,16.48,Sugarcane,Harvest,Yes,West
Silt,7.72,46.96,17.63,39.36,1328.84,19.62,Rice,Flowering,No,North
Silt,5.85,13.78,34.11,40.88,1881.45,5.85,Cotton,Vegetative,Yes,East
Sandy,8.1,15.58,38.36,58.18,1983.18,16.6,Sugarcane,Flowering,No,North
Clay,5.2,15.96,41.59,40.15,521.12,10.29,Rice,Harvest,No,West
Silt,8.06,10.59,24.3,42.47,438.95,16.08,Cotton,Flowering,No,North
Sandy,5.11,38.86,12.75,86.12,909.24,12.41,Sugarcane,Vegetative,Yes,North
Sandy,5.59,53.26,24.57,79.53,369.31,17.0,Wheat,Sowing,Yes,West
Silt,4.96,42.79,31.81,28.87,229.49,8.25,Wheat,Vegetative,No,West
Clay,7.2,40.77,38.74,47.41,606.45,19.79,Cotton,Sowing,Yes,Central
Sandy,7.69,46.8,40.14,62.24,984.86,4.78,Maize,Harvest,No,North
Loamy,6.28,27.36,39.29,29.24,1469.6,13.62,Maize,Vegetative,No,West
Clay,7.96,28.63,31.74,72.82,1808.2,16.15,Rice,Harvest,Yes,Central
Clay,6.81,25.91,32.48,51.91,557.03,11.92,Rice,Flowering,Yes,West
Silt,6.94,48.59,12.07,52.8,2046.66,6.16,Potato,Harvest,Yes,South
Silt,7.67,17.21,22.91,43.57,84.18,11.45,Potato,Vegetative,Yes,South
Loamy,5.81,8.74,39.21,48.38,1110.11,10.34,Potato,Flowering,Yes,West
Sandy,6.0,41.98,32.69,85.32,1582.69,4.21,Sugarcane,Harvest,Yes,East
Silt,7.88,61.72,26.04,80.2,728.16,15.38,Sugarcane,Vegetative,Yes,West
Silt,7.86,42.74,15.13,90.5,1709.23,5.71,Potato,Harvest,Yes,West
Clay,8.12,52.63,19.39,73.93,2167.63,16.73,Wheat,Vegetative,Yes,Central
Silt,7.87,46.35,28.65,65.45,223.42,4.68,Maize,Sowing,Yes,East
Silt,5.23,36.35,38.93,43.15,1281.4,10.3,Rice,Vegetative,Yes,East
Silt,7.6,48.95,14.87,71.68,46.93,14.06,Potato,Harvest,No,South
Silt,6.19,54.97,16.61,88.43,698.94,19.92,Maize,Sowing,No,East
Clay,8.17,20.81,31.65,29.84,342.35,5.78,Sugarcane,Harvest,Yes,East
Loamy,6.41,27.16,20.82,56.01,1560.69,12.89,Maize,Flowering,Yes,West
Loamy,6.68,20.75,17.09,35.46,621.71,3.49,Wheat,Harvest,No,East
Sandy,6.6,33.77,17.35,81.74,706.0,16.48,Rice,Sowing,No,East
Silt,5.89,58.45,26.78,67.99,514.08,17.3,Wheat,Sowing,Yes,Central
Clay,5.06,27.68,29.51,86.58,609.51,17.82,Rice,Harvest,Yes,North
Sandy,7.85,29.34,39.13,29.42,562.78,18.94,Wheat,Sowing,No,Central
Sandy,7.53,57.04,27.89,88.4,1744.68,7.44,Sugarcane,Vegetative,Yes,Central
Loamy,5.27,37.38,32.74,29.7,2389.53,13.5,Cotton,Vegetative,No,West
Clay,7.44,38.52,17.42,45.13,1225.58,6.66,Potato,Harvest,No,North
Clay,6.93,57.07,33.4,35.93,1500.97,16.17,Wheat,Flowering,No,West
Clay,6.19,35.96,31.46,35.18,2045.27,8.6,Wheat,Harvest,Yes,South
Loamy,5.66,46.85,18.49,37.02,1190.27,11.32,Potato,Harvest,Yes,North
Loamy,7.72,12.88,32.08,58.62,755.06,3.09,Maize,Harvest,Yes,South
Loamy,7.18,18.18,18.34,79.91,2377.44,17.08,Sugarcane,Harvest,No,East
Loamy,6.66,31.05,29.81,87.88,2265.39,9.92,Cotton,Harvest,No,East
Loamy,6.87,36.21,32.07,64.68,550.9,12.99,Cotton,Flowering,No,Central
Silt,5.11,63.05,32.8,36.04,1757.69,13.55,Rice,Flowering,No,East
Silt,6.41,63.33,39.28,30.54,1617.85,5.85,Rice,Flowering,No,South
Clay,5.46,56.52,40.44,59.59,1624.08,16.0,Cotton,Flowering,Yes,South
Sandy,5.51,25.99,36.31,78.58,2076.51,16.74,Cotton,Harvest,Yes,North
Clay,7.05,62.95,38.36,68.41,1685.26,10.56,Potato,Flowering,No,North
Sandy,7.9,47.29,12.58,65.79,1295.01,18.1,Sugarcane,Harvest,Yes,East
Loamy,6.17,30.4,22.88,28.37,2115.16,3.64,Cotton,Vegetative,Yes,West
Sandy,5.51,48.0,13.19,53.81,662.1,8.58,Rice,Vegetative,Yes,West
Clay,7.01,8.94,18.75,63.53,1698.06,1.36,Rice,Harvest,No,West
Clay,7.76,16.33,23.45,66.88,1753.8,8.27,Maize,Vegetative,No,West
Sandy,7.34,55.29,38.03,25.34,2175.8,19.94,Cotton,Vegetative,No,West
Silt,7.75,44.8,27.35,38.97,2495.77,9.53,Sugarcane,Harvest,No,East
Loamy,6.62,28.76,31.47,91.49,1393.88,8.67,Potato,Harvest,Yes,South
Loamy,7.36,36.54,22.88,60.61,1211.03,13.91,Wheat,Harvest,No,Central
Clay,5.28,59.59,30.09,74.25,1501.71,1.45,Rice,Flowering,Yes,North
Silt,5.98,44.0,36.47,46.57,1646.69,7.4,Wheat,Sowing,No,South
Sandy,6.12,30.69,21.04,65.98,1782.46,10.89,Rice,Vegetative,Yes,Central
Loamy,6.54,14.86,39.97,49.95,703.05,9.94,Sugarcane,Vegetative,No,North
Silt,7.96,24.74,18.4,45.79,1217.58,13.03,Wheat,Harvest,No,East
Loamy,7.77,63.77,39.58,53.8,927.3,3.21,Maize,Harvest,No,Central
Silt,5.26,32.93,12.85,57.19,96.93,8.35,Potato,Harvest,No,West
Silt,5.39,34.89,28.28,48.18,1523.81,12.86,Sugarcane,Flowering,Yes,North
Clay,6.02,36.42,41.56,43.06,2187.04,6.38,Rice,Flowering,No,West
Loamy,5.79,58.39,30.29,68.67,2303.68,12.45,Cotton,Vegetative,No,South
Sandy,6.89,42.42,28.65,51.65,1293.56,19.19,Potato,Flowering,Yes,East
Clay,7.87,47.54,32.47,39.13,1914.71,18.64,Wheat,Flowering,No,West
Clay,8.07,30.2,20.68,78.09,1781.03,14.65,Cotton,Flowering,Yes,West
Sandy,7.02,9.66,13.62,75.66,572.24,3.96,Rice,Flowering,No,North
Clay,7.65,61.07,19.53,87.08,157.28,15.79,Wheat,Flowering,No,West
Silt,6.59,62.1,17.29,63.85,1869.64,9.21,Wheat,Harvest,Yes,South
Silt,5.51,62.1,39.71,44.56,706.74,19.06,Potato,Vegetative,No,West
Loamy,6.58,61.79,37.57,85.46,1373.46,12.42,Wheat,Flowering,No,South
Loamy,6.69,54.47,21.53,44.62,1310.16,4.74,Sugarcane,Harvest,No,East
Sandy,7.32,47.02,37.08,70.89,2044.68,6.59,Sugarcane,Sowing,Yes,East
Loamy,5.55,56.14,18.35,38.33,1611.61,6.72,Sugarcane,Sowing,Yes,West
Silt,6.05,42.23,17.99,69.04,2117.87,5.89,Sugarcane,Flowering,Yes,North
Sandy,6.04,15.66,35.03,83.86,1880.59,15.55,Potato,Sowing,No,East
Sandy,8.06,30.3,21.81,62.8,2499.58,7.07,Rice,Sowing,No,West
Loamy,6.31,63.36,13.94,57.96,2159.69,4.31,Maize,Flowering,No,East
Silt,7.37,28.01,33.6,94.54,527.69,12.12,Rice,Vegetative,Yes,East
Sandy,7.35,57.47,41.69,26.57,2403.47,9.56,Potato,Vegetative,Yes,East
Silt,5.7,13.31,28.98,48.22,850.34,0.93,Wheat,Vegetative,Yes,Central
Silt,6.74,27.05,19.91,89.3,1519.6,5.94,Sugarcane,Flowering,Yes,West
Silt,7.84,28.0,23.19,69.98,2353.38,1.24,Potato,Sowing,Yes,South
Loamy,6.42,10.94,31.46,62.95,535.41,15.46,Wheat,Vegetative,Yes,West
Clay,8.01,14.79,33.04,69.64,2143.25,19.04,Sugarcane,Sowing,Yes,East
Clay,5.53,19.01,38.59,47.54,2382.88,10.25,Cotton,Harvest,Yes,East
Sandy,5.05,55.76,39.27,29.98,2134.38,11.38,Cotton,Flowering,Yes,West
Silt,7.83,11.61,37.84,44.26,2047.93,16.98,Sugarcane,Harvest,No,Central
Loamy,7.68,25.03,31.45,48.55,661.54,0.87,Cotton,Vegetative,Yes,East
Silt,8.17,8.58,25.5,58.59,1017.75,3.67,Potato,Vegetative,No,North
Silt,7.11,47.65,32.38,52.57,1900.84,13.26,Sugarcane,Harvest,No,East
Loamy,7.98,43.36,32.0,61.47,295.41,14.96,Maize,Sowing,Yes,North
Clay,7.61,44.76,18.54,38.73,2220.93,12.71,Wheat,Sowing,Yes,West
Silt,7.67,29.34,27.23,37.88,525.64,18.82,Rice,Harvest,Yes,Central
Silt,6.74,19.87,18.25,49.62,1412.02,8.15,Rice,Harvest,Yes,Central
Clay,6.1,49.06,38.97,58.16,262.65,11.32,Potato,Vegetative,No,North
Loamy,7.98,54.23,21.7,48.92,462.97,19.15,Rice,Vegetative,No,East
Sandy,6.27,15.9,36.16,65.36,1463.75,18.04,Sugarcane,Sowing,No,East
Clay,6.63,35.75,23.32,46.7,1586.61,1.1,Sugarcane,Sowing,Yes,Central
Sandy,6.32,22.18,34.91,37.4,674.38,7.37,Potato,Flowering,Yes,North
Sandy,6.72,17.58,18.63,85.4,297.74,14.91,Maize,Harvest,No,Central
Clay,6.4,49.86,34.91,39.04,1373.89,0.52,Sugarcane,Harvest,Yes,North
Silt,4.96,38.67,17.39,92.66,2101.59,17.33,Potato,Harvest,Yes,East
Sandy,7.8,20.32,26.72,94.12,503.61,10.29,Potato,Harvest,Yes,Central
Sandy,6.31,25.67,15.41,73.78,1728.91,2.19,Rice,Harvest,No,North
Loamy,6.8,63.1,27.84,60.14,964.7,9.13,Cotton,Harvest,Yes,North
Silt,5.27,56.37,36.62,80.68,2357.72,10.11,Wheat,Vegetative,Yes,West
Sandy,4.81,58.16,34.67,86.12,206.43,7.66,Sugarcane,Sowing,No,North
Loamy,5.63,34.22,13.52,74.67,99.92,9.36,Rice,Harvest,Yes,North
Silt,7.2,43.56,26.77,32.14,310.77,17.88,Wheat,Harvest,No,South
Clay,5.14,29.48,37.57,25.21,1956.11,6.82,Wheat,Sowing,No,Central
Clay,7.89,12.43,31.5,38.43,2306.92,19.24,Sugarcane,Sowing,Yes,Central
Loamy,5.53,30.86,13.78,38.2,2056.19,13.9,Potato,Vegetative,No,East
Clay,5.5,41.86,21.77,37.78,1794.58,17.97,Sugarcane,Sowing,No,South
Sandy,5.42,24.37,28.7,60.68,143.96,4.58,Sugarcane,Vegetative,No,North
Silt,4.85,56.33,17.18,61.41,534.53,10.09,Potato,Flowering,No,North
Sandy,7.42,16.61,32.46,75.61,2338.45,11.53,Maize,Vegetative,No,South
Sandy,7.78,28.93,31.05,39.1,1556.98,2.16,Potato,Sowing,Yes,East
Clay,6.89,15.12,18.07,31.49,1170.81,10.13,Rice,Flowering,Yes,East
Sandy,5.44,31.08,28.51,71.63,1630.78,17.29,Sugarcane,Sowing,Yes,East
Clay,5.77,10.26,36.35,58.88,446.48,1.52,Potato,Harvest,No,North
Silt,6.42,23.54,23.24,71.64,2232.17,13.02,Wheat,Vegetative,Yes,East
Silt,8.04,30.84,19.41,51.65,1640.76,19.78,Maize,Flowering,No,East
Sandy,5.64,35.26,33.04,77.56,1178.11,10.78,Rice,Harvest,Yes,East
Loamy,7.29,38.99,14.12,72.78,1143.44,6.42,Cotton,Flowering,No,North
Clay,6.29,23.67,36.98,70.52,2055.94,11.91,Sugarcane,Vegetative,Yes,North
Clay,5.81,37.81,40.3,26.93,769.67,11.06,Potato,Flowering,No,North
Sandy,6.35,37.01,40.94,85.07,342.83,2.55,Sugarcane,Vegetative,Yes,South
Clay,5.04,26.02,24.98,51.36,464.17,4.68,Cotton,Harvest,Yes,West
Clay,7.52,55.32,30.7,34.49,202.84,13.55,Sugarcane,Harvest,Yes,East
Loamy,5.63,39.1,37.72,77.89,1269.66,12.05,Potato,Harvest,Yes,West
Loamy,7.27,26.94,18.7,59.05,1693.15,7.21,Potato,Flowering,No,East
Sandy,5.03,62.0,12.83,27.24,2334.96,19.58,Rice,Sowing,No,South
Loamy,8.05,56.17,23.54,79.73,1877.04,13.07,Maize,Flowering,Yes,West
Sandy,5.46,64.01,38.53,55.45,1457.78,5.0,Potato,Vegetative,Yes,South
Silt,7.8,47.46,27.15,77.84,2159.88,9.69,Wheat,Flowering,Yes,North
Sandy,7.55,29.56,27.91,77.89,2230.53,14.38,Cotton,Vegetative,No,South
Silt,8.09,24.01,32.74,32.0,1780.96,13.6,Rice,Harvest,Yes,North
Sandy,6.42,45.81,29.24,67.93,140.71,5.3,Rice,Vegetative,No,West
Clay,7.27,63.91,13.63,50.21,729.41,13.13,Cotton,Sowing,Yes,North
Loamy,6.06,43.72,28.83,63.25,840.46,6.99,Maize,Vegetative,No,North
Silt,5.43,58.25,31.44,31.2,2493.45,9.42,Maize,Vegetative,No,East
Sandy,6.31,26.76,31.25,66.17,1160.41,13.55,Wheat,Vegetative,Yes,East
Loamy,5.36,31.2,33.85,79.43,1904.71,11.83,Wheat,Harvest,Yes,North
Sandy,8.14,59.66,27.6,94.08,2034.49,14.4,Wheat,Vegetative,Yes,West
Loamy,5.13,51.14,39.0,47.42,1633.15,7.95,Maize,Harvest,Yes,West
Loamy,6.8,63.94,25.93,35.86,45.69,15.16,Sugarcane,Harvest,Yes,South
Sandy,6.93,52.16,27.55,50.61,48.37,0.81,Sugarcane,Sowing,No,Central
Silt,6.63,33.57,35.41,26.35,2046.94,4.17,Potato,Sowing,No,North
Silt,7.05,38.27,37.0,53.61,1848.1,19.48,Sugarcane,Flowering,Yes,East
Clay,5.2,59.33,31.45,89.02,1340.29,2.19,Cotton,Flowering,No,West
Loamy,6.69,39.44,15.79,38.6,622.16,13.41,Cotton,Harvest,No,West
Clay,5.78,22.56,21.96,58.44,216.78,18.38,Cotton,Harvest,No,West
Clay,8.0,32.83,12.6,65.08,410.67,17.26,Cotton,Sowing,No,West
Sandy,7.39,37.43,20.86,37.59,1450.81,18.3,Maize,Sowing,Yes,West
Sandy,8.11,13.51,29.11,48.11,1364.57,19.69,Cotton,Flowering,Yes,South
Sandy,4.93,50.39,36.16,88.8,2353.17,7.47,Wheat,Vegetative,Yes,Central
Loamy,5.77,14.23,29.57,45.7,2393.19,6.94,Cotton,Sowing,No,North
Sandy,5.46,31.08,13.2,69.48,1440.02,2.86,Rice,Flowering,Yes,Central
Sandy,4.84,53.86,19.77,34.59,2103.58,4.43,Sugarcane,Flowering,No,North
Loamy,5.62,34.65,29.34,71.89,2030.62,13.23,Rice,Harvest,Yes,West
Loamy,7.11,55.99,33.27,44.54,1880.94,6.96,Rice,Flowering,No,South
Silt,5.59,27.49,37.99,41.19,1093.35,7.15,Potato,Sowing,No,East
Sandy,6.53,62.59,41.03,33.69,973.52,13.1,Wheat,Harvest,No,West
Sandy,7.82,19.94,38.75,28.28,660.33,2.54,Maize,Flowering,No,Central
Sandy,7.16,10.18,26.02,92.75,2342.74,1.59,Wheat,Harvest,Yes,North
Silt,6.14,57.73,34.41,53.97,2086.06,16.16,Maize,Sowing,Yes,West
Sandy,6.07,50.88,19.22,79.43,442.79,15.9,Wheat,Sowing,Yes,East
Silt,6.35,21.22,13.91,89.41,631.16,8.01,Maize,Flowering,Yes,West
Clay,5.4,64.13,13.65,39.28,1453.32,12.06,Cotton,Vegetative,No,Central
Silt,6.96,36.63,19.24,85.89,1034.0,5.14,Wheat,Vegetative,Yes,South
Clay,6.04,62.21,13.13,74.56,534.74,7.67,Rice,Sowing,No,Central
Sandy,7.7,36.79,37.51,65.46,1977.89,1.21,Wheat,Vegetative,No,East
Clay,7.37,34.9,26.7,81.64,3.88,5.84,Rice,Harvest,No,North
Silt,6.88,33.6,36.33,32.75,858.19,0.82,Maize,Vegetative,No,North
Loamy,6.04,27.09,40.2,43.45,2323.37,8.77,Cotton,Harvest,No,East
Clay,5.51,38.42,41.82,34.17,1901.92,10.63,Cotton,Flowering,Yes,South
Clay,7.44,33.8,40.11,87.72,1003.21,10.16,Cotton,Vegetative,No,North
Sandy,6.45,10.09,33.5,31.92,2321.82,7.14,Rice,Flowering,No,West
Silt,5.56,22.84,25.26,93.6,2252.01,4.54,Sugarcane,Vegetative,No,West
Clay,5.46,20.15,29.94,32.69,131.46,9.36,Sugarcane,Sowing,Yes,North
Clay,5.36,57.44,36.49,71.33,319.85,17.46,Wheat,Vegetative,Yes,East
Clay,7.44,42.14,38.93,71.23,968.08,19.67,Sugarcane,Flowering,No,East
Clay,5.58,51.53,40.69,90.19,2323.49,6.6,Sugarcane,Flowering,No,Central
Loamy,6.59,62.54,33.92,47.62,2110.51,19.5,Sugarcane,Vegetative,Yes,West
Silt,6.34,44.71,28.2,48.24,119.4,8.97,Sugarcane,Sowing,No,North
Sandy,6.77,64.01,41.05,84.24,1280.83,12.46,Rice,Sowing,Yes,West
Sandy,7.78,25.77,40.76,93.5,1800.63,16.17,Cotton,Sowing,Yes,South
Loamy,7.75,18.62,26.33,27.11,689.81,7.51,Maize,Harvest,Yes,East
Silt,6.33,30.99,31.46,69.47,1806.31,4.56,Rice,Sowing,Yes,South
Clay,4.85,34.84,36.28,42.05,924.31,5.82,Sugarcane,Sowing,Yes,East
Loamy,6.25,59.04,24.99,75.96,685.14,16.85,Sugarcane,Harvest,No,East
Silt,6.86,39.92,36.88,79.09,981.41,18.72,Rice,Harvest,No,South
Clay,6.7,24.65,15.34,78.38,2377.0,3.01,Maize,Vegetative,No,West
Loamy,7.01,50.33,26.43,55.49,2263.24,14.04,Cotton,Sowing,Yes,West
Silt,5.32,36.83,26.48,36.05,2284.88,1.18,Sugarcane,Harvest,Yes,Central
Sandy,7.0,17.24,32.54,65.93,2293.45,17.56,Wheat,Vegetative,Yes,North
Sandy,5.42,40.88,15.49,80.23,445.69,17.21,Potato,Sowing,Yes,South
Silt,7.35,59.95,15.1,88.85,2240.15,15.6,Maize,Harvest,Yes,West
Sandy,5.95,56.03,39.02,56.69,530.69,16.58,Potato,Flowering,No,South
Silt,7.21,41.45,21.11,42.2,2095.34,12.28,Potato,Flowering,Yes,North
Clay,4.96,29.49,21.81,33.32,1354.75,3.37,Sugarcane,Flowering,No,South
Silt,6.19,12.96,35.31,80.83,599.91,18.33,Wheat,Harvest,No,West
Clay,7.2,34.77,24.45,62.47,996.3,3.25,Rice,Harvest,Yes,North
Loamy,5.57,50.87,36.99,72.19,1083.45,4.89,Cotton,Sowing,Yes,West
Silt,7.5,28.54,24.04,36.15,1832.93,8.94,Wheat,Vegetative,Yes,West
Loamy,6.94,21.42,34.82,25.46,1515.05,10.21,Sugarcane,Flowering,No,East
Sandy,6.8,61.09,27.76,92.73,2041.96,2.38,Wheat,Vegetative,No,Central
Clay,6.0,54.83,40.07,81.76,992.01,15.35,Rice,Harvest,No,West
Silt,6.44,44.38,21.82,53.0,1858.98,3.18,Potato,Vegetative,No,Central
Loamy,6.83,15.8,22.88,57.0,1982.01,13.27,Sugarcane,Harvest,No,East
Clay,6.41,16.26,41.1,90.03,157.86,9.31,Potato,Flowering,No,West
Clay,7.17,13.88,34.13,39.54,939.1,16.31,Maize,Sowing,Yes,South
Sandy,6.27,43.13,35.18,81.2,2214.97,6.26,Wheat,Flowering,No,Central
Sandy,5.49,14.59,20.88,26.26,1762.44,16.81,Maize,Harvest,No,West
Clay,5.53,56.03,27.96,86.3,1046.12,5.42,Rice,Flowering,No,North
Clay,4.82,64.6,21.41,66.25,457.44,11.7,Wheat,Harvest,No,South
Silt,5.82,28.88,19.8,58.43,241.53,9.98,Cotton,Vegetative,Yes,South
Clay,7.35,33.86,28.06,74.45,573.38,7.38,Rice,Sowing,No,North
Silt,7.5,48.57,41.63,29.74,611.73,0.73,Wheat,Flowering,Yes,Central
Clay,5.49,61.42,18.44,38.69,926.65,8.26,Wheat,Vegetative,No,South
Sandy,8.06,58.96,19.28,53.49,442.3,2.81,Cotton,Harvest,Yes,South
Silt,6.51,11.28,19.29,68.25,365.12,4.89,Potato,Sowing,Yes,Central
Loamy,7.92,17.64,35.75,35.12,2110.02,13.92,Potato,Flowering,No,West
Sandy,7.2,51.01,27.31,51.56,623.85,11.64,Wheat,Sowing,Yes,East
Silt,7.26,47.27,23.54,43.26,1404.01,10.78,Wheat,Vegetative,Yes,North
Silt,5.09,15.59,37.31,70.19,498.25,11.5,Maize,Sowing,No,South
Loamy,5.55,36.62,20.92,89.35,1229.38,2.84,Maize,Sowing,No,Central
Silt,4.83,52.51,23.77,36.62,691.78,3.71,Sugarcane,Flowering,No,West
Clay,7.23,20.47,14.21,38.25,217.0,11.08,Wheat,Vegetative,No,West
Loamy,5.97,57.66,15.57,67.04,2455.44,8.43,Rice,Sowing,No,North
Sandy,7.47,11.02,16.1,56.75,1144.52,9.53,Rice,Vegetative,Yes,West
Sandy,5.95,52.59,22.41,75.27,982.62,17.64,Wheat,Harvest,No,East
Clay,7.59,43.1,27.72,45.15,497.81,4.11,Potato,Sowing,Yes,West
Sandy,5.24,25.97,12.02,63.14,1238.41,18.26,Sugarcane,Vegetative,No,West
Silt,5.39,49.09,17.7,52.08,1588.05,17.22,Maize,Flowering,Yes,North
Silt,5.96,52.59,17.27,44.69,761.63,18.08,Maize,Harvest,No,South
Clay,6.19,61.23,19.6,76.05,1201.05,13.01,Potato,Sowing,No,North
Sandy,5.99,28.96,16.98,80.71,592.7,17.35,Sugarcane,Harvest,Yes,North
Sandy,7.4,47.1,17.85,48.03,1319.28,19.83,Wheat,Vegetative,Yes,West
Clay,5.13,42.35,41.52,68.61,1968.04,9.69,Sugarcane,Sowing,Yes,North
Loamy,5.99,37.94,29.84,37.5,150.53,17.31,Rice,Sowing,No,East
Sandy,7.65,58.75,34.88,80.37,1294.6,18.12,Wheat,Flowering,No,East
Loamy,5.03,8.18,36.58,44.69,998.41,6.54,Wheat,Flowering,Yes,West
Sandy,8.0,24.08,32.03,36.97,185.1,9.13,Potato,Vegetative,Yes,East
Sandy,8.15,38.68,33.12,90.8,2351.27,11.69,Sugarcane,Sowing,Yes,East
Sandy,5.1,18.16,30.97,54.57,649.61,7.31,Sugarcane,Harvest,Yes,East
Sandy,5.79,59.75,31.48,70.04,1411.53,6.78,Cotton,Flowering,No,South
Silt,6.07,44.91,39.85,81.64,931.55,7.92,Potato,Flowering,Yes,West
Loamy,7.44,35.24,17.57,73.03,677.83,8.77,Cotton,Harvest,Yes,East
Loamy,6.83,54.44,20.24,64.53,1317.95,5.42,Maize,Vegetative,Yes,Central
Sandy,6.99,33.7,14.8,51.01,1722.57,9.73,Cotton,Vegetative,No,North
Sandy,7.38,39.84,37.12,89.3,1963.84,15.69,Maize,Sowing,Yes,East
Loamy,5.2,8.16,25.46,34.35,1584.81,12.68,Rice,Flowering,No,East
Silt,7.63,28.84,39.21,86.87,1315.74,7.91,Cotton,Sowing,No,East
Clay,7.2,15.91,24.35,74.69,1943.15,3.55,Sugarcane,Vegetative,Yes,West
Clay,6.76,47.31,25.28,65.0,1293.64,16.57,Maize,Sowing,Yes,East
Loamy,7.83,35.3,25.45,47.73,2435.57,10.47,Potato,Harvest,Yes,North
Sandy,7.18,25.2,30.37,35.22,1316.85,19.44,Potato,Flowering,No,Central
Sandy,5.49,34.67,34.98,56.02,793.12,5.43,Maize,Sowing,No,East
Silt,6.26,19.95,22.54,79.86,1115.9,3.92,Rice,Flowering,Yes,North
Clay,6.48,60.73,30.9,77.17,1224.98,0.66,Cotton,Sowing,No,South
Silt,4.99,11.08,18.12,70.18,708.72,2.11,Sugarcane,Sowing,Yes,South
Clay,8.05,57.33,28.62,94.47,396.86,8.02,Maize,Sowing,No,North
Loamy,5.24,37.15,28.4,93.08,1078.46,4.37,Rice,Vegetative,No,Central
Clay,7.17,43.28,38.66,53.0,2242.58,1.24,Rice,Sowing,No,Central
Silt,6.52,25.25,38.88,38.48,638.83,4.89,Cotton,Harvest,Yes,South
Silt,4.89,63.1,26.62,57.47,904.55,14.71,Sugarcane,Vegetative,Yes,North
Silt,7.94,24.07,12.74,84.12,1894.31,14.85,Cotton,Sowing,No,North
Loamy,7.7,41.57,37.34,57.1,205.68,3.42,Maize,Vegetative,Yes,West
Clay,6.58,64.62,12.02,48.52,2062.68,18.76,Potato,Flowering,Yes,South
Clay,5.58,58.22,26.35,76.89,1800.7,3.6,Sugarcane,Harvest,No,South
Silt,5.21,38.57,12.59,70.51,1374.41,2.24,Potato,Sowing,No,West
Clay,6.04,64.45,22.58,92.81,523.7,3.68,Cotton,Flowering,Yes,Central
Sandy,5.67,47.98,31.1,63.45,231.7,3.24,Sugarcane,Flowering,No,East
Sandy,6.52,19.9,23.14,92.72,579.3,12.82,Rice,Harvest,No,East
Sandy,8.09,31.12,39.81,45.37,1903.74,3.55,Potato,Harvest,No,East
Clay,6.75,27.07,31.22,85.54,2333.74,12.87,Potato,Harvest,No,West
Loamy,7.83,27.61,31.39,49.56,1844.72,5.89,Rice,Harvest,No,South
Loamy,7.01,51.35,23.23,81.68,1319.04,5.34,Wheat,Harvest,Yes,East
Loamy,6.42,41.3,13.16,89.82,2376.71,18.0,Rice,Flowering,Yes,South
Loamy,7.71,10.17,34.15,68.62,2071.42,4.68,Cotton,Sowing,Yes,Central
Sandy,6.4,58.01,33.49,76.0,1639.59,17.36,Rice,Sowing,Yes,East
Sandy,7.75,24.92,27.9,92.1,94.76,6.42,Potato,Vegetative,No,West
Silt,5.79,64.83,24.49,51.26,719.33,19.83,Potato,Flowering,No,East
Clay,5.24,62.39,28.15,60.81,770.53,19.63,Maize,Harvest,No,West
Clay,7.71,61.61,34.4,87.88,868.11,16.64,Rice,Harvest,No,West
Loamy,6.8,54.23,33.38,72.1,973.46,17.43,Potato,Flowering,Yes,East
Sandy,7.82,20.57,31.74,86.15,2348.42,16.55,Potato,Harvest,Yes,North
Loamy,7.99,38.36,39.11,68.28,1854.68,12.78,Potato,Vegetative,No,South
Silt,4.98,20.79,30.3,76.78,1729.84,16.28,Cotton,Harvest,Yes,East
Clay,6.5,22.8,12.44,25.91,1066.29,12.75,Maize,Harvest,Yes,West
Clay,6.07,42.82,30.54,48.78,843.87,16.92,Potato,Vegetative,No,East
Loamy,6.93,10.33,30.38,78.93,298.95,18.74,Wheat,Sowing,No,West
Silt,7.5,63.26,14.09,53.28,1133.74,15.19,Rice,Flowering,Yes,West
Clay,5.75,60.36,24.83,50.4,513.36,19.31,Wheat,Sowing,Yes,East
Silt,6.69,29.7,31.53,91.61,977.53,9.24,Cotton,Vegetative,No,Central
Silt,7.21,37.38,33.14,63.68,390.98,18.55,Sugarcane,Flowering,Yes,West
Loamy,5.26,34.57,38.79,38.47,859.99,4.91,Potato,Vegetative,No,North
Sandy,7.57,58.29,37.24,58.06,107.45,1.11,Cotton,Harvest,Yes,South
Loamy,6.86,47.25,15.5,61.31,15.06,3.0,Rice,Sowing,Yes,South
Sandy,8.03,23.85,30.26,94.21,2174.77,3.62,Wheat,Harvest,Yes,East
Silt,5.95,33.47,29.89,75.28,1603.16,16.58,Cotton,Harvest,Yes,West
Sandy,5.17,32.45,21.11,61.36,1469.17,8.32,Wheat,Vegetative,No,North
Silt,6.52,62.68,17.52,55.24,1284.49,5.05,Maize,Vegetative,Yes,East
Clay,5.09,17.99,17.99,89.08,1816.82,16.34,Potato,Sowing,No,Central
Clay,8.1,13.11,17.33,70.22,1840.41,4.44,Wheat,Harvest,No,West
Clay,4.93,58.2,36.19,49.93,2338.13,2.02,Cotton,Harvest,Yes,West
Loamy,7.36,59.11,16.45,57.52,611.03,9.59,Maize,Sowing,Yes,East
Loamy,6.59,57.69,19.93,44.47,1963.0,1.85,Cotton,Vegetative,No,Central
Silt,6.05,37.13,18.53,92.23,2477.89,5.94,Sugarcane,Sowing,Yes,North
Clay,5.02,45.61,33.39,74.14,72.55,14.16,Rice,Sowing,Yes,East
Loamy,6.92,40.11,16.75,52.46,934.96,7.8,Potato,Flowering,Yes,Central
Clay,6.79,11.96,12.72,37.82,1090.09,2.21,Cotton,Flowering,No,West
Loamy,5.76,41.96,23.23,37.39,2054.58,8.36,Maize,Flowering,Yes,West
Sandy,7.89,8.78,21.15,58.44,34.36,10.51,Potato,Harvest,No,West
Sandy,5.83,26.52,23.93,57.73,1496.55,5.38,Sugarcane,Harvest,Yes,Central
Clay,6.33,61.14,34.61,54.25,2231.45,3.83,Wheat,Flowering,No,West
Silt,6.65,25.33,12.37,84.63,369.07,15.35,Cotton,Vegetative,Yes,Central
Loamy,5.14,61.57,13.13,93.54,288.93,1.82,Potato,Sowing,No,West
Loamy,7.97,22.26,19.67,49.84,2499.47,19.16,Potato,Harvest,No,South
Sandy,6.07,25.93,38.68,45.62,2064.9,0.65,Cotton,Flowering,Yes,West
Sandy,5.07,43.82,17.07,78.91,1743.55,13.2,Wheat,Flowering,Yes,East
Silt,6.12,51.41,41.91,56.49,997.45,3.11,Maize,Flowering,No,Central
Silt,6.84,36.58,36.17,40.23,2134.91,11.17,Wheat,Sowing,No,West
Silt,6.55,58.28,25.68,37.67,2306.93,4.15,Sugarcane,Vegetative,Yes,South
Clay,7.16,10.29,34.44,44.64,1831.02,1.17,Cotton,Harvest,Yes,Central
Sandy,4.99,60.57,27.56,25.09,995.24,17.27,Wheat,Sowing,No,South
Clay,5.77,19.19,28.98,90.9,1458.84,8.77,Cotton,Vegetative,Yes,Central
Sandy,7.59,58.4,29.42,55.12,246.29,5.87,Cotton,Sowing,No,South
Sandy,5.07,30.85,31.46,30.8,395.05,18.97,Potato,Flowering,Yes,South
Loamy,7.71,55.47,13.82,36.55,1957.59,2.1,Cotton,Sowing,Yes,South
Sandy,5.11,46.28,30.49,47.63,73.29,7.3,Potato,Vegetative,No,Central
Sandy,7.64,18.03,33.51,63.62,122.99,3.96,Wheat,Vegetative,No,West
Clay,6.03,60.33,21.32,74.26,1270.06,19.83,Wheat,Vegetative,No,Central
Sandy,6.88,21.99,41.36,46.55,426.32,11.15,Potato,Sowing,No,East
Clay,5.32,21.92,16.33,92.03,734.26,16.34,Potato,Harvest,Yes,South
Silt,5.02,54.41,39.31,78.22,997.08,3.69,Rice,Harvest,No,South
Sandy,5.53,14.03,32.29,82.81,1305.64,6.44,Wheat,Vegetative,Yes,Central
Sandy,5.23,20.66,31.93,47.66,708.84,12.58,Potato,Sowing,Yes,West
Clay,5.86,36.71,38.28,51.67,1208.87,3.97,Sugarcane,Vegetative,Yes,West
Silt,6.55,55.34,36.95,62.66,926.71,10.25,Maize,Vegetative,No,East
Loamy,6.8,16.41,22.36,56.62,202.58,18.67,Rice,Harvest,No,West
Silt,7.49,39.22,33.16,43.19,2167.82,18.64,Cotton,Vegetative,No,Central
Clay,7.03,48.54,13.52,94.81,703.41,7.42,Wheat,Sowing,No,North
Silt,6.87,57.05,25.92,84.39,1523.43,10.56,Maize,Vegetative,Yes,Central
Clay,6.2,61.33,40.13,41.66,1424.5,4.37,Maize,Harvest,No,North
Clay,6.41,52.72,20.22,87.47,497.92,19.58,Maize,Flowering,Yes,South
Loamy,6.21,45.21,13.5,66.08,74.9,10.64,Cotton,Vegetative,No,Central
Sandy,7.66,32.72,29.49,25.88,2142.33,4.52,Potato,Vegetative,No,North
Clay,5.58,14.39,22.65,49.23,1244.22,16.97,Rice,Sowing,No,South
Clay,4.82,48.46,23.39,26.8,1036.17,8.7,Maize,Vegetative,No,North
Loamy,7.01,64.59,29.47,31.14,1907.28,12.9,Rice,Harvest,No,West
Clay,5.49,50.0,30.65,37.53,82.9,16.95,Sugarcane,Sowing,No,South
Sandy,7.83,8.95,25.12,58.91,1913.04,6.53,Sugarcane,Flowering,No,South
Loamy,7.72,36.29,27.23,51.69,1022.29,11.77,Maize,Flowering,Yes,Central
Sandy,5.06,43.03,41.8,35.43,1379.06,1.59,Potato,Harvest,No,East
Sandy,5.16,47.31,40.71,52.62,1881.1,5.07,Maize,Harvest,Yes,North
Loamy,6.48,49.02,33.22,46.3,1367.03,3.21,Sugarcane,Sowing,Yes,East
Clay,6.87,39.81,16.84,53.71,154.43,13.06,Rice,Vegetative,No,West
Sandy,5.73,20.73,22.8,37.06,1821.5,5.47,Rice,Sowing,Yes,Central
Sandy,7.24,61.71,38.49,67.68,1965.85,15.32,Rice,Flowering,No,Central
Sandy,6.82,47.71,24.71,28.12,1154.73,15.34,Wheat,Vegetative,Yes,South
Sandy,5.9,21.5,40.66,52.15,1097.65,15.79,Sugarcane,Sowing,Yes,West
Loamy,4.89,26.37,26.65,87.64,629.81,3.09,Wheat,Sowing,Yes,Central
Loamy,7.35,60.55,37.85,54.38,1610.41,10.76,Wheat,Harvest,Yes,Central
Silt,5.53,58.59,13.06,55.88,2204.97,13.74,Sugarcane,Vegetative,No,Central
Silt,7.64,31.09,25.02,29.76,1639.92,6.79,Wheat,Vegetative,No,South
Sandy,6.23,10.18,33.01,67.38,1928.31,5.57,Wheat,Sowing,No,North
Clay,6.76,10.76,37.91,90.55,2093.64,14.5,Potato,Harvest,No,North
Sandy,7.77,24.18,30.29,45.41,565.36,7.35,Cotton,Vegetative,Yes,South
Clay,7.74,43.86,17.2,52.53,1005.26,5.35,Sugarcane,Sowing,No,East
Sandy,6.06,41.3,38.57,66.17,1089.9,11.48,Maize,Sowing,Yes,East
Silt,5.51,44.13,29.24,31.52,1397.25,12.6,Maize,Harvest,No,North
Silt,7.44,48.89,15.24,91.52,122.96,15.65,Rice,Sowing,Yes,West
Clay,6.27,9.08,25.92,57.73,1471.02,1.3,Rice,Vegetative,Yes,South
Sandy,5.45,13.99,32.97,33.06,221.3,3.9,Maize,Flowering,Yes,West
Clay,7.88,28.49,25.53,48.47,2016.42,15.66,Rice,Vegetative,No,North
Silt,5.47,16.83,38.12,51.17,2407.55,10.87,Wheat,Sowing,Yes,West
Sandy,4.89,12.29,24.71,49.18,724.4,16.22,Potato,Vegetative,No,East
Sandy,4.87,44.53,29.5,73.53,1266.54,9.25,Maize,Flowering,No,East
Clay,6.92,54.47,18.34,49.19,2057.97,9.46,Maize,Flowering,Yes,North
Loamy,7.05,50.9,27.38,47.67,786.64,7.86,Potato,Sowing,Yes,South
Clay,5.86,54.57,18.69,47.55,394.44,13.98,Rice,Vegetative,No,South
Silt,5.89,45.95,18.76,79.45,1847.66,12.01,Rice,Harvest,Yes,East
Silt,5.95,49.91,20.4,46.59,1745.9,8.16,Wheat,Flowering,No,Central
Silt,7.11,23.49,13.33,25.98,1424.86,4.16,Potato,Sowing,No,Central
Silt,5.0,64.6,16.9,50.59,2361.09,0.55,Wheat,Flowering,No,South
Silt,7.96,18.44,24.73,44.48,2387.81,2.28,Cotton,Flowering,No,North
Loamy,5.56,20.23,15.93,88.63,2153.87,2.6,Maize,Sowing,No,North
Sandy,8.2,24.47,16.0,58.45,732.55,11.6,Wheat,Vegetative,No,South
Clay,5.38,63.59,41.04,41.42,563.41,15.3,Wheat,Harvest,Yes,East
Clay,7.42,64.33,24.81,93.71,2089.35,9.41,Wheat,Sowing,No,North
Silt,5.56,53.31,24.11,42.27,1628.4,8.58,Wheat,Vegetative,Yes,South
Clay,5.07,43.86,20.03,78.41,990.32,3.08,Maize,Harvest,No,North
Silt,7.77,37.64,27.37,70.47,1024.39,18.07,Rice,Sowing,No,South
Loamy,7.72,63.33,29.88,57.36,2133.33,14.84,Rice,Sowing,No,North
Loamy,6.17,47.65,24.55,53.41,408.12,8.63,Sugarcane,Harvest,Yes,South
Sandy,7.19,61.85,23.81,86.07,2359.93,2.39,Rice,Sowing,Yes,West
Loamy,6.69,26.04,33.01,58.26,1583.04,17.0,Rice,Vegetative,No,South
Loamy,7.7,27.03,40.49,51.27,1978.39,3.81,Sugarcane,Vegetative,Yes,East
Sandy,5.87,56.72,38.33,49.8,927.17,13.63,Cotton,Flowering,Yes,West
Clay,6.58,16.54,15.56,44.31,1467.24,7.12,Cotton,Sowing,No,South
Silt,6.45,61.92,31.57,53.63,1874.98,17.26,Potato,Flowering,No,South
Silt,6.0,36.93,12.21,33.39,1087.82,11.95,Potato,Sowing,Yes,West
Clay,7.83,60.81,30.99,29.56,1219.84,4.93,Sugarcane,Flowering,Yes,North
Sandy,5.36,27.2,25.93,62.9,1455.2,0.75,Sugarcane,Vegetative,Yes,West
Clay,5.31,48.81,26.73,56.8,158.52,4.64,Maize,Harvest,No,North
Loamy,6.76,35.52,29.64,37.14,2157.97,7.62,Sugarcane,Vegetative,No,North
Sandy,7.04,43.73,34.28,32.48,2166.69,14.31,Maize,Harvest,Yes,West
Sandy,5.46,36.75,33.88,35.03,703.54,4.71,Cotton,Sowing,Yes,East
Sandy,6.13,63.13,13.33,47.07,2199.56,5.6,Maize,Vegetative,No,North
Silt,8.02,47.45,34.09,56.6,1862.99,8.98,Rice,Flowering,No,South
Clay,5.64,22.33,36.89,38.53,1207.98,1.34,Rice,Harvest,No,Central
Sandy,7.07,59.85,14.05,77.89,869.41,15.48,Sugarcane,Vegetative,No,North
Sandy,7.32,24.76,21.69,38.53,998.45,2.04,Cotton,Vegetative,No,Central
Sandy,6.32,29.18,35.76,33.69,1336.05,14.87,Potato,Flowering,No,West
Clay,7.99,13.82,26.79,94.62,1031.3,5.73,Sugarcane,Vegetative,No,North
Silt,7.3,59.3,32.85,56.34,1050.6,9.47,Cotton,Flowering,Yes,East
Loamy,6.36,24.31,27.07,36.9,507.81,8.5,Maize,Vegetative,No,Central
Silt,6.74,22.76,41.35,87.62,1769.53,5.44,Rice,Harvest,No,Central
Sandy,7.15,60.45,40.09,41.18,1523.98,5.49,Wheat,Sowing,Yes,Central
Silt,6.81,53.92,20.43,89.79,2479.75,19.01,Wheat,Vegetative,Yes,Central
Silt,7.79,16.04,23.58,33.33,353.11,6.46,Maize,Sowing,No,Central
Loamy,6.01,51.85,24.94,83.93,284.35,4.07,Wheat,Vegetative,Yes,South
Clay,5.82,60.04,15.13,37.9,1289.83,5.38,Cotton,Flowering,No,Central
Clay,5.53,12.48,24.12,90.68,379.98,14.06,Maize,Harvest,No,Central
Silt,4.93,55.04,35.25,65.2,1526.55,6.52,Wheat,Flowering,Yes,West
Silt,4.95,39.2,37.41,38.29,490.29,3.85,Wheat,Harvest,No,South
Clay,7.76,46.14,38.58,84.14,1207.5,8.58,Rice,Harvest,No,South
Clay,7.11,36.09,12.44,52.34,1528.28,2.79,Cotton,Vegetative,Yes,South
Loamy,7.05,47.77,35.66,76.3,1145.1,8.27,Wheat,Sowing,Yes,East
Sandy,6.89,9.94,27.08,70.04,799.96,17.31,Potato,Flowering,No,Central
Silt,7.69,51.47,18.18,75.0,1955.79,7.77,Rice,Sowing,No,West
Clay,6.43,9.9,26.96,49.06,2136.65,10.53,Rice,Flowering,No,South
Silt,7.76,33.95,37.33,90.72,695.12,15.89,Wheat,Flowering,Yes,West
Silt,6.02,16.61,25.03,64.19,2033.48,10.56,Sugarcane,Harvest,No,West
Clay,7.95,54.94,41.71,30.43,979.09,1.42,Potato,Flowering,No,East
Loamy,7.18,25.88,30.5,29.67,1219.06,4.69,Potato,Flowering,Yes,North
Silt,5.67,33.88,26.69,76.68,579.37,17.94,Wheat,Vegetative,No,East
Loamy,6.72,32.44,20.85,84.5,1564.31,16.14,Rice,Sowing,No,North
Clay,6.61,52.03,12.33,73.67,252.32,15.33,Rice,Harvest,No,North
Sandy,5.27,35.43,30.32,44.42,1479.09,11.18,Wheat,Harvest,Yes,North
Sandy,6.81,52.97,29.32,40.81,2474.3,7.39,Sugarcane,Flowering,No,East
Silt,5.87,12.19,27.5,64.58,1883.67,14.04,Maize,Harvest,Yes,East
Clay,4.98,18.92,28.13,38.77,2237.6,13.44,Sugarcane,Sowing,Yes,South
Loamy,8.03,39.44,37.31,51.54,1160.49,13.03,Sugarcane,Flowering,Yes,Central
Silt,6.98,61.98,21.51,69.01,355.26,10.32,Sugarcane,Harvest,Yes,South
Clay,7.78,12.26,28.51,44.94,721.15,5.56,Potato,Vegetative,Yes,East
Clay,7.1,10.46,32.4,51.28,122.57,8.99,Wheat,Vegetative,No,West
Loamy,6.01,16.92,18.29,50.24,1254.53,10.49,Maize,Flowering,Yes,West
Silt,6.54,44.55,39.74,57.24,1624.17,4.71,Sugarcane,Sowing,No,South
Clay,7.1,30.74,34.11,72.21,1061.21,4.99,Sugarcane,Harvest,No,South
Clay,8.06,55.06,13.6,79.76,1408.01,15.94,Cotton,Vegetative,Yes,North
Clay,5.66,12.1,37.95,71.56,801.76,6.74,Sugarcane,Harvest,No,North
Loamy,7.77,19.2,39.9,26.83,214.65,19.49,Cotton,Sowing,Yes,North
Silt,7.94,25.1,35.81,87.78,1080.0,9.01,Maize,Flowering,Yes,North
Silt,7.08,43.72,24.79,65.68,1369.49,12.37,Sugarcane,Sowing,No,West
Silt,7.97,47.05,41.83,89.42,2456.59,10.33,Rice,Sowing,No,Central
Silt,6.15,15.08,15.73,92.47,868.18,10.12,Wheat,Harvest,No,East
Sandy,8.04,61.8,28.1,57.75,1694.42,17.86,Rice,Sowing,Yes,North
Sandy,7.19,27.44,17.11,89.15,2056.56,2.31,Potato,Vegetative,No,South
Silt,4.94,48.65,25.18,50.58,838.48,7.24,Potato,Vegetative,Yes,East
Loamy,7.88,37.88,39.82,43.23,2324.83,6.08,Potato,Harvest,No,East
Sandy,6.45,20.7,35.83,30.15,847.08,6.86,Sugarcane,Flowering,Yes,East
Clay,6.37,56.24,35.46,56.63,2424.51,18.3,Sugarcane,Sowing,No,South
Sandy,6.73,54.64,22.62,73.21,5.39,1.86,Cotton,Sowing,No,North
Clay,5.31,30.58,40.03,93.38,1585.43,6.03,Maize,Sowing,Yes,Central
Silt,6.4,41.55,23.05,61.49,1974.82,14.88,Rice,Sowing,No,South
Sandy,7.63,22.7,13.2,76.41,700.15,5.16,Sugarcane,Harvest,No,North
Loamy,4.85,47.32,31.13,87.73,292.63,16.75,Wheat,Flowering,Yes,Central
Sandy,5.73,25.61,22.88,63.02,60.92,6.93,Wheat,Flowering,Yes,Central
Sandy,4.81,56.11,16.61,36.67,186.02,2.71,Maize,Vegetative,Yes,South
Sandy,6.21,20.39,40.04,84.37,1357.59,10.62,Potato,Harvest,No,Central
Silt,7.28,8.84,31.12,65.19,2097.92,10.47,Rice,Vegetative,Yes,West
Loamy,7.52,23.3,40.22,78.1,157.83,1.26,Cotton,Sowing,Yes,West
Sandy,8.01,18.89,29.49,71.09,282.95,14.5,Cotton,Harvest,Yes,East
Loamy,6.87,36.97,13.92,29.27,12.76,3.26,Potato,Harvest,No,South
Silt,5.67,19.61,12.9,36.84,705.69,4.66,Cotton,Vegetative,No,North
Clay,7.94,51.5,39.02,45.04,2303.12,11.47,Potato,Sowing,No,Central
Sandy,7.44,21.76,13.16,44.93,690.72,17.87,Cotton,Flowering,No,South
Loamy,6.75,48.3,30.46,83.74,1102.04,0.9,Wheat,Harvest,No,East
Loamy,7.17,40.97,20.94,66.88,447.39,16.54,Wheat,Sowing,Yes,East
Silt,7.94,64.22,32.63,30.84,290.71,15.21,Sugarcane,Vegetative,No,North
Sandy,7.22,64.99,20.54,52.1,455.99,3.65,Sugarcane,Sowing,Yes,East
Clay,6.05,57.56,13.12,63.94,526.08,7.77,Potato,Flowering,Yes,South
Loamy,7.22,51.32,33.93,42.61,325.72,18.17,Rice,Sowing,No,East
Sandy,4.94,30.03,21.33,27.79,1978.88,3.35,Rice,Sowing,No,South
Clay,6.11,50.94,28.52,51.62,1193.11,2.67,Maize,Vegetative,Yes,Central
Loamy,6.18,62.53,35.22,57.28,1349.42,14.84,Potato,Harvest,Yes,Central
Loamy,5.37,9.33,33.08,88.33,936.63,9.68,Wheat,Vegetative,Yes,Central
Clay,4.88,38.66,22.46,88.59,526.86,6.04,Maize,Flowering,No,West
Clay,5.25,20.43,34.43,60.03,234.75,3.85,Cotton,Vegetative,Yes,East
Silt,7.03,39.8,39.77,58.0,189.81,14.58,Sugarcane,Flowering,No,North
Sandy,7.53,34.59,30.3,69.84,462.86,9.07,Sugarcane,Harvest,Yes,East
Sandy,8.16,40.82,33.11,43.07,2125.44,5.17,Maize,Harvest,No,North
Silt,5.98,39.4,37.98,45.0,541.36,18.9,Maize,Flowering,No,West
Loamy,6.84,62.73,37.31,25.18,887.05,11.44,Wheat,Sowing,Yes,West
Clay,7.99,39.47,22.55,30.47,1431.88,7.39,Cotton,Flowering,Yes,South
Clay,5.37,56.24,41.75,37.5,1278.53,14.53,Potato,Sowing,Yes,West
Clay,7.24,26.23,12.86,69.84,1664.55,10.18,Rice,Flowering,Yes,Central
Loamy,7.37,32.97,41.6,39.89,485.79,0.68,Rice,Sowing,Yes,South
Clay,5.1,34.81,19.38,33.69,1310.12,16.89,Maize,Flowering,No,East
Clay,7.73,23.89,25.21,68.14,1919.37,1.79,Maize,Harvest,Yes,South
Silt,7.56,29.65,38.51,70.62,968.77,19.79,Maize,Vegetative,Yes,West
Loamy,4.91,42.12,19.33,29.18,2429.74,7.32,Rice,Harvest,Yes,Central
Sandy,5.11,41.07,18.74,79.1,1444.87,10.73,Sugarcane,Sowing,Yes,West
Silt,4.97,44.28,31.29,67.43,1687.07,19.99,Sugarcane,Vegetative,No,East
Silt,5.94,28.05,33.16,52.79,1147.72,5.75,Rice,Vegetative,No,Central
Sandy,6.53,26.0,12.22,93.82,2144.63,9.52,Sugarcane,Harvest,Yes,South
Silt,6.61,42.86,25.51,25.71,1128.72,15.22,Wheat,Vegetative,No,West
Loamy,5.71,15.57,26.67,63.14,2355.7,9.61,Potato,Vegetative,Yes,West
Clay,7.9,22.42,20.16,36.18,768.73,7.01,Maize,Harvest,Yes,North
Loamy,6.05,10.4,28.38,48.05,2164.55,2.85,Potato,Harvest,No,Central
Sandy,4.95,12.14,16.64,34.32,1598.38,10.5,Cotton,Flowering,Yes,North
Sandy,5.82,21.87,21.71,71.78,1997.64,11.26,Cotton,Sowing,Yes,West
Silt,6.61,9.11,33.4,53.11,94.25,5.04,Sugarcane,Harvest,No,North
Loamy,6.19,21.99,38.21,94.04,693.2,7.01,Rice,Sowing,Yes,East
Loamy,5.73,45.33,29.68,70.77,2117.7,6.32,Potato,Sowing,No,West
Sandy,5.25,11.48,14.25,89.21,795.83,8.83,Wheat,Vegetative,Yes,East
Loamy,7.59,32.89,32.36,41.86,1781.64,16.07,Potato,Sowing,No,North
Sandy,8.19,60.05,38.93,47.31,2480.47,6.99,Cotton,Harvest,Yes,East
Loamy,5.92,53.1,27.13,50.39,442.92,5.81,Cotton,Flowering,Yes,West
Loamy,6.1,25.41,26.81,83.7,1043.86,16.88,Sugarcane,Sowing,Yes,West
Loamy,6.9,60.71,41.74,39.82,412.82,16.32,Rice,Sowing,Yes,South
Sandy,7.24,26.79,31.09,91.27,385.72,15.97,Cotton,Harvest,Yes,North
Silt,6.13,12.13,36.18,28.05,1582.61,14.98,Wheat,Harvest,Yes,South
Loamy,7.88,64.66,31.39,87.29,478.44,17.83,Maize,Harvest,Yes,West
Sandy,6.7,57.59,18.63,56.6,1206.63,14.41,Rice,Flowering,No,South
Sandy,6.33,34.56,20.52,61.81,2444.85,3.8,Potato,Vegetative,Yes,West
Loamy,7.0,45.98,31.97,94.82,832.82,1.14,Maize,Flowering,Yes,West
Loamy,8.04,46.26,25.68,85.9,2184.07,4.05,Potato,Sowing,Yes,West
Silt,7.5,19.09,24.13,88.28,990.91,7.61,Maize,Harvest,No,North
Sandy,4.94,19.4,12.67,65.99,657.16,1.53,Rice,Harvest,Yes,South
Sandy,5.93,34.77,38.53,91.94,840.63,15.26,Wheat,Harvest,No,East
Clay,6.4,59.96,38.53,73.15,319.22,13.01,Potato,Sowing,Yes,South
Sandy,5.87,8.57,25.83,82.35,1697.46,14.5,Wheat,Vegetative,Yes,North
Silt,7.18,52.6,33.02,75.47,1272.55,2.37,Potato,Sowing,No,North
Clay,7.61,11.28,17.33,79.66,1534.58,6.91,Sugarcane,Flowering,No,Central
Clay,7.29,35.26,27.11,69.66,757.73,9.46,Rice,Harvest,Yes,East
Clay,8.16,44.36,25.17,75.85,1633.66,12.25,Rice,Harvest,No,East
Loamy,5.73,47.15,31.7,55.52,411.5,16.15,Potato,Sowing,No,Central
Loamy,7.77,11.33,26.09,74.48,1631.18,19.55,Sugarcane,Sowing,No,Central
Sandy,7.41,31.86,26.95,44.38,202.85,2.1,Wheat,Harvest,No,South
Clay,6.03,41.28,20.87,69.45,1000.68,13.01,Potato,Harvest,Yes,South
Silt,7.3,11.76,13.45,61.66,1524.38,3.13,Rice,Flowering,Yes,South
Loamy,5.15,15.7,39.51,87.9,2138.29,6.35,Rice,Vegetative,No,North
Silt,7.48,45.83,12.37,72.13,2031.04,15.55,Potato,Sowing,No,West
Silt,6.61,37.73,20.44,66.76,1317.38,19.88,Maize,Flowering,No,South
Loamy,5.79,17.22,25.43,46.92,2208.43,10.77,Maize,Sowing,Yes,East
Loamy,7.03,38.51,21.57,85.4,1264.76,7.39,Wheat,Vegetative,Yes,South
Loamy,6.98,60.02,28.56,28.79,1292.92,4.67,Maize,Flowering,Yes,West
Loamy,5.51,8.89,25.85,87.98,1801.38,15.76,Maize,Sowing,Yes,South
Clay,4.9,44.63,19.66,70.71,2194.46,18.12,Wheat,Vegetative,Yes,North
Clay,6.27,12.2,14.64,38.26,1506.79,17.05,Wheat,Flowering,No,West
Clay,6.74,8.37,16.13,88.21,2360.48,10.44,Sugarcane,Sowing,No,North
Clay,7.78,16.59,26.59,47.84,581.47,11.99,Rice,Vegetative,Yes,North
Sandy,7.96,32.11,37.38,36.78,2310.77,16.81,Rice,Harvest,Yes,North
Clay,6.6,53.73,15.02,47.34,554.13,18.61,Wheat,Harvest,Yes,East
Loamy,7.36,24.06,32.32,92.28,1316.04,18.81,Wheat,Vegetative,Yes,Central
Silt,6.29,43.66,35.76,77.69,1990.08,13.95,Cotton,Harvest,No,Central
Clay,7.34,31.44,20.3,89.18,2003.96,4.24,Potato,Harvest,Yes,Central
Sandy,5.5,21.36,32.05,45.92,695.4,6.6,Potato,Vegetative,Yes,East
Loamy,6.06,37.31,32.6,30.77,2464.74,5.69,Potato,Vegetative,Yes,East
Silt,6.96,53.46,33.23,64.39,201.51,3.88,Maize,Sowing,No,North
Silt,4.86,55.45,38.72,58.81,86.96,5.39,Cotton,Flowering,Yes,Central
Clay,7.26,56.25,23.96,75.44,2103.82,17.46,Rice,Harvest,No,Central
Silt,7.64,27.3,19.31,62.99,2047.55,15.52,Wheat,Flowering,Yes,South
Clay,6.16,53.23,28.32,52.75,1782.04,1.35,Sugarcane,Sowing,Yes,West
Clay,6.32,20.09,13.88,25.33,2126.94,3.38,Potato,Vegetative,No,South
Loamy,7.69,50.09,22.02,57.74,343.9,19.7,Rice,Vegetative,Yes,Central
Loamy,7.44,62.06,38.5,33.44,239.22,4.91,Wheat,Harvest,Yes,North
Sandy,5.78,8.78,27.96,89.54,2423.51,12.87,Potato,Sowing,Yes,North
Loamy,5.9,33.1,25.1,89.52,1560.59,4.51,Rice,Harvest,Yes,South
Loamy,7.11,44.92,19.97,81.26,2299.62,5.06,Cotton,Sowing,Yes,West
Clay,6.71,48.0,19.51,36.05,2266.11,10.22,Wheat,Vegetative,Yes,East
Loamy,5.35,18.04,19.1,35.32,1632.85,10.01,Maize,Flowering,No,Central
Clay,5.85,63.41,36.88,64.43,1571.19,13.1,Sugarcane,Harvest,No,Central
Clay,7.86,43.07,41.55,75.92,899.86,3.78,Wheat,Sowing,Yes,Central
Loamy,7.14,17.37,28.04,88.32,372.78,5.62,Rice,Vegetative,No,East
Sandy,8.15,9.17,14.4,87.58,1716.51,12.67,Potato,Harvest,No,North
Sandy,7.41,52.65,34.53,35.87,2044.65,2.4,Potato,Sowing,No,West
Silt,8.0,12.54,38.31,94.68,1361.56,18.23,Wheat,Sowing,No,North
Silt,5.54,16.04,39.94,35.98,127.17,3.99,Maize,Vegetative,Yes,East
Loamy,7.42,40.77,30.86,83.81,362.29,9.05,Maize,Sowing,No,North
Sandy,4.87,42.4,27.21,66.09,254.9,2.62,Potato,Sowing,Yes,North
Clay,7.08,47.15,30.62,72.48,1644.58,13.85,Wheat,Vegetative,Yes,South
Silt,6.4,30.43,12.39,67.28,1411.97,6.87,Cotton,Flowering,No,East
Clay,5.98,52.11,31.66,85.88,1166.25,1.94,Potato,Sowing,No,South
Silt,7.73,63.54,33.29,69.6,1358.52,12.06,Sugarcane,Harvest,No,East
Loamy,7.7,23.45,33.66,84.41,689.89,19.62,Sugarcane,Sowing,Yes,Central
Sandy,4.88,48.07,28.89,35.81,2011.82,17.48,Maize,Sowing,Yes,South
Silt,6.87,60.92,33.0,85.67,821.36,14.21,Rice,Harvest,No,East
Sandy,6.05,47.12,31.16,94.51,1610.75,0.75,Potato,Sowing,No,Central
Clay,6.21,46.82,15.47,71.31,977.19,17.27,Maize,Sowing,No,West
Loamy,7.63,20.76,38.95,93.35,180.42,17.99,Potato,Harvest,Yes,Central
Sandy,5.85,38.5,30.68,40.39,642.38,1.24,Cotton,Flowering,No,West
Loamy,8.01,40.06,33.83,83.05,2412.75,2.89,Potato,Vegetative,Yes,Central
Sandy,5.41,47.91,22.29,36.83,476.34,9.3,Maize,Vegetative,Yes,West
Clay,7.05,64.82,39.58,61.12,262.32,8.34,Cotton,Flowering,No,North
Clay,7.09,9.92,27.08,71.48,727.88,6.24,Cotton,Vegetative,No,South
Loamy,5.66,11.72,32.37,71.22,2194.81,4.36,Rice,Flowering,No,North
Clay,5.9,12.44,40.57,71.96,765.07,11.21,Wheat,Flowering,Yes,South
Silt,7.64,50.35,39.48,47.46,1043.45,15.54,Rice,Vegetative,Yes,West
Sandy,7.39,15.77,31.34,93.16,775.19,18.77,Rice,Sowing,No,South
Clay,5.92,43.48,16.97,25.46,2472.43,6.37,Potato,Harvest,No,West
Silt,6.62,26.51,40.52,68.47,2499.69,14.21,Wheat,Vegetative,Yes,East
Loamy,5.01,34.07,41.52,85.63,1206.93,15.87,Wheat,Harvest,Yes,West
Silt,5.51,20.29,15.1,87.38,1962.06,9.82,Wheat,Vegetative,Yes,East
Loamy,6.45,57.37,25.51,75.41,550.15,18.46,Rice,Flowering,Yes,East
Loamy,5.09,41.41,28.45,65.24,935.74,0.95,Maize,Vegetative,No,South
Sandy,7.67,61.84,14.76,57.01,1698.35,18.06,Maize,Flowering,Yes,Central
Sandy,7.24,40.75,17.69,56.47,715.82,17.9,Rice,Vegetative,Yes,North
Silt,8.01,15.06,28.13,54.76,561.75,3.17,Wheat,Flowering,No,Central
Sandy,7.16,17.74,40.89,73.99,2305.59,9.07,Rice,Flowering,No,Central
Sandy,8.0,64.38,12.83,76.18,610.75,10.56,Maize,Vegetative,Yes,Central
Sandy,6.69,49.36,39.37,61.03,148.19,8.34,Wheat,Flowering,No,North
Silt,6.84,10.81,38.96,76.86,1877.72,17.96,Rice,Sowing,No,West
Clay,8.12,48.12,37.72,61.99,608.17,14.4,Maize,Vegetative,No,South
Sandy,6.98,31.49,23.33,31.81,1125.46,2.91,Wheat,Vegetative,Yes,West
Sandy,4.9,25.51,26.72,84.61,278.89,18.57,Wheat,Vegetative,Yes,South
Silt,7.26,16.78,24.11,85.93,171.29,1.4,Sugarcane,Flowering,No,East
Clay,7.88,55.87,40.43,43.65,1151.11,12.12,Wheat,Sowing,Yes,Central
Sandy,7.5,11.64,27.64,80.05,842.72,10.69,Maize,Sowing,No,South
Loamy,6.79,24.52,14.42,60.78,1264.81,1.91,Maize,Sowing,No,Central
Silt,7.08,25.46,20.22,33.68,2414.46,14.07,Cotton,Harvest,Yes,East
Sandy,8.17,17.17,25.86,52.86,1018.47,19.27,Potato,Harvest,No,South
Sandy,5.11,36.97,40.61,30.36,1506.64,9.44,Maize,Vegetative,No,North
Loamy,7.07,8.67,29.07,80.05,243.99,10.52,Maize,Flowering,No,Central
Loamy,5.76,25.16,32.88,38.74,2214.79,7.99,Maize,Harvest,No,West
Silt,6.98,61.22,14.66,36.51,2014.65,17.57,Wheat,Sowing,No,East
Silt,6.87,25.7,38.32,39.6,1306.02,18.59,Cotton,Vegetative,No,South
Loamy,5.32,28.55,28.17,40.83,458.44,8.24,Potato,Vegetative,No,Central
Silt,5.5,34.97,39.64,72.18,1064.87,17.87,Cotton,Sowing,No,West
Loamy,6.91,40.02,25.36,69.7,743.46,4.49,Rice,Vegetative,Yes,South
Sandy,5.24,54.1,32.49,34.05,2486.29,9.43,Rice,Sowing,No,Central
Loamy,5.7,18.85,26.13,75.71,1227.1,5.41,Cotton,Flowering,Yes,North
Loamy,7.64,57.69,16.28,49.43,1055.58,4.87,Cotton,Vegetative,Yes,South
Clay,5.91,51.18,20.16,57.02,422.65,17.21,Wheat,Vegetative,No,Central
Loamy,6.46,49.19,14.02,33.74,597.77,14.43,Maize,Harvest,Yes,Central
Loamy,8.0,12.95,25.21,74.6,1778.97,1.8,Potato,Flowering,Yes,South
Clay,5.57,9.23,31.48,51.34,1337.27,15.27,Cotton,Flowering,Yes,East
Silt,6.12,41.86,19.31,69.25,895.08,11.67,Potato,Flowering,Yes,Central
Clay,6.86,57.2,26.71,54.91,742.53,15.85,Potato,Sowing,Yes,West
Sandy,7.37,41.31,25.77,28.42,501.85,12.07,Sugarcane,Flowering,Yes,North
Clay,7.87,20.15,28.0,74.24,84.74,7.86,Wheat,Sowing,Yes,East
Sandy,7.91,13.16,17.54,63.68,2442.87,10.15,Rice,Vegetative,No,West
Silt,7.44,47.88,28.02,55.4,1882.78,3.26,Wheat,Sowing,No,West
Clay,5.58,49.14,22.93,39.11,2319.68,6.56,Cotton,Flowering,No,East
Clay,4.88,17.83,20.58,68.7,1031.38,0.94,Sugarcane,Harvest,No,West
Silt,6.1,9.61,29.58,44.26,2173.46,8.42,Cotton,Harvest,Yes,West
Sandy,5.28,31.27,16.44,55.04,640.62,2.28,Potato,Flowering,Yes,West
Clay,7.22,41.21,39.02,28.95,1274.59,13.38,Rice,Flowering,No,West
Sandy,7.05,48.24,40.05,79.37,506.2,18.29,Wheat,Vegetative,Yes,North
Clay,4.95,54.17,31.82,31.3,1925.84,14.94,Rice,Vegetative,No,East
Loamy,7.64,42.8,21.09,87.36,1244.01,4.54,Cotton,Flowering,No,Central
Clay,5.65,14.32,30.78,85.73,1340.68,10.39,Cotton,Harvest,Yes,North
Silt,6.27,46.91,30.05,92.98,2148.64,14.38,Wheat,Flowering,Yes,East
Silt,7.07,64.1,23.74,88.59,1848.04,16.21,Cotton,Sowing,No,East
Sandy,6.26,59.62,20.62,93.0,2415.66,6.02,Maize,Vegetative,Yes,North
Clay,6.3,57.69,17.05,87.11,1013.34,9.8,Wheat,Vegetative,Yes,North
Sandy,5.02,25.22,18.52,32.88,1153.64,2.53,Rice,Harvest,No,South
Sandy,6.16,50.79,31.59,55.64,1538.35,14.66,Sugarcane,Flowering,No,West
Loamy,7.4,56.51,38.58,30.33,1133.28,8.98,Potato,Sowing,Yes,West
Loamy,7.91,46.66,23.55,63.17,1049.04,1.31,Cotton,Harvest,No,North
Silt,6.21,22.28,15.66,62.08,851.43,10.82,Sugarcane,Harvest,No,South
Sandy,6.24,62.37,12.38,89.55,2079.71,15.93,Rice,Flowering,Yes,South
Silt,7.19,33.7,24.18,92.88,1333.72,1.37,Sugarcane,Harvest,Yes,East
Clay,8.01,15.4,18.98,43.18,1518.51,8.36,Wheat,Vegetative,Yes,North
Sandy,5.71,14.26,21.68,65.76,510.19,9.9,Potato,Flowering,Yes,West
Sandy,6.3,44.91,19.25,57.51,629.44,19.99,Rice,Harvest,No,West
Clay,7.51,32.95,31.92,63.27,849.48,4.76,Wheat,Harvest,Yes,North
Clay,6.87,13.39,31.16,62.22,1163.42,16.47,Wheat,Vegetative,Yes,North
Silt,5.18,50.2,39.37,88.99,109.82,3.35,Sugarcane,Harvest,Yes,East
Silt,6.93,53.56,32.99,87.73,2220.98,19.3,Maize,Harvest,No,South
Clay,5.43,49.35,16.95,33.59,2259.28,6.48,Wheat,Harvest,No,South
Silt,6.53,19.53,34.55,49.16,1654.2,3.34,Wheat,Vegetative,Yes,West
Clay,6.6,47.32,17.44,77.69,790.13,7.94,Rice,Sowing,No,Central
Sandy,7.78,8.61,28.76,72.88,963.3,0.8,Potato,Sowing,Yes,Central
Sandy,6.37,25.39,14.31,69.18,1835.13,2.62,Maize,Sowing,No,West
Loamy,5.75,30.73,13.42,94.57,715.73,10.17,Cotton,Harvest,No,North
Sandy,5.59,55.61,25.93,48.59,1522.3,18.84,Wheat,Flowering,No,East
Clay,7.77,30.25,15.15,61.07,2265.68,9.18,Rice,Sowing,Yes,Central
Silt,5.38,8.64,21.2,93.54,1026.12,13.37,Sugarcane,Flowering,Yes,Central
Loamy,6.25,28.08,22.17,73.69,1467.62,14.29,Rice,Harvest,No,South
Silt,5.44,36.44,35.08,70.41,2321.47,1.21,Maize,Vegetative,No,North
Clay,7.43,62.09,21.98,35.83,851.45,6.78,Rice,Flowering,Yes,South
Sandy,6.41,61.64,26.83,42.27,1899.1,19.94,Cotton,Harvest,No,West
Loamy,5.99,18.31,35.18,51.42,1887.8,0.64,Sugarcane,Sowing,No,South
Clay,6.03,18.55,18.15,57.54,2321.24,9.67,Sugarcane,Sowing,No,West
Loamy,7.7,17.31,36.15,59.8,2146.47,16.83,Potato,Harvest,Yes,South
Loamy,6.68,52.97,36.95,88.15,1872.07,6.12,Wheat,Harvest,Yes,North
Sandy,7.24,8.34,41.67,32.5,1591.29,19.93,Maize,Flowering,No,South
Clay,7.85,15.25,25.32,42.38,602.97,9.98,Sugarcane,Sowing,Yes,South
Silt,7.87,38.66,23.12,35.05,1676.62,18.32,Sugarcane,Harvest,No,North
Loamy,5.92,22.11,33.06,76.47,691.11,10.8,Cotton,Harvest,No,West
Loamy,8.04,13.26,13.74,92.94,1100.05,8.25,Rice,Sowing,No,South
Silt,4.88,28.51,13.19,87.58,1774.25,14.35,Cotton,Vegetative,Yes,Central
Clay,6.08,23.63,22.05,75.63,1687.24,19.19,Maize,Sowing,Yes,North
Loamy,7.85,37.13,33.89,26.51,1003.0,7.83,Maize,Harvest,No,West
Loamy,5.73,63.82,15.49,49.29,456.69,17.37,Sugarcane,Sowing,No,Central
Loamy,5.73,15.09,31.07,85.45,1210.36,13.36,Wheat,Sowing,No,East
Clay,5.83,29.25,20.09,70.71,674.93,7.88,Rice,Flowering,No,West
Clay,6.88,61.12,31.55,39.67,638.59,1.58,Rice,Flowering,Yes,South
Silt,6.29,57.98,25.71,57.65,816.98,6.57,Maize,Harvest,No,North
Clay,7.27,30.47,15.45,31.15,1765.59,16.71,Cotton,Sowing,Yes,North
Clay,7.84,47.84,19.42,61.46,1243.21,2.36,Sugarcane,Sowing,No,Central
Sandy,7.09,13.01,18.59,88.07,932.93,11.66,Potato,Vegetative,No,Central
Silt,5.5,48.61,16.94,27.71,2251.49,10.48,Rice,Harvest,No,East
Loamy,7.97,63.45,26.05,67.97,1766.95,13.4,Cotton,Harvest,Yes,Central
Clay,5.7,38.64,40.64,41.32,1236.63,18.81,Cotton,Harvest,No,Central
Loamy,5.31,36.41,31.74,94.33,1053.22,15.16,Potato,Vegetative,No,North
Loamy,5.11,18.68,37.08,29.56,2047.24,10.46,Maize,Harvest,No,West
Sandy,6.72,44.13,41.43,68.21,432.31,16.69,Sugarcane,Sowing,Yes,East
Clay,5.19,41.65,28.22,42.95,1660.38,14.18,Sugarcane,Sowing,Yes,South
Silt,5.27,45.16,19.14,86.77,52.54,17.96,Wheat,Harvest,No,North
Clay,5.82,9.49,39.83,33.54,17.4,14.62,Sugarcane,Sowing,No,Central
Loamy,5.76,39.28,32.97,55.05,2329.46,15.18,Maize,Harvest,Yes,South
Silt,6.85,41.91,40.77,37.98,1284.97,2.14,Potato,Harvest,No,East
Clay,7.58,19.83,31.53,80.96,787.79,0.57,Cotton,Vegetative,Yes,North
Loamy,7.39,19.87,35.25,49.6,1986.74,19.13,Rice,Flowering,No,South
Loamy,5.69,23.74,38.72,38.07,2462.07,5.41,Cotton,Harvest,Yes,South
Sandy,5.63,48.57,34.78,75.81,86.03,3.72,Rice,Harvest,Yes,Central
Sandy,8.08,42.56,28.88,82.21,94.9,3.6,Wheat,Flowering,No,South
Sandy,4.83,56.21,26.16,57.37,2136.96,14.89,Wheat,Vegetative,Yes,South
Loamy,7.79,24.85,36.7,51.52,1391.79,1.4,Potato,Vegetative,Yes,East
Clay,5.48,59.99,35.16,69.25,2206.85,13.39,Wheat,Harvest,No,South
Sandy,8.02,50.39,22.99,70.6,1736.61,11.64,Potato,Harvest,Yes,North
Clay,5.96,30.52,26.95,71.25,1176.46,3.37,Potato,Flowering,No,South
Sandy,6.3,13.43,31.05,44.3,403.36,3.14,Cotton,Flowering,No,Central
Silt,7.2,22.65,12.85,90.89,974.65,3.09,Maize,Vegetative,Yes,East
Silt,6.8,62.54,19.43,39.94,1967.86,5.56,Sugarcane,Sowing,Yes,East
Sandy,5.88,25.69,19.51,51.19,584.79,13.01,Potato,Vegetative,No,West
Loamy,6.68,26.8,38.5,44.86,1780.92,4.53,Potato,Sowing,Yes,South
Sandy,7.28,18.81,21.94,90.18,618.36,13.37,Potato,Flowering,No,Central
Sandy,4.94,53.99,28.35,82.99,1158.84,19.45,Rice,Harvest,Yes,West
Loamy,4.84,23.71,36.95,81.79,213.58,17.31,Maize,Flowering,No,West
Silt,6.36,26.82,19.79,25.33,1137.5,16.06,Potato,Harvest,Yes,Central
Clay,5.25,31.62,15.71,73.01,1531.76,19.01,Sugarcane,Harvest,No,West
Sandy,7.06,32.72,40.45,41.12,1408.3,12.44,Rice,Flowering,Yes,East
Loamy,5.53,31.45,33.14,92.74,1016.17,15.49,Cotton,Harvest,No,Central
Sandy,6.27,36.71,17.31,62.15,924.24,15.59,Rice,Harvest,Yes,West
Loamy,5.47,54.43,36.59,64.53,688.5,19.5,Cotton,Harvest,Yes,East
Clay,6.66,54.7,35.61,49.95,1917.76,13.12,Sugarcane,Sowing,Yes,West
Clay,5.19,53.5,37.13,62.57,1956.6,5.82,Maize,Sowing,Yes,North
Silt,4.88,13.76,20.29,77.48,1207.57,4.32,Rice,Vegetative,No,West
Loamy,4.97,53.58,25.46,64.33,956.4,6.48,Sugarcane,Sowing,No,West
Loamy,8.04,14.85,32.81,69.89,1593.56,15.35,Wheat,Flowering,No,Central
Silt,5.28,15.11,23.72,58.07,1394.33,13.3,Potato,Flowering,No,North
Silt,7.21,62.03,14.1,75.15,1668.14,4.78,Potato,Harvest,Yes,East
Loamy,5.03,54.71,16.09,87.97,765.04,17.27,Potato,Harvest,No,Central
Silt,5.17,39.49,29.91,28.57,1970.87,19.64,Maize,Sowing,Yes,East
Clay,6.53,57.87,23.26,32.51,791.86,15.27,Potato,Flowering,Yes,East
Sandy,6.38,64.39,12.16,72.99,1046.81,1.71,Wheat,Vegetative,No,North
Clay,8.04,42.81,35.01,51.44,331.06,12.74,Potato,Vegetative,Yes,East
Silt,8.01,42.94,24.5,44.71,2138.42,18.78,Wheat,Harvest,Yes,East
Loamy,7.45,51.0,21.41,37.5,1610.68,6.6,Maize,Vegetative,No,East
Loamy,6.85,21.23,33.41,65.08,588.22,11.92,Rice,Sowing,Yes,South
Clay,6.35,17.53,25.65,49.33,2129.3,4.93,Sugarcane,Sowing,Yes,South
Loamy,6.01,51.3,32.84,60.56,1761.98,17.67,Maize,Flowering,Yes,South
Silt,8.02,27.66,12.4,92.1,1105.45,17.46,Rice,Flowering,Yes,West
Clay,6.85,15.7,12.28,78.08,2474.61,7.61,Potato,Harvest,Yes,East
Loamy,6.77,25.95,28.8,80.72,843.02,7.32,Potato,Vegetative,Yes,Central
Sandy,5.59,28.44,41.47,33.69,248.87,0.5,Maize,Flowering,No,West
Sandy,4.96,63.02,20.17,47.75,1833.65,6.69,Maize,Flowering,Yes,Central
Silt,8.01,47.78,32.49,32.44,1892.62,15.74,Potato,Vegetative,Yes,South
Loamy,5.87,38.26,17.17,92.8,147.41,1.06,Rice,Harvest,Yes,East
Silt,6.3,63.23,21.35,72.75,2048.55,4.45,Wheat,Vegetative,No,West
Clay,5.19,59.48,14.34,26.35,1939.85,14.74,Cotton,Vegetative,No,South
Sandy,7.65,37.18,38.42,58.29,2323.99,13.14,Rice,Flowering,Yes,North
Clay,4.89,59.62,21.31,43.45,296.37,19.74,Cotton,Sowing,No,North
Loamy,7.64,31.05,18.91,62.8,1502.02,8.12,Cotton,Flowering,No,South
Silt,5.28,21.13,33.92,37.51,548.56,3.1,Maize,Harvest,No,East
Silt,7.81,21.26,17.98,28.98,998.6,13.46,Rice,Harvest,No,West
Silt,7.28,45.75,19.21,47.62,662.73,2.04,Rice,Vegetative,Yes,North
Clay,5.36,36.56,15.11,45.69,1123.24,2.78,Wheat,Sowing,Yes,North
Sandy,6.72,45.56,40.89,75.19,282.19,11.57,Cotton,Vegetative,Yes,West
Clay,5.86,47.11,19.43,58.22,758.79,9.7,Wheat,Sowing,No,Central
Clay,5.41,9.27,41.87,45.39,177.3,5.64,Sugarcane,Vegetative,Yes,North
Loamy,7.72,11.08,17.28,64.93,1229.58,9.82,Cotton,Vegetative,Yes,East
Loamy,6.17,38.36,12.62,29.99,741.71,17.43,Wheat,Vegetative,Yes,South
Loamy,6.16,18.89,38.87,71.36,1475.77,14.64,Wheat,Sowing,No,West
Sandy,5.38,44.05,29.4,35.31,1141.12,9.37,Cotton,Sowing,No,South
Sandy,6.1,39.47,22.54,44.58,609.63,6.57,Potato,Sowing,No,East
Loamy,7.76,41.39,27.4,44.75,257.35,11.85,Potato,Flowering,Yes,East
Loamy,6.03,25.24,19.82,57.61,1883.29,0.56,Wheat,Flowering,No,South
Sandy,8.04,44.47,31.04,91.72,1582.83,14.79,Sugarcane,Vegetative,No,East
Silt,8.02,55.28,30.49,47.73,82.32,16.15,Rice,Vegetative,Yes,South
Sandy,5.29,64.89,14.41,44.69,2473.41,2.87,Sugarcane,Harvest,Yes,West
Sandy,5.4,55.79,39.32,36.82,1606.23,8.35,Cotton,Vegetative,Yes,West
Sandy,7.73,39.78,25.82,52.44,517.95,3.33,Maize,Flowering,Yes,North
Loamy,6.14,19.03,17.85,37.74,2101.24,19.0,Potato,Flowering,Yes,West
Silt,4.81,46.84,21.22,34.64,2205.25,16.61,Potato,Harvest,Yes,South
Sandy,5.73,61.45,37.99,85.02,1434.21,0.89,Cotton,Flowering,No,Central
Loamy,6.83,20.08,23.5,28.68,2213.93,19.42,Potato,Flowering,No,South
Clay,7.52,22.59,28.86,74.76,72.93,3.27,Potato,Sowing,Yes,West
Clay,5.25,16.49,40.43,39.18,2362.92,2.14,Rice,Sowing,No,East
Sandy,5.18,49.99,31.55,25.82,143.01,1.14,Sugarcane,Harvest,No,South
Clay,7.94,31.17,32.27,80.66,1605.98,15.92,Potato,Vegetative,Yes,East
Silt,7.35,11.57,19.46,74.16,864.74,18.54,Wheat,Flowering,Yes,Central
Clay,6.81,57.87,32.05,48.4,98.28,2.36,Wheat,Flowering,Yes,West
Clay,7.42,39.79,23.81,30.55,2323.22,19.67,Maize,Vegetative,No,Central
Silt,6.26,26.87,39.33,50.25,338.39,6.66,Sugarcane,Vegetative,No,South
Sandy,7.38,27.61,15.89,37.69,2134.36,13.74,Wheat,Sowing,No,West
Sandy,6.06,24.54,20.57,90.28,825.86,19.73,Cotton,Sowing,No,East
Silt,5.63,33.96,13.98,62.07,1852.91,0.67,Wheat,Harvest,No,Central
Silt,7.28,27.21,23.43,92.47,635.55,11.16,Potato,Vegetative,No,North
Silt,6.23,39.23,16.45,49.59,1458.58,13.29,Rice,Harvest,Yes,South
Clay,8.14,52.09,37.35,63.95,1998.88,7.74,Sugarcane,Vegetative,Yes,West
Silt,5.99,46.44,39.75,38.31,1415.45,2.64,Wheat,Sowing,No,Central
Loamy,7.93,24.78,32.08,81.59,766.38,12.61,Wheat,Harvest,No,South
Clay,7.97,38.14,15.1,27.88,583.59,1.42,Rice,Vegetative,No,East
Sandy,5.62,55.89,22.25,73.69,437.01,18.51,Potato,Vegetative,Yes,North
Sandy,7.51,11.89,40.93,52.42,2097.03,9.51,Wheat,Harvest,No,East
Sandy,6.27,12.46,16.09,65.49,1527.36,18.25,Maize,Harvest,Yes,Central
Clay,7.92,39.7,28.69,66.46,1271.69,16.81,Potato,Sowing,Yes,West
Loamy,6.33,44.43,22.59,74.76,623.95,0.57,Sugarcane,Sowing,No,North
Silt,7.33,20.05,41.97,39.3,1084.38,9.45,Wheat,Harvest,Yes,South
Silt,6.39,50.48,20.56,62.2,1550.16,17.81,Cotton,Sowing,No,South
Sandy,5.57,44.84,13.43,54.88,179.7,7.76,Wheat,Vegetative,No,North
Sandy,5.48,60.63,33.07,44.75,901.79,6.8,Potato,Sowing,Yes,Central
Clay,6.25,17.63,21.8,59.7,598.76,13.87,Maize,Sowing,Yes,West
Loamy,7.37,50.83,31.73,91.64,1616.29,14.25,Potato,Sowing,No,East
Silt,6.86,12.77,15.14,91.42,1515.67,13.04,Potato,Vegetative,Yes,West
Clay,7.14,40.22,27.69,44.52,748.54,7.59,Cotton,Sowing,Yes,North
Silt,5.76,39.46,23.26,86.89,104.08,1.74,Potato,Harvest,No,Central
Sandy,6.44,30.14,28.1,86.37,457.03,18.5,Maize,Vegetative,No,West
Silt,4.95,56.14,37.6,42.47,400.16,6.69,Rice,Sowing,No,South
Loamy,7.58,8.25,41.18,66.93,1420.99,16.01,Cotton,Vegetative,No,East
Loamy,8.17,37.65,34.59,85.9,423.23,7.36,Cotton,Harvest,No,East
Sandy,6.18,20.38,35.01,61.05,1205.84,10.15,Maize,Flowering,No,Central
Loamy,4.84,50.38,27.87,50.88,1536.32,7.79,Maize,Flowering,No,East
Loamy,5.38,10.45,14.92,70.55,2198.91,2.09,Rice,Vegetative,Yes,North
Clay,7.02,55.4,32.01,37.07,612.57,6.92,Cotton,Harvest,Yes,South
Silt,6.88,55.77,16.43,36.32,464.78,19.14,Potato,Harvest,No,South
Sandy,7.48,55.47,19.37,83.29,433.13,2.65,Cotton,Flowering,Yes,South
Sandy,5.66,16.7,33.23,27.93,901.07,11.34,Potato,Vegetative,Yes,South
Sandy,7.4,43.93,31.71,81.25,1622.95,19.38,Potato,Sowing,Yes,South
Sandy,7.14,8.82,21.43,45.33,1679.66,0.9,Cotton,Flowering,Yes,South
Sandy,5.9,56.33,35.16,58.82,527.4,1.85,Cotton,Harvest,Yes,East
Loamy,6.65,49.21,40.18,63.05,328.08,18.23,Rice,Harvest,Yes,West
Clay,5.3,38.28,28.36,78.69,1121.69,14.84,Wheat,Flowering,No,Central
Sandy,6.34,49.64,32.33,86.87,352.98,11.13,Cotton,Flowering,Yes,South
Clay,7.8,13.38,20.15,81.3,2032.3,10.96,Sugarcane,Vegetative,Yes,Central
Clay,6.23,38.13,41.12,65.06,209.7,19.51,Rice,Sowing,Yes,South
Loamy,7.65,24.6,20.21,49.36,1880.23,0.91,Potato,Vegetative,No,North
Sandy,6.81,63.44,38.62,61.86,106.62,5.77,Wheat,Harvest,Yes,East
Loamy,5.45,56.86,39.84,27.1,2017.46,6.68,Maize,Harvest,No,Central
Sandy,6.78,49.8,33.59,42.15,1567.88,2.83,Potato,Vegetative,Yes,South
Loamy,6.52,61.22,36.35,50.63,805.93,7.47,Potato,Harvest,Yes,Central
Clay,6.16,27.77,25.74,47.38,1013.8,7.72,Wheat,Harvest,No,East
Sandy,5.21,59.35,39.59,31.66,1684.04,19.2,Maize,Vegetative,No,North
Silt,6.22,26.54,34.28,28.55,464.07,9.12,Sugarcane,Flowering,Yes,East
Clay,5.05,49.77,21.8,54.45,2225.8,18.73,Rice,Vegetative,No,Central
Silt,5.14,49.98,13.05,30.24,1207.22,16.3,Wheat,Vegetative,Yes,East
Clay,6.21,9.05,28.22,45.03,1900.35,14.87,Maize,Sowing,Yes,Central
Loamy,5.84,28.58,37.22,58.24,1266.74,6.95,Cotton,Sowing,No,Central
Sandy,7.95,9.11,37.82,39.7,1130.7,8.83,Sugarcane,Vegetative,Yes,South
Clay,6.08,64.83,37.05,30.57,1174.04,1.37,Sugarcane,Harvest,Yes,South
Loamy,7.38,14.97,18.44,55.25,907.81,7.86,Rice,Flowering,No,East
Sandy,6.6,38.94,24.78,56.39,1831.89,17.47,Rice,Flowering,Yes,Central
Sandy,7.19,53.06,30.41,89.09,2115.38,15.74,Rice,Vegetative,No,South
Clay,5.68,19.47,32.03,33.95,2135.99,16.26,Rice,Vegetative,No,West
Sandy,8.0,35.65,22.04,68.05,302.86,4.82,Cotton,Flowering,Yes,South
Clay,6.6,42.62,32.78,47.38,1903.42,4.6,Sugarcane,Sowing,Yes,South
Sandy,7.63,17.13,29.73,33.65,499.89,13.44,Cotton,Sowing,No,Central
Silt,6.04,52.38,29.0,52.52,30.45,13.2,Rice,Vegetative,No,West
Loamy,5.14,25.06,31.89,54.96,688.65,4.31,Wheat,Sowing,Yes,West
Silt,7.09,20.03,30.1,50.45,732.17,14.53,Maize,Flowering,No,West
Clay,4.83,39.82,17.01,78.6,2024.47,7.83,Wheat,Sowing,Yes,West
Silt,6.42,31.39,38.23,83.74,1855.99,17.79,Sugarcane,Vegetative,No,South
Clay,5.46,60.46,19.22,35.41,211.71,7.61,Sugarcane,Harvest,Yes,East
Sandy,6.93,58.16,34.33,36.75,814.9,4.98,Cotton,Sowing,No,East
Sandy,8.13,35.55,17.29,54.49,628.25,4.32,Maize,Sowing,Yes,South
Clay,6.38,28.48,31.83,47.41,1488.64,18.01,Rice,Sowing,No,North
Silt,7.58,26.55,38.87,82.37,1353.78,17.27,Rice,Harvest,No,North
Sandy,6.53,23.25,12.29,94.78,1697.28,8.8,Wheat,Flowering,No,West
Loamy,6.49,39.04,41.39,37.68,2276.82,5.19,Maize,Sowing,No,East
Sandy,7.96,53.88,12.89,78.38,1052.68,6.05,Cotton,Sowing,Yes,West
Loamy,7.83,25.71,12.34,67.51,1639.81,8.01,Rice,Flowering,No,West
Silt,7.47,18.84,37.73,70.11,2295.88,1.36,Sugarcane,Sowing,Yes,Central
Loamy,5.81,35.1,33.26,43.51,1354.2,1.81,Rice,Harvest,Yes,West
Loamy,6.65,11.93,15.17,31.8,770.7,18.59,Maize,Vegetative,No,South
Loamy,5.56,47.97,40.12,63.03,1007.25,15.44,Potato,Sowing,Yes,West
Loamy,6.31,37.55,32.16,67.95,1886.53,16.37,Sugarcane,Sowing,Yes,East
Sandy,6.45,36.29,15.33,92.41,1800.03,9.83,Cotton,Harvest,Yes,South
Loamy,7.63,25.13,37.82,72.27,1871.04,7.62,Rice,Vegetative,No,South
Sandy,7.85,59.57,26.43,56.06,1858.24,2.29,Sugarcane,Vegetative,Yes,Central
Loamy,6.21,13.16,20.34,94.58,2301.15,11.38,Cotton,Sowing,No,South
Clay,4.86,57.58,36.75,51.13,1910.01,15.0,Maize,Flowering,Yes,North
Silt,7.73,29.47,34.15,36.38,2138.59,4.32,Potato,Vegetative,Yes,South
Loamy,5.39,58.2,30.69,68.26,1434.28,8.09,Cotton,Vegetative,Yes,Central
Clay,6.91,49.54,38.96,43.64,1610.43,18.58,Cotton,Harvest,Yes,Central
Loamy,4.88,13.94,37.84,89.55,2419.3,16.95,Sugarcane,Sowing,No,West
Loamy,6.16,55.4,18.8,54.95,2175.75,16.07,Rice,Flowering,Yes,North
Loamy,8.15,46.88,38.36,35.47,1943.4,1.27,Sugarcane,Harvest,Yes,North
Clay,5.14,9.84,23.22,34.91,1713.79,3.73,Wheat,Vegetative,No,South
Silt,6.24,15.62,24.95,70.47,896.3,6.47,Sugarcane,Harvest,Yes,Central
Clay,5.84,44.23,41.17,50.61,1370.31,6.42,Sugarcane,Flowering,No,East
Silt,7.88,45.77,34.8,50.46,137.82,3.01,Rice,Vegetative,Yes,West
Loamy,7.76,50.56,21.64,67.86,1040.42,6.14,Potato,Harvest,No,East
Sandy,5.61,49.05,31.44,40.51,279.74,8.85,Maize,Vegetative,No,South
Loamy,5.08,45.59,28.18,35.18,1821.6,1.46,Wheat,Sowing,No,West
Silt,6.93,51.68,15.5,71.01,2230.79,8.36,Rice,Sowing,No,West
Clay,5.94,40.78,38.63,25.37,435.21,10.18,Potato,Flowering,No,North
Loamy,7.09,22.87,36.66,88.52,614.21,1.3,Rice,Harvest,Yes,North
Clay,4.91,60.01,35.33,37.81,2142.45,13.65,Cotton,Sowing,Yes,South
Clay,5.25,9.04,28.77,56.35,1464.58,2.06,Wheat,Vegetative,No,South
Clay,7.13,28.89,18.63,39.8,1470.77,13.13,Cotton,Harvest,No,Central
Loamy,5.52,49.55,38.52,40.28,1407.19,19.88,Cotton,Sowing,Yes,West
Clay,7.72,32.35,22.59,83.45,545.65,1.68,Rice,Sowing,Yes,West
Clay,5.0,9.42,12.6,65.95,608.26,5.81,Maize,Flowering,Yes,East
Loamy,5.53,11.76,41.45,46.8,2374.11,3.02,Rice,Flowering,No,Central
Clay,8.2,44.97,37.83,42.58,1808.68,7.7,Sugarcane,Sowing,No,East
Loamy,6.27,63.0,30.68,39.9,226.09,16.79,Maize,Flowering,Yes,East
Silt,7.19,39.46,12.37,63.81,557.35,18.62,Wheat,Vegetative,No,South
Silt,5.42,36.89,18.83,76.16,1567.79,16.87,Maize,Flowering,No,Central
Silt,6.87,26.14,25.56,42.75,708.66,13.98,Wheat,Vegetative,Yes,West
Clay,7.27,22.63,30.84,48.26,629.33,14.49,Cotton,Sowing,No,North
Sandy,5.87,9.2,33.24,75.43,505.87,2.85,Rice,Sowing,Yes,East
Sandy,7.62,23.56,35.65,76.61,464.32,5.35,Rice,Flowering,No,South
Clay,6.85,33.6,28.67,39.51,1533.33,7.6,Sugarcane,Harvest,No,South
Sandy,6.12,19.28,31.69,51.75,2264.62,1.48,Rice,Harvest,Yes,Central
Loamy,6.7,12.98,36.34,85.9,902.83,16.52,Maize,Vegetative,No,North
Sandy,6.76,48.91,33.6,76.81,303.77,5.49,Sugarcane,Sowing,No,South
Clay,5.36,58.99,40.64,36.37,310.75,1.52,Rice,Sowing,Yes,Central
Clay,6.17,61.4,38.24,52.02,2334.22,1.93,Sugarcane,Vegetative,Yes,West
Loamy,5.97,43.23,17.08,93.13,1321.84,19.41,Rice,Sowing,Yes,West
Silt,6.16,11.01,40.42,61.78,1165.71,18.28,Rice,Sowing,No,West
Clay,7.39,50.23,18.13,75.35,2226.85,19.2,Potato,Vegetative,Yes,South
Loamy,6.44,14.28,41.74,31.44,1267.78,19.16,Cotton,Sowing,No,North
Sandy,8.0,46.18,33.04,83.28,1201.5,16.09,Potato,Flowering,No,Central
Sandy,5.8,52.42,30.83,67.33,2316.63,5.88,Rice,Sowing,No,Central
Loamy,6.21,49.37,21.73,37.29,1186.15,6.83,Rice,Flowering,Yes,North
Loamy,7.48,62.26,15.99,51.61,977.4,8.34,Maize,Vegetative,No,South
Clay,6.66,50.07,15.79,30.81,1454.16,15.81,Wheat,Vegetative,Yes,East
Sandy,6.66,47.51,38.0,79.39,2443.08,18.57,Maize,Vegetative,No,South
Loamy,4.98,22.92,24.97,77.14,2409.57,9.09,Sugarcane,Harvest,No,Central
Sandy,6.16,60.71,28.8,59.32,1939.0,6.38,Sugarcane,Flowering,No,East
Loamy,5.72,18.23,39.96,56.64,1248.2,5.24,Rice,Sowing,No,Central
Sandy,8.2,59.58,19.66,57.44,2203.65,5.5,Rice,Harvest,Yes,East
Silt,5.85,25.82,34.92,27.62,1048.46,0.63,Cotton,Harvest,No,East
Clay,7.81,15.42,26.11,50.78,1600.36,5.07,Rice,Vegetative,Yes,Central
Sandy,7.1,55.12,18.38,34.0,448.57,6.25,Maize,Flowering,No,South
Silt,5.96,8.14,37.59,37.94,1653.22,15.62,Maize,Flowering,Yes,West
Sandy,6.65,55.43,32.4,92.35,690.26,11.2,Maize,Flowering,No,East
Sandy,7.66,22.95,14.85,43.32,1929.38,6.96,Maize,Harvest,No,West
Silt,7.8,58.43,28.25,58.85,1035.1,12.14,Wheat,Sowing,No,South
Sandy,5.35,47.41,37.55,87.15,996.02,15.87,Potato,Vegetative,Yes,East
Sandy,5.95,45.97,14.01,53.94,1866.44,12.4,Maize,Harvest,No,North
Clay,5.94,28.82,24.49,62.0,1063.3,1.87,Maize,Flowering,No,Central
Silt,4.94,11.39,36.16,36.82,1785.05,5.2,Sugarcane,Harvest,Yes,East
Silt,6.83,55.31,37.75,44.96,2137.66,6.07,Potato,Harvest,Yes,East
Loamy,7.71,17.74,35.26,60.43,342.2,7.58,Potato,Sowing,No,South
Sandy,6.1,29.22,21.17,50.54,1197.56,0.98,Sugarcane,Harvest,Yes,West
Clay,7.32,42.22,27.21,27.68,2362.28,15.01,Sugarcane,Flowering,Yes,West
Sandy,6.93,35.49,34.24,53.06,2030.45,9.67,Potato,Sowing,No,Central
Sandy,6.08,19.32,16.58,82.06,2434.03,17.98,Potato,Flowering,No,Central
Loamy,5.28,16.02,29.85,33.12,2150.77,10.59,Rice,Flowering,No,West
Sandy,7.21,15.03,33.61,26.31,775.55,19.77,Sugarcane,Flowering,Yes,Central
Clay,7.71,57.19,37.5,33.31,447.88,14.16,Rice,Vegetative,No,West
Clay,7.13,9.8,15.35,73.08,526.35,17.79,Sugarcane,Sowing,No,West
Loamy,4.86,63.69,21.89,80.63,542.23,19.48,Maize,Harvest,No,North
Sandy,5.54,19.32,28.25,28.41,189.34,9.7,Sugarcane,Harvest,No,South
Clay,5.04,14.29,33.03,87.13,2266.99,12.85,Cotton,Sowing,Yes,North
Sandy,6.74,40.89,33.9,68.91,1256.37,18.32,Rice,Sowing,No,North
Sandy,7.37,12.56,19.6,61.27,253.18,11.72,Maize,Harvest,Yes,North
Sandy,5.18,42.34,12.42,42.75,1906.6,1.53,Potato,Harvest,Yes,North
Loamy,7.65,56.49,32.81,51.02,814.1,14.09,Maize,Sowing,Yes,South
Sandy,6.69,10.73,39.27,91.29,177.59,18.75,Maize,Harvest,No,West
Clay,7.15,53.59,35.93,88.81,474.39,15.73,Potato,Sowing,Yes,West
Sandy,8.1,30.49,30.67,68.78,1643.87,15.93,Sugarcane,Harvest,Yes,East
Clay,5.08,17.09,41.33,65.52,1985.02,2.05,Rice,Vegetative,Yes,West
Sandy,7.86,18.04,24.99,39.74,634.19,14.88,Maize,Flowering,Yes,West
Clay,5.23,60.37,27.75,91.73,1442.65,1.13,Maize,Vegetative,Yes,West
Clay,6.14,14.3,12.37,77.88,2.18,18.65,Sugarcane,Harvest,No,South
Sandy,7.69,57.41,40.38,51.76,695.97,18.33,Potato,Flowering,Yes,South
Sandy,7.88,39.02,29.5,82.11,454.08,19.62,Maize,Sowing,Yes,West
Clay,6.52,10.23,23.72,39.83,191.37,6.41,Potato,Harvest,Yes,Central
Silt,6.82,34.48,13.34,39.93,1209.74,11.04,Maize,Flowering,No,East
Loamy,7.21,54.59,22.87,80.37,1577.54,11.79,Potato,Harvest,No,North
Silt,7.63,49.39,12.11,64.15,115.94,11.36,Wheat,Flowering,No,Central
Silt,5.21,35.86,21.73,63.91,344.73,8.54,Sugarcane,Flowering,No,West
Sandy,7.55,57.02,40.54,65.16,2330.73,19.74,Wheat,Flowering,No,South
Loamy,6.44,14.86,16.63,33.81,557.78,17.79,Potato,Harvest,No,Central
Silt,6.33,59.87,28.36,49.47,1899.97,12.4,Wheat,Harvest,No,West
Sandy,6.24,56.25,17.6,65.12,1869.34,13.13,Sugarcane,Flowering,No,North
Silt,6.53,48.37,35.5,42.33,803.96,14.43,Maize,Vegetative,Yes,South
Silt,8.01,54.62,28.87,60.28,510.29,12.27,Maize,Harvest,No,South
Sandy,6.66,39.0,18.07,63.99,609.88,14.3,Rice,Sowing,Yes,East
Sandy,8.04,46.48,37.99,91.0,1414.75,16.42,Rice,Vegetative,Yes,Central
Sandy,5.41,39.95,35.52,42.2,952.9,19.57,Potato,Harvest,No,East
Loamy,7.26,28.26,40.54,55.76,1238.91,17.06,Sugarcane,Sowing,No,East
Silt,7.56,40.43,12.02,93.71,2029.03,3.02,Cotton,Flowering,No,South
Sandy,7.11,22.68,25.71,38.08,1255.74,11.15,Wheat,Sowing,No,South
Clay,6.86,33.1,42.0,79.6,2488.07,12.82,Potato,Harvest,No,West
Silt,6.72,24.0,36.34,37.4,1664.58,5.68,Sugarcane,Flowering,Yes,West
Clay,7.73,15.0,36.94,84.5,518.12,9.77,Maize,Flowering,No,East
Loamy,7.59,26.35,30.63,59.16,1248.8,18.69,Wheat,Flowering,No,South
Sandy,5.22,56.56,33.39,93.05,2033.54,5.55,Rice,Vegetative,Yes,North
Clay,7.69,29.72,36.16,36.91,545.75,6.69,Wheat,Flowering,No,North
Loamy,6.21,50.64,14.77,73.15,1823.56,18.21,Rice,Vegetative,Yes,South
Sandy,5.66,17.99,32.78,73.67,83.62,2.34,Sugarcane,Harvest,No,East
Clay,7.76,32.19,36.46,75.32,2356.58,17.66,Rice,Harvest,No,East
Clay,6.27,14.55,13.23,32.07,1658.4,6.42,Sugarcane,Harvest,No,West
Loamy,7.55,15.9,20.91,45.2,406.43,10.22,Sugarcane,Harvest,No,East
Sandy,5.7,43.19,21.72,48.66,2185.74,13.04,Maize,Vegetative,Yes,East
Sandy,4.81,42.63,37.64,47.7,204.55,13.11,Cotton,Harvest,Yes,Central
Clay,6.48,20.16,35.41,72.25,1014.82,19.61,Potato,Flowering,No,Central
Clay,5.14,35.04,31.69,28.84,1842.37,1.18,Cotton,Vegetative,Yes,Central
Clay,7.36,57.21,36.14,76.11,2343.52,14.22,Potato,Vegetative,No,West
Sandy,5.74,17.93,25.6,61.86,872.03,16.99,Cotton,Vegetative,No,East
Loamy,6.31,9.1,38.25,37.11,2076.28,11.97,Sugarcane,Harvest,No,South
Loamy,5.1,45.16,19.03,40.83,491.88,19.53,Potato,Harvest,No,Central
Sandy,5.77,11.05,33.14,31.83,87.78,8.64,Potato,Harvest,No,Central
Silt,7.46,63.86,19.25,57.13,71.9,15.12,Sugarcane,Flowering,No,East
Loamy,5.32,42.75,13.2,66.64,1645.43,13.88,Potato,Flowering,No,South
Clay,7.0,34.81,20.52,65.67,385.52,1.11,Maize,Flowering,No,East
Silt,7.92,32.51,26.79,92.37,125.81,11.28,Potato,Vegetative,No,South
Silt,7.11,40.67,37.3,45.72,2441.87,5.59,Maize,Sowing,Yes,North
Loamy,7.56,13.17,27.27,78.35,605.03,10.81,Rice,Vegetative,No,North
Silt,5.17,61.01,17.37,75.62,1156.39,17.74,Rice,Harvest,Yes,East
Silt,5.65,43.66,41.78,29.29,1532.7,12.79,Sugarcane,Sowing,No,East
Loamy,7.84,18.49,20.1,90.1,361.14,12.08,Cotton,Flowering,Yes,South
Loamy,7.23,40.07,41.56,90.19,892.92,13.61,Wheat,Flowering,No,Central
Silt,6.97,15.6,40.09,52.74,1619.27,10.8,Maize,Harvest,No,North
Clay,7.06,9.0,28.27,54.24,1599.4,9.23,Wheat,Sowing,Yes,Central
Sandy,6.21,43.94,14.76,82.37,2105.14,7.8,Potato,Sowing,No,East
Silt,4.95,44.96,32.86,59.65,1093.56,14.15,Wheat,Vegetative,No,East
Silt,7.47,41.27,37.37,80.94,2224.57,15.63,Sugarcane,Flowering,No,Central
Clay,7.11,18.46,25.36,27.53,1705.48,8.75,Rice,Sowing,No,East
Silt,6.41,42.4,19.17,42.52,1405.26,1.35,Cotton,Vegetative,No,East
Silt,7.86,11.22,36.08,31.37,292.84,11.09,Wheat,Flowering,No,South
Sandy,5.94,42.73,28.35,56.79,1436.76,11.69,Maize,Vegetative,No,East
Sandy,5.8,39.58,17.93,84.79,1486.68,9.84,Maize,Vegetative,Yes,West
Sandy,7.77,45.35,40.49,64.89,1897.01,7.52,Maize,Sowing,Yes,Central
Loamy,7.51,59.04,40.44,61.42,1797.85,17.97,Potato,Harvest,No,East
Loamy,6.55,56.47,23.01,50.63,1324.95,9.88,Wheat,Harvest,No,West
Sandy,5.24,63.9,13.92,29.45,1482.07,16.08,Potato,Vegetative,Yes,North
Sandy,5.53,63.65,30.92,78.65,1930.86,12.94,Rice,Sowing,No,West
Loamy,7.03,52.02,21.52,64.95,878.6,15.85,Cotton,Harvest,No,Central
Clay,6.11,62.52,13.99,90.17,337.43,17.61,Wheat,Vegetative,Yes,Central
Silt,7.64,57.44,38.75,55.24,2185.75,5.25,Rice,Sowing,Yes,West
Silt,8.03,49.47,41.94,53.1,2412.55,16.66,Cotton,Vegetative,Yes,East
Sandy,7.54,12.3,22.51,93.2,1073.26,14.56,Cotton,Vegetative,No,West
Clay,6.08,10.8,34.34,34.88,2475.77,11.44,Potato,Vegetative,No,East
Loamy,7.48,55.74,13.97,42.67,806.74,11.13,Cotton,Sowing,No,South
Sandy,5.99,35.91,23.09,59.17,166.44,6.57,Potato,Vegetative,Yes,East
Clay,5.37,54.43,15.26,61.65,1431.15,11.04,Cotton,Flowering,Yes,North
Clay,4.91,25.84,13.66,63.41,2170.5,7.99,Cotton,Sowing,Yes,North
Clay,6.11,30.67,29.66,39.85,1543.7,17.83,Potato,Vegetative,Yes,Central
Loamy,7.87,47.91,36.06,89.88,23.57,11.85,Rice,Flowering,Yes,North
Loamy,5.61,60.17,25.59,74.25,29.58,6.33,Cotton,Harvest,No,North
Silt,5.5,13.0,27.73,43.09,1810.88,3.32,Wheat,Harvest,Yes,North
Silt,8.1,57.1,20.12,45.59,2113.36,14.03,Rice,Sowing,Yes,West
Clay,4.89,53.2,34.09,86.63,632.59,13.46,Cotton,Harvest,No,West
Clay,7.47,25.99,22.83,51.62,1175.33,7.52,Rice,Vegetative,No,West
Loamy,5.89,28.25,14.02,63.95,2402.73,3.66,Rice,Sowing,Yes,Central
Silt,4.93,10.65,16.97,33.43,1151.44,14.47,Maize,Sowing,Yes,East
Clay,7.92,8.9,15.85,42.62,339.54,5.77,Rice,Vegetative,No,Central
Silt,5.27,35.19,25.08,54.16,2279.13,17.31,Maize,Harvest,No,South
Silt,6.68,13.45,13.96,70.93,1237.92,14.66,Sugarcane,Flowering,Yes,South
Clay,5.73,19.06,36.19,44.62,860.77,17.9,Maize,Harvest,Yes,West
Loamy,5.02,56.27,39.24,91.55,243.58,19.7,Sugarcane,Sowing,No,East
Clay,4.97,40.55,19.45,40.42,1145.67,7.15,Sugarcane,Harvest,Yes,West
Clay,5.19,44.12,26.57,79.52,1924.18,10.33,Sugarcane,Vegetative,Yes,East
Silt,5.04,18.69,27.57,50.52,1792.96,8.37,Maize,Vegetative,No,North
Clay,7.39,55.23,41.55,83.34,1241.47,2.01,Rice,Harvest,No,West
Loamy,6.45,57.47,13.97,89.62,1798.84,8.4,Cotton,Sowing,Yes,Central
Clay,5.97,37.83,32.04,38.09,876.9,9.15,Potato,Harvest,No,North
Loamy,6.22,60.02,22.37,59.4,1838.17,3.88,Sugarcane,Sowing,No,West
Loamy,7.96,56.16,27.05,35.81,214.34,17.72,Cotton,Flowering,No,South
Silt,7.9,49.69,18.51,74.41,498.09,6.2,Rice,Flowering,No,Central
Sandy,7.23,49.84,16.81,83.26,2194.31,15.29,Sugarcane,Flowering,Yes,West
Sandy,7.81,14.01,19.31,52.26,734.14,1.99,Sugarcane,Harvest,No,North
Silt,5.89,23.44,14.14,52.77,514.85,1.09,Sugarcane,Sowing,Yes,Central
Clay,6.1,11.81,20.34,39.27,222.51,19.91,Sugarcane,Vegetative,No,East
Silt,6.89,8.49,32.71,46.46,982.39,2.9,Maize,Sowing,No,North
Loamy,6.92,17.02,31.54,47.67,167.46,15.43,Maize,Sowing,No,East
Sandy,6.44,58.19,28.63,35.89,1242.45,12.29,Wheat,Harvest,No,East
Silt,6.16,21.67,12.01,46.7,2298.01,9.33,Cotton,Sowing,No,Central
Clay,8.15,63.3,15.77,88.51,1967.84,1.22,Cotton,Sowing,Yes,West
Silt,7.59,42.05,37.29,47.78,101.68,6.91,Wheat,Flowering,Yes,South
Sandy,6.28,21.52,20.15,44.21,749.4,18.05,Maize,Vegetative,No,North
Silt,7.27,36.34,39.37,51.92,469.11,18.15,Wheat,Flowering,No,West
Silt,5.72,20.49,38.24,92.22,167.35,12.19,Sugarcane,Vegetative,Yes,Central
Sandy,5.14,64.09,16.65,78.52,271.6,11.71,Maize,Flowering,No,Central
Loamy,6.0,56.29,38.94,39.12,2270.36,8.8,Sugarcane,Sowing,No,East
Loamy,6.17,9.5,30.84,77.68,775.21,15.62,Wheat,Flowering,Yes,East
Sandy,4.86,62.02,30.91,78.64,980.56,17.72,Cotton,Harvest,Yes,East
Silt,7.57,49.1,37.58,91.51,1214.25,14.69,Rice,Harvest,Yes,South
Sandy,6.02,12.7,24.15,87.38,1862.32,10.74,Potato,Harvest,Yes,East
Loamy,6.77,46.23,34.06,31.66,1995.93,12.87,Rice,Harvest,No,North
Clay,5.05,44.87,32.03,56.82,2409.32,4.78,Potato,Sowing,No,North
Silt,5.39,20.47,35.15,74.21,526.7,19.83,Sugarcane,Vegetative,Yes,East
Loamy,7.82,51.23,31.81,93.14,752.67,18.75,Potato,Harvest,Yes,East
Silt,6.87,12.96,14.4,30.96,782.4,19.15,Rice,Flowering,Yes,North
Sandy,8.03,35.9,20.78,50.78,1113.15,3.75,Sugarcane,Flowering,Yes,South
Clay,8.2,8.57,40.2,59.46,2018.51,13.23,Wheat,Sowing,No,South
Sandy,6.06,63.22,18.7,53.93,598.64,13.3,Maize,Harvest,Yes,North
Clay,5.82,50.84,26.17,56.9,1957.3,7.42,Cotton,Sowing,No,Central
Silt,7.72,17.05,22.71,50.84,510.1,17.37,Sugarcane,Sowing,No,North
Silt,8.2,27.48,14.59,92.94,1775.37,15.76,Maize,Vegetative,Yes,West
Sandy,6.94,17.15,17.44,81.23,1997.5,14.53,Maize,Sowing,No,East
Clay,7.5,51.7,20.6,76.57,2134.46,1.06,Sugarcane,Vegetative,Yes,East
Clay,7.46,11.36,25.9,53.75,1275.71,19.82,Cotton,Flowering,Yes,East
Silt,6.01,55.9,38.24,86.71,821.79,14.51,Cotton,Flowering,No,South
Sandy,6.75,61.71,27.47,31.53,1930.96,19.4,Maize,Vegetative,No,West
Clay,7.63,46.57,31.56,35.04,802.29,2.19,Rice,Vegetative,Yes,North
Silt,7.14,20.14,24.78,91.78,370.22,14.04,Maize,Sowing,No,Central
Loamy,4.87,28.53,38.1,64.69,2086.72,15.02,Wheat,Sowing,No,East
Sandy,5.94,35.2,31.88,36.16,1028.1,1.76,Potato,Vegetative,No,South
Loamy,5.29,42.46,14.72,91.44,1427.08,1.76,Potato,Sowing,No,South
Sandy,5.59,46.11,26.33,93.24,2296.11,15.36,Sugarcane,Harvest,No,South
Silt,7.88,39.59,36.82,86.7,339.49,16.05,Maize,Vegetative,No,West
Clay,4.93,28.02,34.01,41.7,1392.96,18.25,Cotton,Flowering,Yes,North
Clay,5.55,58.78,39.16,44.49,1396.91,15.55,Wheat,Flowering,No,South
Clay,5.85,12.64,18.83,53.49,2154.73,5.19,Maize,Flowering,Yes,West
Sandy,6.9,34.58,41.32,65.55,853.15,19.39,Sugarcane,Vegetative,No,South
Silt,6.62,52.21,20.55,94.45,1003.04,5.71,Sugarcane,Flowering,Yes,North
Loamy,5.54,11.47,13.51,91.93,1298.23,14.68,Sugarcane,Harvest,No,West
Silt,5.36,48.2,26.87,89.48,418.0,10.82,Cotton,Sowing,Yes,Central
Loamy,5.61,54.72,15.31,31.25,1176.65,2.89,Potato,Harvest,Yes,North
Sandy,6.51,45.67,32.44,78.0,1090.2,18.58,Sugarcane,Flowering,No,South
Sandy,5.72,8.74,39.02,86.38,493.49,11.96,Wheat,Flowering,Yes,North
Loamy,8.02,18.27,39.64,48.33,2082.56,2.29,Rice,Harvest,Yes,West
Loamy,6.38,27.5,30.21,40.37,1077.58,7.98,Wheat,Harvest,Yes,West
Loamy,5.0,21.32,28.06,77.39,765.16,15.42,Cotton,Vegetative,Yes,East
Silt,7.28,62.87,41.82,31.36,325.94,12.56,Cotton,Harvest,No,South
Loamy,5.92,45.14,29.38,90.86,224.37,4.86,Wheat,Sowing,No,South
Sandy,7.02,24.93,39.82,35.93,2400.57,11.6,Wheat,Harvest,No,East
Sandy,5.75,60.99,39.5,57.03,2487.88,6.52,Wheat,Flowering,No,West
Clay,6.74,50.21,20.69,93.8,2244.81,10.78,Cotton,Vegetative,No,West
Loamy,7.43,24.22,12.41,94.18,1146.58,6.7,Sugarcane,Harvest,Yes,South
Silt,7.96,29.6,25.18,79.32,2019.79,10.18,Potato,Vegetative,Yes,West
Silt,5.69,19.37,37.84,83.74,2085.71,16.92,Cotton,Flowering,No,North
Silt,5.94,63.35,37.08,92.7,749.52,4.63,Sugarcane,Sowing,Yes,West
Clay,6.38,37.49,30.11,89.92,1465.07,0.53,Wheat,Vegetative,No,West
Sandy,7.95,59.08,16.7,68.55,2392.06,3.52,Potato,Flowering,Yes,South
Silt,7.86,27.75,15.23,76.42,700.17,16.92,Potato,Sowing,Yes,West
Sandy,5.11,57.07,40.64,66.56,1657.22,8.59,Potato,Harvest,Yes,North
Clay,5.25,11.07,24.64,60.45,1656.35,14.93,Potato,Harvest,Yes,Central
Loamy,6.48,63.98,31.44,86.66,1131.68,1.1,Sugarcane,Harvest,No,Central
Loamy,5.16,59.99,39.18,76.66,1225.82,3.35,Maize,Sowing,No,Central
Loamy,5.97,28.7,38.1,85.19,1140.96,11.59,Rice,Flowering,No,South
Silt,5.3,52.16,29.01,31.71,1302.69,14.55,Sugarcane,Harvest,No,Central
Loamy,6.96,50.88,26.64,65.35,371.94,15.86,Rice,Vegetative,No,Central
Silt,8.03,59.37,34.06,48.07,1986.87,13.04,Wheat,Flowering,No,North
Clay,8.19,25.51,22.49,60.94,1652.69,15.26,Rice,Harvest,No,North
Clay,6.08,34.53,30.76,67.91,2434.56,3.73,Maize,Sowing,No,Central
Silt,6.84,57.3,12.69,84.2,614.11,13.33,Potato,Vegetative,No,East
Sandy,7.71,52.38,36.73,27.23,364.92,8.79,Cotton,Harvest,No,West
Loamy,5.2,30.43,41.94,36.48,856.39,18.34,Rice,Flowering,Yes,West
Loamy,7.14,56.21,40.64,89.5,1274.35,12.5,Cotton,Harvest,Yes,West
Loamy,6.19,10.68,22.8,92.71,512.52,11.06,Cotton,Flowering,No,South
Silt,5.5,52.58,27.93,28.88,1151.5,11.78,Sugarcane,Harvest,No,South
Clay,6.17,19.79,19.09,48.23,1606.53,16.71,Rice,Sowing,Yes,West
Loamy,5.06,24.31,21.09,25.68,140.43,0.72,Potato,Flowering,No,Central
Clay,7.16,36.11,25.72,78.02,1895.07,17.28,Sugarcane,Vegetative,Yes,East
Loamy,5.66,33.63,34.41,72.74,2349.28,1.07,Potato,Vegetative,Yes,North
Loamy,5.86,37.67,12.54,64.54,670.62,11.86,Potato,Vegetative,Yes,South
Silt,5.21,39.05,23.81,73.42,1940.56,10.3,Rice,Flowering,No,West
Sandy,7.74,26.9,28.69,62.65,1044.84,7.72,Maize,Sowing,No,North
Silt,6.48,17.99,18.46,41.72,1661.08,3.01,Maize,Vegetative,No,Central
Loamy,6.75,51.8,14.35,77.8,1857.54,2.92,Sugarcane,Vegetative,No,South
Loamy,6.74,30.8,28.19,79.83,737.43,14.97,Wheat,Harvest,No,Central
Sandy,6.2,36.83,31.13,84.79,1968.49,2.71,Cotton,Vegetative,No,East
Clay,5.45,44.75,31.23,91.79,262.78,13.9,Cotton,Sowing,No,East
Clay,7.33,59.85,22.7,77.33,2466.81,19.81,Rice,Sowing,No,Central
Loamy,5.23,48.33,19.12,28.82,842.56,13.8,Maize,Sowing,No,South
Clay,5.15,10.59,18.61,26.46,559.51,1.97,Sugarcane,Sowing,No,South
Loamy,7.21,55.8,13.22,76.79,346.64,11.07,Wheat,Sowing,No,North
Sandy,5.51,64.39,17.54,28.92,2030.46,16.77,Rice,Flowering,Yes,Central
Sandy,5.84,34.93,36.56,47.12,1464.73,19.11,Maize,Sowing,Yes,East
Loamy,6.42,63.27,12.09,34.53,2379.18,14.69,Wheat,Harvest,Yes,North
Sandy,6.33,39.2,13.32,92.82,1619.2,6.54,Wheat,Vegetative,No,North
Silt,7.21,34.2,15.81,47.15,851.48,5.4,Sugarcane,Flowering,Yes,West
Silt,6.92,26.89,24.61,28.86,2091.03,15.78,Sugarcane,Harvest,No,West
Sandy,6.99,45.48,22.01,91.47,703.09,15.33,Maize,Sowing,No,South
Loamy,7.23,21.1,17.34,67.61,727.1,9.98,Sugarcane,Vegetative,No,South
Loamy,5.79,13.98,15.33,27.53,70.7,2.19,Rice,Harvest,No,North
Sandy,5.9,9.55,40.17,83.34,630.06,13.6,Cotton,Harvest,Yes,East
Clay,6.29,24.67,39.34,35.68,653.59,12.01,Rice,Sowing,No,Central
Silt,5.85,30.56,35.16,81.17,743.8,0.73,Potato,Vegetative,Yes,South
Clay,8.15,39.47,19.56,67.19,921.57,13.03,Rice,Vegetative,Yes,Central
Loamy,7.57,24.69,21.71,37.4,1441.68,3.08,Wheat,Harvest,No,South
Loamy,5.36,64.09,31.98,77.68,540.98,16.6,Maize,Harvest,No,North
Clay,4.82,24.63,20.75,56.82,1591.9,13.63,Maize,Harvest,No,West
Sandy,4.95,33.14,27.92,69.67,333.29,1.51,Wheat,Harvest,No,South
Clay,5.63,13.89,31.54,85.87,2327.28,10.87,Rice,Harvest,Yes,North
Clay,5.19,22.86,27.58,43.22,65.28,16.21,Rice,Harvest,Yes,South
Silt,6.61,10.75,24.4,50.62,2270.49,16.68,Cotton,Harvest,Yes,West
Silt,7.72,39.89,22.44,94.81,1368.0,2.16,Cotton,Flowering,No,South
Clay,7.3,50.81,35.33,60.57,1775.11,2.04,Maize,Sowing,No,West
Clay,5.53,19.16,34.17,64.1,745.86,15.61,Rice,Vegetative,Yes,West
Loamy,6.16,28.97,32.89,44.98,434.5,5.04,Potato,Sowing,Yes,Central
Silt,6.53,8.95,23.24,54.12,2368.24,12.08,Cotton,Harvest,Yes,West
Silt,7.55,55.85,35.27,60.11,1102.51,12.37,Wheat,Harvest,Yes,Central
Loamy,7.65,52.46,40.73,43.09,1201.28,12.78,Rice,Sowing,No,West
Sandy,7.89,11.61,32.67,41.67,2464.2,7.09,Potato,Vegetative,No,East
Silt,6.53,28.8,24.24,67.03,840.17,1.28,Sugarcane,Sowing,No,South
Silt,7.16,62.45,35.89,37.86,250.48,10.98,Cotton,Flowering,Yes,Central
Sandy,5.18,30.35,30.28,63.74,1467.29,10.54,Wheat,Flowering,Yes,North
Silt,6.72,37.99,38.33,74.43,1387.02,8.95,Wheat,Harvest,Yes,North
Silt,5.65,28.25,33.4,38.88,1932.76,5.95,Sugarcane,Flowering,Yes,Central
Sandy,6.27,41.98,35.1,77.21,2387.7,16.94,Cotton,Vegetative,No,Central
Sandy,6.96,63.75,32.02,50.18,769.19,7.72,Maize,Sowing,No,East
Clay,5.67,64.86,14.76,94.48,1804.49,2.97,Wheat,Vegetative,No,East
Loamy,4.98,52.16,26.55,93.54,1086.26,15.28,Rice,Vegetative,Yes,North
Loamy,4.83,31.05,13.69,80.9,1959.43,12.91,Maize,Sowing,Yes,East
Sandy,4.88,36.18,25.43,48.99,410.69,6.53,Potato,Flowering,Yes,East
Sandy,4.83,28.33,33.49,90.6,1252.14,3.45,Wheat,Harvest,No,Central
Silt,5.18,64.18,24.64,94.91,192.97,9.07,Wheat,Harvest,Yes,South
Clay,5.61,48.34,12.05,57.36,1402.94,1.79,Sugarcane,Harvest,Yes,South
Clay,5.55,33.59,23.08,68.02,422.43,4.84,Cotton,Harvest,No,North
Sandy,8.16,8.69,14.03,25.42,2400.11,19.3,Cotton,Sowing,Yes,Central
Silt,5.84,37.67,35.42,28.05,1385.83,3.43,Potato,Sowing,No,South
Silt,5.23,64.08,35.51,60.04,1323.44,5.86,Sugarcane,Vegetative,Yes,South
Loamy,6.65,37.81,36.19,67.65,2430.83,3.21,Sugarcane,Flowering,Yes,Central
Loamy,7.72,18.4,12.91,46.87,1246.04,18.28,Potato,Flowering,Yes,South
Silt,7.11,9.26,12.97,31.94,1691.82,18.53,Maize,Flowering,No,South
Loamy,5.81,28.22,39.1,79.76,116.7,1.66,Maize,Vegetative,Yes,West
Sandy,6.71,60.34,15.71,54.31,1770.85,18.02,Potato,Harvest,Yes,North
Silt,7.23,64.8,32.1,70.42,260.78,3.28,Sugarcane,Harvest,Yes,Central
Loamy,7.28,61.89,35.86,70.51,1950.59,8.25,Maize,Sowing,No,West
Clay,7.07,49.58,25.44,63.28,2192.11,11.93,Rice,Sowing,Yes,Central
Silt,7.76,39.81,28.39,37.49,788.67,9.52,Potato,Harvest,No,North
Silt,7.76,41.67,18.82,68.13,2195.33,3.15,Sugarcane,Flowering,No,West
Clay,6.77,38.72,39.71,47.55,1206.59,15.94,Potato,Flowering,Yes,Central
Sandy,6.26,48.3,21.05,82.34,1428.94,13.9,Cotton,Sowing,No,South
Clay,6.98,31.88,18.53,38.52,1027.46,18.85,Cotton,Vegetative,No,North
Silt,7.58,46.14,27.76,45.38,1191.36,7.38,Sugarcane,Harvest,Yes,West
Sandy,4.82,14.93,17.72,55.82,2270.68,8.89,Cotton,Flowering,No,Central
Loamy,8.17,23.14,32.6,76.8,2368.24,7.32,Wheat,Flowering,Yes,West
Loamy,5.42,55.65,27.45,75.45,1114.67,1.73,Rice,Flowering,Yes,North
Loamy,6.4,59.51,16.43,48.6,1285.9,1.57,Wheat,Harvest,Yes,South
Silt,7.76,38.72,14.02,60.75,290.44,15.35,Sugarcane,Vegetative,Yes,Central
Clay,5.57,9.8,16.11,41.4,814.05,6.05,Cotton,Harvest,Yes,West
Sandy,6.42,60.84,16.1,78.93,1283.09,10.0,Potato,Sowing,No,South
Loamy,5.25,48.02,21.39,38.77,506.46,19.59,Maize,Vegetative,No,East
Sandy,6.14,31.6,37.0,82.35,1441.33,0.84,Wheat,Harvest,Yes,South
Silt,5.4,42.11,13.72,90.58,1713.21,10.59,Wheat,Sowing,No,East
Loamy,6.04,32.5,15.84,94.41,1624.9,10.61,Cotton,Sowing,Yes,Central
Silt,6.07,34.52,21.09,84.99,1106.28,19.97,Maize,Vegetative,No,Central
Clay,8.18,58.55,28.6,40.52,1923.3,16.77,Sugarcane,Vegetative,Yes,West
Silt,8.18,17.18,34.89,54.16,798.81,1.8,Cotton,Sowing,Yes,North
Silt,5.19,13.91,39.64,31.22,1173.19,3.56,Rice,Harvest,No,South
Clay,7.27,8.16,24.36,36.52,675.39,1.16,Rice,Harvest,Yes,West
Sandy,4.98,25.9,15.18,28.48,1509.07,4.34,Sugarcane,Vegetative,No,North
Clay,4.9,16.4,18.41,69.88,1101.77,4.64,Sugarcane,Vegetative,No,North
Clay,5.16,20.54,20.62,62.32,542.78,2.25,Rice,Vegetative,Yes,Central
Silt,8.08,8.64,35.58,89.19,770.46,10.78,Potato,Vegetative,Yes,East
Sandy,8.0,20.95,32.6,57.41,698.67,19.51,Potato,Flowering,No,West
Loamy,5.46,26.96,18.27,69.96,2277.28,16.17,Maize,Vegetative,No,Central
Clay,5.35,9.8,37.16,53.11,1304.89,4.47,Sugarcane,Sowing,Yes,South
Sandy,5.62,42.65,37.77,83.06,1631.64,15.77,Rice,Vegetative,No,South
Clay,6.55,40.42,38.47,89.85,2336.83,19.65,Maize,Harvest,No,West
Clay,6.74,13.53,20.25,55.22,455.54,16.79,Potato,Flowering,Yes,Central
Clay,5.55,41.92,16.01,30.79,2342.23,9.64,Maize,Sowing,No,North
Clay,7.37,64.92,15.12,36.45,1349.09,5.75,Sugarcane,Flowering,Yes,North
Silt,5.85,61.83,24.0,75.44,2140.54,15.08,Wheat,Sowing,Yes,Central
Sandy,7.94,8.15,24.88,47.77,419.99,15.84,Maize,Harvest,Yes,West
Sandy,7.03,53.34,38.05,79.98,682.34,6.29,Sugarcane,Flowering,No,East
Sandy,6.28,28.16,20.03,77.48,485.43,4.87,Maize,Flowering,No,East
Clay,7.49,11.63,30.81,73.6,1633.55,13.61,Cotton,Flowering,Yes,Central
Silt,7.58,24.87,35.65,82.0,351.9,17.82,Maize,Vegetative,No,Central
Clay,5.79,26.34,20.07,77.96,1981.31,0.9,Wheat,Sowing,No,East
Clay,5.96,37.82,20.01,69.28,626.09,19.75,Potato,Sowing,Yes,North
Sandy,7.98,45.68,32.07,25.3,638.69,4.24,Maize,Sowing,No,Central
Clay,5.36,50.7,33.78,61.1,702.8,7.31,Wheat,Vegetative,Yes,Central
Loamy,4.94,22.02,40.79,66.67,1865.97,1.53,Rice,Flowering,No,Central
Clay,6.34,26.34,37.5,92.25,2310.54,1.58,Wheat,Harvest,Yes,East
Loamy,7.52,25.58,36.66,70.53,2268.78,5.82,Maize,Harvest,Yes,East
Clay,7.42,28.68,32.77,65.28,253.14,11.52,Rice,Vegetative,No,South
Silt,7.93,64.98,15.55,62.88,656.09,18.07,Potato,Harvest,Yes,West
Silt,6.61,52.34,36.28,32.23,1680.45,1.86,Potato,Vegetative,Yes,South
Sandy,5.14,63.57,40.06,54.93,1546.38,11.15,Rice,Vegetative,No,West
Clay,6.8,47.51,23.72,34.4,875.07,8.61,Rice,Sowing,Yes,West
Loamy,7.45,31.16,21.41,28.69,2157.11,19.79,Rice,Vegetative,No,West
Loamy,5.12,30.22,27.67,48.06,326.17,4.15,Maize,Flowering,No,West
Clay,5.39,35.85,40.69,70.18,1597.58,7.71,Sugarcane,Sowing,Yes,East
Loamy,4.84,31.76,13.52,85.68,682.71,1.15,Wheat,Vegetative,Yes,East
Silt,6.82,55.21,33.27,81.73,1317.94,18.33,Sugarcane,Vegetative,Yes,South
Loamy,7.81,34.51,36.44,45.63,968.72,12.64,Sugarcane,Sowing,Yes,Central
Sandy,7.08,24.85,35.66,28.22,2449.34,11.96,Wheat,Vegetative,Yes,North
Silt,8.14,52.17,29.0,53.19,1216.73,1.45,Cotton,Harvest,Yes,South
Silt,5.01,56.7,39.62,47.03,2440.23,2.43,Wheat,Vegetative,No,East
Silt,7.87,31.96,16.04,50.99,637.55,15.91,Cotton,Harvest,No,Central
Clay,7.57,46.07,19.35,64.14,1919.85,11.21,Wheat,Vegetative,Yes,North
Clay,5.87,11.35,21.21,27.13,1792.65,4.38,Potato,Flowering,Yes,South
Silt,8.11,38.18,12.26,50.96,2119.11,11.22,Sugarcane,Harvest,No,Central
Clay,5.78,10.56,23.12,64.1,1734.02,19.38,Sugarcane,Sowing,Yes,East
Loamy,7.82,9.66,16.82,55.17,1705.9,2.52,Potato,Flowering,Yes,South
Clay,7.79,42.94,33.74,71.71,1651.77,19.42,Wheat,Flowering,Yes,Central
Clay,7.38,25.29,24.45,38.03,2462.63,15.61,Rice,Vegetative,Yes,Central
Silt,6.72,50.32,33.13,35.77,570.24,3.31,Cotton,Flowering,Yes,East
Sandy,5.21,59.08,20.81,46.55,75.28,16.39,Rice,Vegetative,No,Central
Sandy,6.61,15.95,15.96,32.12,1694.93,15.01,Cotton,Harvest,Yes,South
Sandy,6.01,49.3,15.96,41.54,430.84,11.69,Potato,Sowing,Yes,West
Loamy,7.49,37.33,18.1,31.08,1698.46,15.6,Sugarcane,Flowering,Yes,East
Clay,7.38,14.39,15.46,53.14,799.21,3.25,Cotton,Flowering,No,South
Sandy,7.9,45.14,18.62,74.8,108.38,14.57,Sugarcane,Sowing,No,West
Silt,4.85,42.74,29.37,45.06,1924.42,13.0,Wheat,Vegetative,Yes,West
Sandy,7.55,37.39,19.69,25.26,129.12,6.05,Potato,Vegetative,No,South
Sandy,7.99,60.81,22.29,63.99,560.35,13.96,Wheat,Flowering,Yes,South
Clay,7.48,37.7,13.58,73.44,841.02,13.74,Maize,Sowing,Yes,North
Clay,5.24,64.46,38.77,52.39,331.87,5.16,Maize,Sowing,Yes,West
Clay,5.08,37.03,16.14,45.79,2283.92,3.38,Wheat,Harvest,Yes,South
Loamy,4.87,14.6,22.46,59.34,1554.59,7.56,Maize,Flowering,Yes,West
Loamy,6.94,34.82,23.38,32.09,2188.49,8.28,Potato,Vegetative,Yes,South
Sandy,6.94,18.39,35.16,70.07,1705.13,16.57,Wheat,Harvest,No,West
Clay,8.16,42.04,26.51,76.33,2479.86,9.0,Rice,Harvest,No,Central
Sandy,6.15,47.51,23.49,74.32,1312.88,14.86,Sugarcane,Flowering,Yes,East
Silt,5.93,34.7,32.88,48.01,134.41,9.52,Wheat,Flowering,Yes,South
Silt,6.92,13.57,29.91,83.99,402.15,1.81,Maize,Harvest,No,West
Clay,7.61,34.71,14.34,91.28,1471.08,13.23,Potato,Sowing,Yes,Central
Clay,7.99,12.64,21.38,45.8,869.32,17.96,Maize,Flowering,No,North
Silt,7.53,46.88,41.36,43.39,282.23,10.61,Maize,Vegetative,No,West
Clay,6.25,53.05,26.5,74.29,595.35,14.19,Rice,Flowering,Yes,West
Loamy,6.96,62.86,24.73,74.58,1186.43,15.69,Potato,Vegetative,Yes,East
Loamy,7.71,16.48,16.5,60.73,1295.45,9.61,Rice,Vegetative,Yes,Central
Clay,6.47,38.35,37.17,89.63,2336.45,5.37,Potato,Harvest,Yes,West
Silt,5.54,40.35,16.0,35.24,226.7,17.27,Rice,Sowing,Yes,East
Sandy,5.38,60.58,15.15,58.42,894.52,16.66,Wheat,Harvest,No,North
Clay,4.8,43.75,25.17,27.46,1265.12,17.26,Sugarcane,Flowering,Yes,East
Clay,7.24,16.29,25.1,28.69,283.17,16.6,Rice,Vegetative,Yes,East
Sandy,5.18,32.87,41.44,28.76,1719.51,3.1,Maize,Sowing,No,Central
Clay,5.63,45.32,15.83,59.43,1287.57,8.59,Maize,Flowering,Yes,South
Sandy,5.81,47.92,26.51,66.23,1148.78,4.23,Rice,Sowing,Yes,East
Silt,6.71,57.2,18.04,25.24,1640.2,3.53,Potato,Vegetative,Yes,South
Loamy,6.15,18.29,33.05,69.28,719.54,15.74,Sugarcane,Harvest,No,North
Silt,7.09,62.24,23.75,59.28,848.32,9.89,Sugarcane,Harvest,No,Central
Loamy,4.99,11.37,31.45,40.67,406.75,2.27,Potato,Sowing,Yes,Central
Sandy,5.22,64.07,22.15,26.06,1309.31,8.42,Sugarcane,Flowering,No,Central
Loamy,6.5,56.89,28.94,35.93,931.02,19.87,Potato,Sowing,No,Central
Silt,5.95,45.64,26.07,67.02,650.83,4.64,Maize,Sowing,Yes,North
Loamy,5.81,49.89,23.23,71.12,311.86,8.24,Wheat,Harvest,Yes,West
Sandy,5.03,12.14,28.13,70.29,58.06,12.09,Cotton,Flowering,No,North
Loamy,7.85,10.36,23.51,35.72,483.38,4.39,Rice,Sowing,Yes,West
Clay,7.15,13.8,36.18,88.79,618.57,19.37,Rice,Flowering,No,West
Silt,5.21,12.98,26.86,53.77,1213.59,12.88,Cotton,Flowering,Yes,East
Clay,5.02,39.2,39.09,78.76,602.49,4.97,Cotton,Vegetative,No,South
Sandy,8.11,20.28,18.68,36.65,2044.13,9.21,Maize,Vegetative,No,South
Loamy,7.12,57.03,15.36,57.94,1185.32,7.54,Maize,Vegetative,Yes,East
Clay,6.22,33.41,23.43,61.51,1559.53,2.89,Rice,Sowing,No,Central
Clay,7.19,47.64,17.51,78.92,519.85,6.05,Potato,Harvest,Yes,West
Loamy,7.37,45.21,23.79,68.51,1040.32,11.3,Wheat,Vegetative,No,South
Loamy,7.45,26.23,18.22,52.95,1506.94,2.22,Potato,Sowing,Yes,Central
Silt,6.42,21.86,38.05,44.78,777.61,1.44,Rice,Flowering,Yes,North
Clay,6.26,27.52,29.04,93.11,840.49,11.06,Rice,Vegetative,Yes,East
Clay,4.84,53.41,26.93,44.92,2018.56,8.96,Rice,Flowering,No,North
Sandy,7.95,41.42,35.63,34.06,2092.95,4.17,Maize,Vegetative,Yes,Central
Silt,6.85,22.45,15.91,46.03,1332.35,14.4,Rice,Vegetative,No,East
Sandy,5.49,54.62,37.71,47.89,2241.03,2.21,Wheat,Harvest,No,South
Clay,7.93,11.12,26.5,33.95,1841.71,5.77,Wheat,Harvest,Yes,East
Sandy,7.91,47.85,16.09,74.57,138.25,2.48,Wheat,Harvest,Yes,North
Clay,8.16,33.03,36.58,68.34,1398.68,14.69,Rice,Vegetative,Yes,Central
Clay,7.77,49.68,25.82,47.16,1744.48,12.84,Cotton,Sowing,Yes,Central
Sandy,8.19,60.87,30.14,94.51,1352.21,4.17,Rice,Sowing,No,West
Sandy,5.63,50.75,38.81,70.85,2079.94,11.37,Cotton,Sowing,Yes,South
Loamy,7.66,33.19,38.72,74.22,752.09,14.08,Rice,Harvest,No,West
Loamy,7.6,16.61,38.78,64.0,163.7,1.17,Wheat,Flowering,Yes,South
Loamy,5.59,53.96,24.51,63.61,1584.05,13.43,Cotton,Vegetative,No,West
Clay,5.13,34.26,34.49,26.4,1827.0,6.57,Wheat,Flowering,Yes,Central
Sandy,8.13,12.29,19.0,78.96,1913.13,3.14,Rice,Harvest,Yes,South
Silt,5.81,48.99,36.94,88.75,27.65,16.51,Maize,Flowering,No,North
Clay,7.76,24.64,22.25,33.56,1683.45,12.32,Cotton,Flowering,No,South
Silt,4.81,10.79,25.92,80.69,51.82,11.16,Rice,Flowering,No,West
Sandy,4.87,59.46,38.74,62.4,1936.97,16.81,Wheat,Sowing,No,South
Clay,6.38,35.54,36.17,44.97,1757.76,5.67,Sugarcane,Sowing,Yes,North
Silt,5.61,24.01,40.58,89.46,1418.53,0.78,Potato,Sowing,No,West
Silt,7.15,48.83,22.9,26.22,1265.81,19.0,Maize,Harvest,Yes,West
Loamy,6.72,58.5,16.53,44.18,1787.77,5.62,Sugarcane,Sowing,No,Central
Loamy,5.06,8.02,39.31,87.04,142.99,12.85,Potato,Harvest,Yes,South
Loamy,5.35,47.21,26.79,58.67,2080.47,19.55,Sugarcane,Vegetative,No,Central
Clay,6.12,51.72,38.68,66.92,503.07,5.06,Maize,Harvest,Yes,North
Sandy,5.43,19.97,33.96,77.48,1194.47,19.86,Wheat,Sowing,No,Central
Sandy,7.49,35.91,38.24,35.36,1217.0,11.0,Sugarcane,Sowing,Yes,East
Loamy,6.21,13.09,31.64,40.06,1942.81,19.2,Sugarcane,Vegetative,Yes,North
Loamy,5.12,50.56,36.37,94.9,482.48,2.18,Rice,Sowing,No,Central
Loamy,6.45,56.3,15.61,41.62,749.37,10.85,Maize,Flowering,Yes,East
Silt,5.11,14.17,41.05,62.74,1657.77,18.92,Potato,Sowing,No,East
Loamy,5.24,54.54,17.43,45.91,1031.93,3.53,Cotton,Flowering,Yes,West
Silt,5.61,51.98,12.74,84.6,747.16,5.87,Sugarcane,Sowing,No,East
Sandy,7.72,27.77,27.92,92.32,1553.56,4.64,Rice,Flowering,No,North
Clay,7.94,47.35,33.36,34.89,216.43,19.33,Maize,Sowing,No,South
Clay,7.61,8.0,33.49,67.04,1974.45,5.64,Potato,Vegetative,Yes,North
Clay,5.94,61.11,22.18,81.81,1311.87,2.86,Potato,Flowering,No,South
Clay,5.73,39.37,34.61,82.61,515.05,16.04,Cotton,Harvest,Yes,East
Silt,6.67,43.36,37.28,55.83,1021.29,10.51,Cotton,Sowing,No,East
Silt,7.25,45.89,30.3,40.78,327.69,12.0,Sugarcane,Harvest,No,North
Loamy,8.18,40.0,23.58,52.1,1541.45,12.33,Wheat,Flowering,Yes,North
Silt,5.25,56.84,30.41,77.58,1673.25,12.45,Maize,Flowering,Yes,South
Loamy,4.97,42.75,37.87,94.56,1013.21,9.36,Rice,Sowing,No,Central
Loamy,7.16,59.74,39.01,63.8,849.23,19.52,Maize,Sowing,No,South
Clay,7.63,41.19,12.95,38.66,2124.46,3.9,Rice,Vegetative,Yes,North
Silt,7.68,17.75,15.67,27.94,1440.17,19.18,Sugarcane,Sowing,Yes,Central
Silt,7.11,60.07,12.14,91.06,1667.55,6.2,Maize,Sowing,Yes,West
Loamy,8.04,46.85,26.77,58.81,318.8,4.2,Sugarcane,Sowing,Yes,West
Loamy,6.54,47.86,25.09,75.16,1783.31,12.7,Wheat,Flowering,No,East
Sandy,7.91,64.17,28.37,71.21,1111.53,17.89,Rice,Sowing,No,South
Sandy,8.09,12.29,32.51,87.36,916.67,7.58,Wheat,Harvest,Yes,North
Loamy,7.68,32.43,22.97,43.63,2323.51,1.97,Rice,Vegetative,Yes,West
Sandy,5.85,21.63,18.26,55.92,134.83,10.96,Potato,Vegetative,Yes,Central
Sandy,5.47,43.93,23.84,88.95,489.02,19.71,Wheat,Sowing,No,South
Loamy,6.66,53.99,12.27,65.99,937.6,8.1,Maize,Flowering,No,West
Loamy,6.34,63.08,36.88,30.0,810.1,0.89,Potato,Harvest,No,South
Silt,7.78,33.91,23.51,38.61,1276.71,10.27,Rice,Vegetative,Yes,North
Loamy,5.14,52.81,30.68,41.61,1002.26,7.98,Sugarcane,Sowing,Yes,South
Loamy,5.68,60.27,21.74,94.56,1970.72,1.8,Rice,Flowering,Yes,South
Clay,7.36,46.95,30.44,40.69,1920.0,17.56,Cotton,Vegetative,No,South
Silt,5.12,21.84,28.21,85.88,1930.94,12.57,Rice,Flowering,Yes,North
Silt,5.89,42.65,18.26,30.47,923.39,3.51,Rice,Vegetative,Yes,North
Silt,6.12,63.29,30.76,37.72,1018.42,18.56,Potato,Sowing,No,Central
Clay,6.92,64.29,15.29,86.04,1801.15,11.74,Cotton,Harvest,No,West
Loamy,5.34,44.61,26.43,87.93,310.5,13.94,Wheat,Sowing,Yes,West
Silt,7.73,58.56,33.6,37.33,2129.8,11.88,Wheat,Sowing,No,East
Silt,6.32,19.42,28.47,41.09,1353.15,19.58,Rice,Harvest,No,Central
Sandy,7.92,22.03,34.39,62.14,2121.36,17.87,Wheat,Flowering,No,North
Silt,6.39,62.31,20.19,28.69,1984.01,0.82,Cotton,Vegetative,No,East
Loamy,5.74,15.71,13.46,91.17,935.96,0.78,Sugarcane,Vegetative,Yes,North
Loamy,5.28,18.89,13.68,50.35,253.9,10.02,Wheat,Harvest,Yes,South
Sandy,4.81,31.97,20.06,59.25,2302.08,6.62,Rice,Harvest,No,West
Silt,6.61,41.61,24.23,32.35,861.51,11.01,Sugarcane,Sowing,Yes,East
Silt,5.16,42.42,28.13,27.28,934.35,7.1,Sugarcane,Harvest,Yes,North
Silt,6.13,24.64,34.73,57.75,2272.62,17.62,Sugarcane,Harvest,No,South
Clay,6.8,60.47,37.19,33.52,2293.37,3.81,Rice,Vegetative,No,Central
Silt,5.74,60.16,32.81,69.12,657.27,1.62,Sugarcane,Sowing,No,North
Loamy,5.4,30.35,25.9,80.61,222.39,7.19,Cotton,Sowing,No,West
Loamy,7.43,32.75,19.93,27.22,2.77,3.21,Sugarcane,Sowing,No,West
Clay,8.02,48.04,24.83,67.86,1095.74,12.03,Potato,Harvest,Yes,North
Clay,5.14,45.79,20.2,82.09,1421.43,9.71,Potato,Flowering,Yes,Central
Silt,5.33,29.79,30.73,55.76,675.85,14.31,Cotton,Flowering,No,West
Sandy,8.06,31.61,36.55,92.18,649.37,1.92,Rice,Flowering,Yes,North
Clay,4.93,27.84,27.55,32.78,891.96,15.21,Rice,Vegetative,No,South
Clay,8.12,21.42,13.38,47.61,657.71,5.89,Potato,Sowing,No,West
Silt,4.82,34.11,40.19,41.11,2146.1,13.59,Rice,Flowering,No,East
Silt,7.77,47.13,20.83,94.73,1607.11,6.17,Sugarcane,Flowering,Yes,North
Clay,5.84,50.29,39.44,45.59,2072.37,16.76,Wheat,Vegetative,Yes,West
Sandy,7.99,52.4,36.39,52.15,2151.2,16.76,Wheat,Flowering,Yes,South
Clay,5.88,29.36,24.39,84.33,1087.52,6.47,Sugarcane,Flowering,No,North
Silt,7.02,51.58,13.7,90.1,1193.94,18.24,Maize,Flowering,Yes,West
Silt,5.07,8.37,40.43,90.64,2444.55,6.76,Maize,Flowering,Yes,South
Clay,5.62,35.19,31.77,64.07,2042.1,17.97,Cotton,Sowing,Yes,South
Sandy,7.43,53.25,19.49,71.43,1994.74,4.27,Wheat,Sowing,Yes,North
Clay,6.6,43.91,28.01,49.44,1459.28,6.11,Sugarcane,Harvest,Yes,East
Clay,7.96,35.02,31.06,67.5,1152.88,17.74,Rice,Sowing,Yes,West
Silt,6.26,44.74,18.8,46.19,2236.53,2.08,Wheat,Flowering,No,West
Sandy,7.76,59.7,14.81,77.22,2011.39,14.18,Sugarcane,Sowing,No,North
Loamy,6.33,40.28,20.02,46.5,1291.97,13.8,Potato,Vegetative,No,South
Sandy,8.13,53.59,13.43,86.56,676.23,19.46,Potato,Sowing,No,Central
Clay,8.06,63.9,14.1,35.04,368.2,19.46,Maize,Harvest,No,North
Clay,5.92,48.22,16.7,65.03,1381.76,9.87,Potato,Harvest,Yes,East
Clay,7.81,40.68,16.75,61.45,740.08,13.34,Potato,Flowering,Yes,Central
Sandy,7.68,10.14,19.44,43.46,660.54,3.54,Maize,Sowing,Yes,Central
Silt,5.52,29.35,40.12,26.96,264.47,4.91,Maize,Sowing,Yes,West
Clay,6.92,40.23,29.27,35.4,86.18,11.39,Potato,Vegetative,Yes,South
Clay,5.05,53.44,24.68,92.76,1958.38,5.13,Cotton,Harvest,Yes,East
Sandy,7.64,32.97,28.91,90.89,269.96,4.73,Sugarcane,Vegetative,Yes,West
Loamy,5.39,62.72,12.17,33.35,2221.52,0.95,Sugarcane,Harvest,Yes,East
Loamy,5.04,23.49,38.84,51.24,534.46,1.93,Potato,Flowering,No,South
Silt,6.16,50.44,27.97,57.56,1899.19,14.37,Rice,Sowing,No,Central
Silt,6.76,31.88,25.55,58.47,2057.5,0.78,Sugarcane,Vegetative,No,North
Clay,7.71,35.7,40.25,45.92,1981.39,17.97,Rice,Harvest,Yes,Central
Sandy,8.11,53.74,33.91,88.91,2182.14,2.03,Potato,Harvest,Yes,South
Clay,6.29,24.88,22.12,88.59,849.3,3.55,Maize,Sowing,No,South
Silt,5.01,13.52,40.08,26.32,2464.72,7.14,Wheat,Harvest,Yes,Central
Sandy,7.35,37.65,37.56,70.5,698.99,14.67,Maize,Harvest,Yes,East
Sandy,6.72,38.14,40.64,30.21,2335.75,14.16,Sugarcane,Vegetative,Yes,Central
Silt,6.32,53.44,14.89,66.82,1093.6,5.31,Rice,Sowing,No,South
Loamy,5.85,63.19,40.66,85.68,142.33,6.88,Maize,Vegetative,No,Central
Loamy,6.51,11.15,28.29,70.47,1962.29,16.51,Sugarcane,Vegetative,Yes,West
Sandy,5.95,41.73,32.17,57.82,1968.53,10.19,Sugarcane,Sowing,No,North
Clay,7.37,46.83,18.37,92.05,493.24,9.43,Rice,Harvest,Yes,North
Loamy,6.65,64.19,16.21,77.26,2058.78,12.85,Potato,Flowering,Yes,North
Clay,7.78,61.73,14.38,42.45,393.95,9.41,Cotton,Vegetative,No,South
Loamy,6.65,48.61,24.67,52.09,378.58,8.96,Wheat,Harvest,No,North
Loamy,5.61,37.74,18.64,78.19,2022.3,16.07,Cotton,Harvest,No,Central
Clay,7.69,17.21,14.45,26.35,725.55,18.66,Maize,Flowering,Yes,West
Silt,6.69,29.9,40.65,29.48,192.19,11.21,Cotton,Vegetative,Yes,Central
Loamy,5.5,41.35,34.0,85.16,2390.86,6.14,Rice,Flowering,No,Central
Loamy,6.92,49.34,27.54,28.01,1392.6,19.02,Wheat,Flowering,Yes,North
Clay,6.02,44.22,34.3,72.5,1120.19,14.19,Cotton,Vegetative,No,South
Silt,7.67,48.7,30.34,47.32,1260.28,13.26,Cotton,Vegetative,Yes,West
Loamy,6.34,32.46,17.34,82.81,1676.13,12.33,Wheat,Sowing,Yes,Central
Loamy,7.27,49.47,31.0,84.31,2154.16,14.94,Maize,Vegetative,Yes,East
Silt,5.12,16.19,32.43,91.73,1681.45,15.62,Rice,Flowering,Yes,South
Loamy,6.15,17.27,19.12,31.69,1848.82,15.93,Wheat,Harvest,Yes,East
Silt,8.14,17.28,21.6,54.6,450.38,19.53,Maize,Sowing,Yes,West
Silt,7.55,58.78,23.5,65.18,960.23,8.52,Wheat,Sowing,No,West
Clay,5.34,12.33,30.08,89.12,1462.02,5.23,Rice,Sowing,Yes,West
Sandy,5.74,53.69,15.8,43.66,1548.52,8.19,Rice,Sowing,Yes,Central
Silt,5.92,21.31,34.3,30.01,676.73,15.45,Cotton,Flowering,Yes,West
Clay,7.01,34.7,22.38,39.12,2437.46,11.04,Cotton,Vegetative,Yes,West
Sandy,7.37,60.21,32.75,59.69,295.46,17.36,Sugarcane,Flowering,No,South
Loamy,7.35,41.4,39.99,72.67,280.7,5.1,Sugarcane,Flowering,No,South
Sandy,6.53,19.98,38.1,73.35,572.88,14.87,Cotton,Vegetative,Yes,South
Silt,7.56,24.19,34.13,30.23,1884.78,5.36,Rice,Sowing,No,North
Silt,6.29,60.47,17.8,78.3,91.38,16.08,Maize,Flowering,Yes,Central
Silt,5.22,32.35,33.96,71.22,2469.66,9.05,Potato,Sowing,Yes,West
Silt,6.72,41.46,31.07,53.53,2469.32,19.79,Cotton,Harvest,No,East
Silt,8.04,34.22,35.18,64.98,399.21,13.54,Sugarcane,Vegetative,Yes,North
Clay,7.5,29.57,38.06,78.74,1003.01,14.96,Rice,Sowing,No,East
Silt,6.77,20.73,21.34,43.35,509.79,1.33,Potato,Vegetative,Yes,South
Clay,7.0,47.11,31.33,90.8,1020.04,14.21,Wheat,Sowing,Yes,West
Loamy,7.96,48.94,20.25,34.64,1332.16,8.67,Cotton,Harvest,Yes,North
Silt,6.26,23.67,22.39,88.16,2056.83,6.8,Cotton,Vegetative,No,East
Silt,5.93,52.97,27.62,76.86,89.52,16.01,Maize,Harvest,No,South
Sandy,8.12,56.71,25.02,71.24,2467.24,4.96,Potato,Harvest,No,East
Loamy,7.74,60.48,30.02,30.8,2351.41,4.05,Rice,Harvest,Yes,North
Silt,5.9,17.19,34.76,89.33,1426.04,7.43,Maize,Vegetative,No,North
Silt,6.38,25.32,30.15,45.67,1202.24,12.77,Wheat,Harvest,No,West
Loamy,6.21,57.04,41.09,77.19,1376.61,5.52,Rice,Vegetative,Yes,East
Clay,5.31,19.32,34.14,86.94,46.1,11.39,Maize,Sowing,Yes,West
Silt,8.06,8.2,41.55,42.1,1844.21,8.0,Wheat,Flowering,No,East
Sandy,6.17,57.64,34.3,89.02,1241.09,8.24,Wheat,Harvest,No,North
Silt,7.78,26.61,27.24,67.84,715.1,4.46,Cotton,Sowing,Yes,East
Sandy,5.44,31.63,24.33,71.13,1153.86,6.78,Potato,Harvest,No,South
Sandy,6.66,33.44,34.07,89.02,731.42,5.84,Potato,Sowing,No,West
Silt,4.88,56.35,32.61,61.87,1749.88,5.25,Rice,Sowing,No,North
Silt,7.4,27.26,32.06,55.85,1536.09,2.08,Wheat,Sowing,Yes,South
Sandy,6.78,58.86,33.65,69.33,970.23,8.94,Maize,Harvest,Yes,West
Loamy,6.93,43.17,38.17,63.78,785.6,5.27,Rice,Flowering,No,East
Loamy,4.98,38.06,18.83,29.3,2195.09,19.24,Wheat,Flowering,Yes,Central
Silt,5.52,26.56,28.95,37.63,1705.6,12.23,Cotton,Vegetative,No,West
Clay,5.05,21.89,30.1,25.95,1789.45,9.51,Sugarcane,Flowering,Yes,North
Loamy,5.78,43.57,20.79,32.57,1546.51,7.09,Sugarcane,Harvest,Yes,South
Silt,6.93,33.47,41.64,76.09,188.08,9.48,Potato,Vegetative,Yes,East
Loamy,6.73,59.9,35.57,25.33,148.16,7.16,Sugarcane,Harvest,Yes,East
Clay,6.88,36.02,21.64,46.31,1072.93,17.21,Wheat,Harvest,Yes,North
Silt,6.67,37.17,22.75,56.45,2326.25,5.49,Wheat,Harvest,No,South
Clay,5.73,31.75,33.55,90.65,1311.77,5.96,Maize,Flowering,Yes,South
Silt,5.63,52.99,12.34,47.89,2189.71,14.34,Sugarcane,Vegetative,Yes,South
Clay,5.27,32.22,25.92,79.82,241.37,18.07,Sugarcane,Sowing,Yes,South
Loamy,7.69,23.35,22.29,53.61,1810.65,13.76,Rice,Harvest,Yes,Central
Loamy,6.9,57.14,37.62,31.89,613.34,2.15,Rice,Flowering,No,Central
Clay,5.43,42.02,35.74,31.92,1311.24,18.03,Wheat,Vegetative,No,East
Clay,5.4,41.72,21.96,55.27,732.3,15.5,Potato,Flowering,No,North
Clay,7.77,42.82,37.94,29.05,1780.83,5.17,Wheat,Harvest,Yes,West
Silt,7.33,48.97,39.41,65.01,1002.22,1.72,Cotton,Flowering,Yes,East
Loamy,7.04,25.84,28.57,59.56,1155.42,14.49,Potato,Sowing,No,Central
Silt,6.18,9.93,16.78,74.18,613.36,5.07,Sugarcane,Harvest,No,South
Loamy,5.69,54.2,35.11,37.99,703.65,10.71,Sugarcane,Flowering,Yes,North
Sandy,8.13,15.35,21.58,66.51,448.69,2.25,Wheat,Flowering,No,East
Silt,7.51,49.14,27.82,37.22,1384.5,11.58,Maize,Sowing,Yes,West
Loamy,5.83,12.69,13.37,75.56,362.49,0.92,Rice,Harvest,Yes,West
Loamy,7.68,29.39,27.0,46.5,670.51,10.91,Sugarcane,Flowering,Yes,South
Silt,7.38,11.59,23.41,68.01,1326.15,16.76,Maize,Sowing,Yes,South
Silt,5.81,37.77,32.58,86.79,687.08,11.82,Potato,Vegetative,No,North
Loamy,6.25,45.23,13.22,59.18,1471.25,17.75,Rice,Flowering,Yes,North
Silt,5.43,17.77,30.75,38.46,35.41,11.2,Potato,Sowing,No,East
Clay,5.18,29.18,35.16,87.03,2433.06,13.9,Cotton,Harvest,Yes,South
Silt,7.26,61.02,12.38,50.1,1824.97,7.64,Potato,Harvest,Yes,North
Silt,5.71,33.22,34.5,76.12,1259.55,6.29,Potato,Flowering,No,South
Silt,7.59,53.74,15.91,47.41,2302.09,7.05,Wheat,Sowing,Yes,East
Loamy,8.19,60.85,32.94,45.88,2174.42,2.5,Maize,Harvest,Yes,South
Clay,5.06,63.54,25.66,69.94,916.39,5.46,Rice,Sowing,Yes,Central
Sandy,6.41,59.2,28.56,35.94,290.32,8.05,Wheat,Harvest,No,South
Sandy,7.53,26.09,22.12,85.69,630.58,7.16,Wheat,Harvest,No,West
Clay,7.48,62.87,19.36,52.13,521.72,10.16,Sugarcane,Vegetative,No,Central
Clay,7.38,54.31,14.13,26.35,1875.14,10.02,Rice,Harvest,Yes,Central
Clay,5.99,55.72,37.94,46.38,1370.27,14.84,Wheat,Flowering,No,South
Loamy,6.34,8.86,30.31,79.95,2125.25,8.22,Sugarcane,Flowering,Yes,East
Sandy,6.82,62.39,41.48,85.16,1224.25,13.71,Wheat,Sowing,Yes,West
Clay,8.11,52.35,37.51,64.75,1924.41,17.87,Rice,Harvest,Yes,South
Loamy,5.91,51.77,38.09,45.59,808.56,9.39,Wheat,Vegetative,No,West
Sandy,7.94,12.65,29.94,61.95,1505.38,11.29,Cotton,Flowering,Yes,North
Silt,5.72,21.26,14.43,83.55,1598.5,13.7,Cotton,Flowering,No,West
Loamy,8.16,62.85,39.4,47.12,1898.22,10.14,Cotton,Sowing,Yes,West
Sandy,7.08,36.54,15.54,51.98,1998.72,3.68,Cotton,Flowering,Yes,South
Loamy,6.38,30.68,27.51,62.78,691.26,6.22,Potato,Vegetative,Yes,East
Sandy,6.89,55.88,37.71,87.1,962.65,1.05,Maize,Harvest,No,South
Sandy,5.73,12.98,26.17,65.75,517.84,13.83,Wheat,Flowering,Yes,West
Silt,5.73,31.77,16.97,39.53,1869.59,5.95,Wheat,Flowering,Yes,Central
Loamy,5.19,29.41,23.2,31.24,676.82,16.56,Wheat,Sowing,Yes,South
Clay,5.19,27.94,41.65,31.65,977.55,13.29,Wheat,Sowing,No,West
Silt,5.98,25.54,41.99,91.52,2007.57,14.85,Sugarcane,Vegetative,No,West
Silt,7.39,19.97,33.33,82.57,849.51,17.71,Maize,Flowering,No,East
Sandy,6.87,17.86,38.64,78.61,728.75,8.8,Wheat,Sowing,Yes,Central
Clay,5.15,44.5,13.33,59.75,1627.95,4.18,Sugarcane,Harvest,Yes,West
Loamy,7.7,60.41,20.28,72.08,2438.43,18.74,Potato,Harvest,No,West
Clay,6.84,37.0,23.07,33.91,156.56,19.92,Maize,Vegetative,Yes,South
Clay,8.07,24.98,12.36,68.46,2086.97,4.75,Sugarcane,Vegetative,No,East
Clay,7.08,17.07,23.31,81.75,304.01,14.95,Cotton,Flowering,Yes,West
Clay,5.4,55.32,14.79,29.35,862.25,1.91,Cotton,Vegetative,No,Central
Clay,6.41,63.38,27.52,45.73,1041.79,1.04,Sugarcane,Harvest,No,North
Sandy,7.0,27.9,12.13,32.72,1796.85,13.67,Wheat,Flowering,No,West
Sandy,4.9,24.58,20.11,43.22,2316.41,5.48,Maize,Harvest,Yes,West
Silt,4.85,42.29,37.99,79.08,255.03,17.42,Rice,Sowing,Yes,West
Sandy,5.24,52.19,18.39,48.24,1862.02,10.5,Sugarcane,Flowering,No,North
Silt,5.66,33.96,13.95,73.28,805.73,15.75,Sugarcane,Harvest,Yes,South
Silt,6.26,43.91,19.49,79.13,2254.78,2.52,Sugarcane,Harvest,No,East
Loamy,6.46,48.84,36.83,82.16,695.54,17.55,Wheat,Vegetative,No,North
Clay,5.27,62.75,29.62,86.14,1734.65,4.2,Sugarcane,Flowering,Yes,North
Sandy,7.09,17.41,29.58,66.83,411.89,11.58,Rice,Sowing,No,East
Loamy,6.83,64.85,12.02,44.64,2394.87,12.39,Cotton,Sowing,Yes,South
Sandy,5.8,30.35,26.16,35.54,10.81,1.79,Cotton,Vegetative,No,Central
Silt,4.85,49.22,19.97,60.26,582.13,19.56,Maize,Sowing,No,North
Sandy,5.06,40.63,22.09,32.25,1689.86,6.39,Maize,Harvest,No,North
Clay,6.13,35.74,29.96,88.75,2133.81,14.43,Cotton,Flowering,No,Central
Silt,5.32,47.79,38.23,55.97,2483.89,12.82,Rice,Flowering,Yes,South
Silt,6.08,30.56,17.45,86.11,433.15,1.15,Rice,Sowing,No,South
Loamy,6.94,15.19,35.05,74.65,767.86,17.32,Wheat,Harvest,No,South
Clay,6.66,35.87,13.47,85.01,2229.63,6.44,Cotton,Vegetative,Yes,East
Silt,5.59,37.75,21.8,86.88,81.25,5.36,Cotton,Vegetative,No,East
Clay,5.97,19.51,18.57,28.73,1833.3,1.64,Maize,Sowing,Yes,West
Sandy,6.89,61.33,39.47,75.77,1057.63,5.38,Wheat,Harvest,Yes,South
Clay,7.73,20.97,17.34,40.86,1722.05,12.59,Cotton,Vegetative,No,West
Silt,7.36,31.33,29.36,94.25,1312.25,4.42,Maize,Flowering,No,South
Loamy,6.68,16.83,16.94,79.49,1567.78,9.6,Maize,Vegetative,Yes,West
Silt,6.03,38.54,26.2,25.26,1666.66,16.09,Potato,Vegetative,Yes,South
Clay,6.04,25.54,24.4,89.92,1578.11,19.13,Maize,Sowing,No,West
Clay,7.79,35.89,13.24,45.46,1661.41,14.16,Maize,Sowing,Yes,North
Silt,4.93,20.8,36.78,54.17,1420.87,4.32,Rice,Harvest,Yes,East
Clay,8.16,11.07,35.4,67.86,1784.74,7.97,Sugarcane,Flowering,Yes,Central
Sandy,7.06,52.42,20.34,89.14,1940.06,11.3,Maize,Harvest,No,North
Silt,7.12,44.54,30.42,89.91,1969.84,17.49,Rice,Sowing,No,Central
Loamy,4.93,27.42,22.88,64.44,2133.78,11.18,Potato,Sowing,No,North
Silt,6.86,10.71,35.08,47.17,791.01,10.08,Sugarcane,Vegetative,Yes,North
Sandy,6.45,57.34,32.77,44.54,1864.43,5.56,Rice,Harvest,Yes,South
Sandy,5.16,17.68,14.71,50.51,2366.65,10.24,Sugarcane,Flowering,No,East
Sandy,5.74,61.05,37.33,37.64,918.67,6.71,Rice,Vegetative,Yes,Central
Sandy,7.83,35.28,17.38,71.89,1944.1,11.51,Wheat,Vegetative,No,East
Sandy,6.67,27.4,17.22,61.95,728.66,16.27,Rice,Harvest,No,East
Loamy,6.21,50.28,34.01,79.14,438.92,18.94,Wheat,Sowing,No,West
Clay,5.05,57.98,17.5,31.59,1116.07,16.29,Sugarcane,Harvest,No,North
Sandy,7.23,29.13,15.67,52.99,2016.33,16.65,Cotton,Sowing,No,West
Sandy,7.19,31.22,22.07,41.79,767.81,7.48,Cotton,Vegetative,Yes,East
Silt,6.89,32.69,37.16,62.46,737.35,14.06,Maize,Flowering,Yes,East
Loamy,6.53,60.57,17.3,57.78,694.19,8.07,Potato,Flowering,No,East
Loamy,6.27,47.48,22.17,56.47,545.3,0.97,Sugarcane,Sowing,No,Central
Clay,6.82,22.12,20.59,47.1,1527.78,17.75,Potato,Flowering,No,Central
Loamy,5.59,18.54,22.68,75.88,608.34,1.52,Rice,Harvest,Yes,East
Silt,8.0,21.13,33.43,58.71,2337.26,2.75,Maize,Sowing,Yes,North
Silt,6.8,23.02,24.16,39.16,864.83,0.86,Rice,Vegetative,No,North
Clay,5.86,21.12,34.79,63.32,1356.0,1.81,Cotton,Flowering,Yes,South
Silt,6.33,45.53,31.21,66.77,1022.93,1.65,Maize,Sowing,Yes,Central
Sandy,7.54,14.61,22.83,26.5,2406.79,13.71,Sugarcane,Flowering,Yes,Central
Sandy,5.35,30.08,24.97,39.26,1060.03,17.14,Sugarcane,Sowing,Yes,North
Silt,5.8,43.63,33.11,41.97,1409.24,16.04,Maize,Flowering,Yes,Central
Clay,7.11,24.58,28.04,42.37,1908.56,12.71,Potato,Flowering,No,East
Loamy,5.87,11.72,38.05,41.72,428.24,15.83,Potato,Harvest,Yes,East
Clay,7.49,12.66,40.0,44.01,81.6,9.4,Maize,Sowing,No,South
Loamy,5.24,15.18,33.53,43.39,1137.3,18.17,Rice,Vegetative,Yes,Central
Silt,7.39,55.64,41.68,86.88,1376.6,9.47,Rice,Sowing,Yes,East
Silt,5.03,45.5,29.9,47.38,717.65,1.05,Sugarcane,Harvest,No,East
Sandy,4.84,11.68,13.19,49.48,1156.26,14.2,Sugarcane,Vegetative,No,Central
Loamy,7.85,30.29,27.15,43.63,1537.9,16.7,Maize,Harvest,No,North
Clay,6.78,23.88,18.9,92.73,2433.18,4.88,Potato,Sowing,No,West
Silt,6.0,40.95,22.01,62.48,1504.44,6.7,Wheat,Vegetative,No,South
Clay,5.59,37.8,26.7,67.74,1122.14,14.05,Maize,Vegetative,Yes,West
Sandy,6.9,35.42,20.85,76.48,56.32,11.69,Maize,Sowing,No,West
Loamy,6.53,25.93,21.29,48.36,776.46,17.85,Potato,Vegetative,No,West
Loamy,8.17,15.85,24.06,92.81,896.21,9.81,Cotton,Vegetative,No,East
Silt,8.14,50.32,20.59,35.66,1192.36,13.61,Potato,Harvest,No,Central
Loamy,6.96,58.15,17.09,57.05,1955.43,5.8,Maize,Sowing,No,South
Silt,6.31,61.82,34.97,35.18,1939.72,18.62,Cotton,Vegetative,No,North
Sandy,6.47,11.34,23.86,80.33,2113.21,7.71,Rice,Vegetative,Yes,South
Loamy,7.12,50.17,36.95,32.51,724.98,11.02,Wheat,Vegetative,Yes,West
Silt,5.15,49.41,38.48,63.77,866.15,12.52,Potato,Sowing,No,South
Clay,5.92,61.99,34.53,32.34,375.6,5.46,Maize,Harvest,Yes,Central
Silt,5.06,22.42,23.9,56.69,2143.54,6.68,Potato,Harvest,No,East
Loamy,5.05,50.3,33.64,44.62,1630.59,10.3,Rice,Sowing,Yes,North
Sandy,5.47,11.11,16.66,88.23,193.87,5.78,Maize,Vegetative,Yes,North
Loamy,6.45,43.98,31.83,28.72,759.14,3.04,Maize,Vegetative,Yes,East
Loamy,7.47,28.0,24.18,70.5,381.81,16.81,Rice,Harvest,Yes,South
Silt,6.45,51.83,31.67,73.67,2423.07,6.83,Maize,Harvest,Yes,Central
Clay,5.94,57.21,34.64,87.23,811.51,8.61,Wheat,Flowering,No,Central
Loamy,5.08,28.79,28.88,86.44,1241.17,11.17,Maize,Flowering,No,East
Clay,6.67,37.96,31.27,93.39,794.76,16.93,Cotton,Vegetative,No,East
Silt,5.72,14.69,18.41,42.77,1185.74,3.24,Potato,Flowering,No,South
Clay,6.89,31.76,29.78,44.24,2496.56,12.71,Rice,Harvest,Yes,South
Silt,8.12,28.57,25.81,52.81,718.47,7.35,Cotton,Flowering,No,Central
Sandy,5.18,18.44,24.84,62.63,706.56,17.46,Wheat,Sowing,No,Central
Clay,5.52,58.99,24.31,50.7,928.45,13.39,Maize,Sowing,Yes,West
Clay,6.41,16.44,21.33,76.82,423.29,3.33,Rice,Flowering,No,West
Sandy,8.09,44.24,21.16,25.6,1847.48,6.29,Rice,Vegetative,No,North
Clay,7.42,58.74,32.99,26.24,948.35,1.21,Cotton,Flowering,Yes,Central
Sandy,7.85,59.98,28.73,75.12,1452.15,15.53,Wheat,Sowing,No,West
Loamy,5.93,53.21,12.9,86.82,1653.26,8.55,Cotton,Flowering,Yes,North
Silt,8.17,18.04,13.46,79.36,88.61,1.45,Potato,Flowering,No,South
Sandy,5.15,54.59,29.1,33.2,1610.01,0.76,Potato,Flowering,Yes,West
Clay,4.98,23.76,37.39,90.45,1331.92,19.13,Sugarcane,Harvest,No,Central
Sandy,7.71,60.58,13.32,61.53,207.13,17.12,Wheat,Sowing,No,South
Clay,7.95,48.42,27.22,76.96,311.22,7.02,Maize,Flowering,Yes,Central
Loamy,5.11,52.76,37.53,39.07,1102.0,10.57,Sugarcane,Harvest,Yes,South
Sandy,5.19,12.85,12.13,63.42,865.77,11.73,Cotton,Vegetative,Yes,South
Loamy,4.91,41.22,20.27,48.1,1093.74,10.55,Cotton,Harvest,Yes,Central
Silt,5.16,54.81,39.6,93.23,1588.79,6.51,Wheat,Flowering,No,West
Clay,5.51,57.11,14.44,58.19,386.06,8.12,Wheat,Flowering,No,South
Clay,8.1,9.63,30.21,77.89,1656.11,4.03,Potato,Flowering,No,North
Loamy,7.07,61.53,27.22,67.23,2045.32,1.15,Potato,Flowering,Yes,South
Silt,7.45,10.47,16.55,31.6,7.32,3.52,Cotton,Harvest,Yes,West
Sandy,7.44,43.03,13.27,63.0,921.16,0.75,Rice,Harvest,Yes,South
Sandy,6.62,47.52,27.08,62.82,687.92,8.94,Maize,Sowing,Yes,Central
Clay,7.51,14.12,34.05,75.1,1080.0,13.39,Wheat,Flowering,No,West
Loamy,6.83,10.74,17.32,47.53,1538.2,4.03,Potato,Sowing,No,South
Loamy,5.87,52.74,32.74,85.25,468.92,10.91,Rice,Sowing,No,West
Sandy,6.71,29.93,28.39,68.58,335.24,6.84,Cotton,Vegetative,Yes,West
Silt,6.61,14.11,22.74,27.75,1822.1,2.84,Potato,Flowering,No,Central
Silt,7.6,51.47,31.93,74.48,1714.38,2.99,Cotton,Sowing,Yes,East
Sandy,8.14,56.4,17.76,88.49,1152.11,12.55,Rice,Harvest,Yes,Central
Sandy,6.2,41.48,25.71,72.82,1253.31,2.8,Cotton,Sowing,Yes,Central
Loamy,7.4,17.19,28.48,51.6,674.65,11.29,Maize,Sowing,No,North
Silt,5.14,8.87,25.76,66.35,822.95,4.22,Rice,Flowering,No,West
Sandy,7.44,47.95,23.93,37.0,800.21,17.39,Maize,Flowering,Yes,West
Sandy,6.06,39.36,34.23,67.09,1815.84,1.47,Wheat,Vegetative,No,Central
Clay,4.93,45.1,31.68,60.07,1389.11,8.05,Sugarcane,Harvest,No,South
Sandy,6.04,54.35,31.18,26.83,1823.72,15.35,Maize,Sowing,No,North
Sandy,6.88,32.75,38.75,47.53,1476.79,15.11,Sugarcane,Sowing,Yes,South
Silt,5.21,15.1,41.81,38.39,1364.09,3.32,Cotton,Vegetative,No,Central
Loamy,7.94,61.58,29.02,52.35,801.45,4.34,Maize,Vegetative,No,Central
Silt,5.06,39.08,22.45,41.93,988.66,11.15,Maize,Vegetative,Yes,West
Loamy,7.96,43.07,35.37,83.4,2218.49,13.84,Cotton,Sowing,Yes,East
Clay,7.2,61.2,16.26,73.84,1439.83,15.17,Potato,Harvest,Yes,South
Sandy,5.92,61.1,27.39,76.81,1311.14,12.6,Maize,Vegetative,No,South
Clay,6.13,40.61,27.74,50.26,132.83,15.77,Cotton,Harvest,Yes,Central
Loamy,7.32,24.96,41.5,25.24,1677.22,9.08,Wheat,Harvest,Yes,South
Silt,6.85,64.84,41.73,40.34,1715.04,11.43,Rice,Flowering,No,North
Silt,7.08,46.81,35.98,77.87,1726.64,8.95,Potato,Vegetative,Yes,Central
Clay,6.12,31.28,26.19,67.2,228.06,15.34,Potato,Harvest,Yes,Central
Loamy,6.46,39.91,28.42,62.7,751.14,3.91,Maize,Sowing,Yes,South
Clay,8.17,31.7,21.59,44.64,928.07,5.42,Wheat,Flowering,Yes,Central
Clay,5.53,58.63,36.9,30.3,2066.24,16.82,Rice,Sowing,No,West
Sandy,6.22,35.5,34.4,79.94,2451.68,14.43,Maize,Vegetative,Yes,North
Clay,5.79,54.94,35.14,27.71,1036.87,14.84,Wheat,Vegetative,Yes,West
Sandy,7.4,55.89,16.16,29.14,1385.7,2.43,Maize,Harvest,No,Central
Sandy,7.4,54.99,23.96,45.65,18.34,9.95,Rice,Vegetative,No,North
Silt,5.79,49.16,28.12,65.11,21.95,11.5,Maize,Vegetative,Yes,South
Sandy,5.08,56.73,15.74,94.46,186.25,15.71,Cotton,Flowering,Yes,West
Sandy,4.84,30.07,23.06,31.34,1798.67,8.73,Wheat,Harvest,No,East
Silt,6.25,14.54,14.62,58.12,445.34,11.04,Maize,Harvest,No,East
Clay,6.2,56.02,40.77,67.12,1894.62,5.15,Cotton,Flowering,No,Central
Loamy,8.16,36.4,34.54,82.62,1079.69,16.73,Potato,Harvest,No,North
Loamy,6.4,15.26,30.62,73.27,2124.92,18.32,Rice,Sowing,No,North
Loamy,5.67,14.57,18.15,81.54,2175.79,9.55,Potato,Sowing,Yes,North
Clay,7.83,17.08,22.02,61.57,2199.58,9.03,Rice,Flowering,No,North
Sandy,6.47,50.81,16.33,55.38,1358.76,6.9,Potato,Harvest,No,West
Loamy,6.84,48.52,28.08,68.31,1971.27,5.7,Cotton,Sowing,No,South
Clay,5.13,19.62,36.62,88.06,1654.78,11.29,Rice,Sowing,No,Central
Sandy,6.1,56.27,12.57,63.56,466.78,3.79,Cotton,Vegetative,Yes,North
Silt,8.01,24.03,15.1,67.39,953.79,11.99,Potato,Sowing,Yes,West
Loamy,6.8,53.2,18.88,48.66,2405.91,11.45,Rice,Harvest,Yes,West
Sandy,5.97,35.86,33.42,66.73,1931.41,14.03,Sugarcane,Harvest,Yes,West
Loamy,6.93,49.7,38.82,68.94,657.48,4.9,Sugarcane,Sowing,Yes,West
Loamy,7.9,29.74,34.59,77.74,702.44,14.19,Maize,Vegetative,No,North
Loamy,5.73,27.79,27.75,65.05,635.45,0.83,Potato,Vegetative,Yes,South
Sandy,6.52,55.96,15.15,38.83,822.04,10.92,Potato,Sowing,No,East
Clay,8.06,10.01,34.65,65.73,2320.77,16.96,Potato,Flowering,No,East
Sandy,5.39,63.56,15.17,45.85,1083.86,14.69,Rice,Sowing,No,South
Loamy,7.25,44.95,22.43,31.11,910.63,17.09,Sugarcane,Sowing,Yes,East
Sandy,6.89,32.65,21.24,82.78,597.96,3.39,Potato,Harvest,No,South
Silt,7.11,43.8,22.78,29.63,2231.02,14.52,Potato,Flowering,Yes,West
Clay,5.99,15.0,21.89,69.22,2393.44,9.65,Cotton,Harvest,Yes,Central
Sandy,5.87,37.3,35.08,94.19,808.85,6.8,Rice,Vegetative,No,South
Silt,7.13,64.15,17.15,31.13,1541.63,7.44,Potato,Sowing,No,East
Clay,5.53,21.41,37.38,40.41,2396.08,2.49,Wheat,Vegetative,No,East
Silt,6.23,49.17,37.75,78.26,1248.7,14.09,Cotton,Sowing,Yes,West
Clay,5.44,32.79,26.73,31.78,1171.66,12.82,Sugarcane,Flowering,No,South
Sandy,4.83,45.19,15.18,83.29,1319.24,3.48,Sugarcane,Sowing,No,East
Silt,8.1,19.68,29.26,25.02,82.93,11.11,Sugarcane,Flowering,Yes,South
Loamy,6.27,34.82,36.63,87.3,750.3,3.03,Maize,Flowering,No,South
Silt,8.1,63.87,20.68,29.68,1747.48,6.61,Maize,Flowering,No,South
Clay,5.28,19.13,37.13,89.54,2416.82,1.36,Wheat,Harvest,Yes,West
Sandy,6.8,44.28,32.31,85.52,1421.86,12.61,Wheat,Vegetative,Yes,West
Clay,5.48,40.81,41.62,62.77,476.19,0.74,Cotton,Harvest,No,North
Silt,7.49,40.21,36.74,79.46,1067.03,5.58,Wheat,Sowing,Yes,Central
Silt,7.46,43.06,18.05,30.24,1225.05,5.7,Cotton,Sowing,No,East
Loamy,5.18,36.63,25.47,34.46,380.56,15.09,Potato,Flowering,Yes,South
Sandy,7.9,8.97,15.11,50.85,823.21,9.29,Rice,Flowering,No,Central
Sandy,5.46,59.31,14.09,62.62,1112.66,11.68,Maize,Flowering,Yes,West
Silt,6.88,55.14,33.18,85.77,654.76,5.36,Potato,Vegetative,No,East
Sandy,8.15,17.93,39.39,62.99,884.72,11.18,Sugarcane,Harvest,No,Central
Loamy,7.8,31.56,41.21,71.56,690.61,3.41,Cotton,Harvest,No,East
Clay,8.05,51.92,20.11,72.59,1532.05,19.85,Wheat,Sowing,Yes,East
Sandy,5.96,63.86,18.05,86.43,1446.51,10.58,Rice,Sowing,Yes,North
Silt,5.16,62.21,28.81,79.37,1379.24,17.65,Wheat,Sowing,No,South
Clay,5.44,59.26,18.03,93.39,241.84,2.56,Sugarcane,Sowing,Yes,Central
Clay,6.5,17.03,20.88,26.4,458.89,12.01,Rice,Flowering,Yes,South
Loamy,7.5,60.13,37.12,39.55,277.07,13.59,Wheat,Flowering,Yes,South
Silt,5.31,58.07,36.31,90.13,158.2,15.88,Cotton,Harvest,Yes,East
Sandy,7.04,29.49,38.85,80.46,617.07,9.98,Potato,Vegetative,Yes,East
Silt,5.9,30.49,26.47,43.72,486.3,1.2,Wheat,Harvest,Yes,Central
Clay,5.96,34.21,28.92,93.2,1812.49,5.59,Maize,Flowering,No,West
Silt,7.05,45.4,35.12,85.89,1739.72,5.97,Maize,Sowing,No,East
Sandy,6.39,22.87,19.18,29.53,503.35,6.71,Rice,Flowering,Yes,Central
Sandy,7.56,9.31,36.69,81.79,413.91,2.3,Maize,Flowering,No,East
Loamy,5.33,16.05,12.53,79.91,362.24,0.51,Wheat,Vegetative,Yes,North
Sandy,7.49,33.09,35.93,40.48,800.12,10.63,Sugarcane,Harvest,Yes,Central
Sandy,5.02,24.07,35.28,71.85,735.47,14.87,Maize,Harvest,No,North
Silt,5.46,51.58,21.05,92.92,71.34,4.99,Cotton,Harvest,No,East
Silt,7.03,14.08,33.84,72.31,1419.68,14.03,Wheat,Sowing,Yes,North
Clay,7.71,60.3,18.42,81.96,2245.08,14.76,Maize,Harvest,No,West
Loamy,5.66,59.03,29.29,31.96,1347.14,8.52,Potato,Vegetative,No,Central
Silt,5.91,59.8,33.02,75.92,159.52,10.74,Rice,Harvest,No,West
Sandy,6.63,50.16,33.44,39.33,1498.88,6.62,Sugarcane,Vegetative,No,East
Clay,5.52,14.1,41.49,30.03,1212.39,7.82,Sugarcane,Vegetative,Yes,South
Silt,7.56,32.97,17.46,63.65,2267.32,11.99,Sugarcane,Vegetative,No,West
Loamy,7.43,15.49,26.42,77.54,908.05,7.56,Sugarcane,Flowering,Yes,North
Loamy,5.29,64.3,38.4,63.27,1879.96,10.27,Cotton,Sowing,No,Central
Clay,6.38,26.98,28.85,90.21,96.1,15.0,Maize,Harvest,No,South
Clay,7.43,41.36,38.29,73.7,1803.73,19.31,Sugarcane,Flowering,No,East
Clay,5.95,52.43,25.02,33.23,103.82,17.88,Cotton,Sowing,Yes,North
Clay,6.95,60.48,35.86,90.42,861.79,18.33,Cotton,Sowing,Yes,West
Clay,4.97,51.07,38.1,35.7,2370.21,18.27,Sugarcane,Harvest,Yes,East
Sandy,6.87,46.45,37.39,78.08,1758.01,5.21,Potato,Flowering,No,North
Sandy,5.32,34.56,38.14,35.4,2312.56,18.96,Sugarcane,Harvest,No,West
Silt,7.62,42.51,18.59,94.9,1239.63,4.84,Cotton,Harvest,No,East
Loamy,6.01,13.37,25.17,48.25,1515.54,17.35,Cotton,Sowing,No,North
Sandy,5.76,58.38,17.24,59.72,1294.37,11.83,Rice,Sowing,No,East
Sandy,7.66,39.0,17.42,57.68,1197.16,16.85,Cotton,Flowering,Yes,Central
Sandy,4.97,10.29,26.63,32.13,1445.58,19.65,Rice,Harvest,Yes,Central
Silt,6.15,60.43,40.8,59.58,97.25,17.58,Potato,Vegetative,Yes,South
Clay,6.06,35.89,29.76,35.47,464.21,16.42,Wheat,Sowing,No,Central
Silt,5.77,57.51,37.62,81.14,536.55,4.53,Wheat,Sowing,No,Central
Loamy,7.9,56.84,40.12,92.08,957.12,17.27,Rice,Sowing,No,East
Loamy,7.35,54.5,14.6,81.56,1086.39,3.73,Wheat,Vegetative,No,North
Loamy,5.02,11.5,16.86,55.17,1849.3,10.5,Cotton,Flowering,Yes,Central
Loamy,7.23,22.08,20.73,25.17,413.85,10.3,Cotton,Vegetative,No,Central
Sandy,6.59,57.91,30.5,27.57,1424.73,10.62,Sugarcane,Harvest,No,East
Sandy,7.86,59.24,13.85,59.65,680.72,14.6,Maize,Harvest,Yes,Central
Silt,5.86,34.11,35.6,72.56,1289.13,8.22,Sugarcane,Harvest,Yes,East
Clay,6.75,33.08,13.91,82.37,1566.54,9.4,Sugarcane,Sowing,Yes,West
Loamy,6.5,17.98,16.75,66.97,1456.13,13.35,Maize,Harvest,Yes,East
Silt,6.46,63.2,23.45,93.48,538.45,13.81,Rice,Vegetative,Yes,East
Sandy,6.35,20.15,28.73,59.56,1773.63,9.03,Cotton,Harvest,No,Central
Sandy,5.5,18.88,38.45,67.0,1634.47,1.52,Maize,Harvest,Yes,North
Clay,7.37,45.66,40.91,41.11,2330.01,5.55,Potato,Harvest,Yes,South
Clay,6.33,21.84,38.54,48.78,1585.38,18.91,Cotton,Flowering,Yes,West
Clay,8.06,61.51,15.21,72.82,1800.81,18.58,Rice,Harvest,Yes,North
Silt,5.69,8.62,30.94,67.11,2027.57,13.17,Wheat,Vegetative,No,West
Sandy,7.12,8.33,25.25,50.88,265.01,4.11,Sugarcane,Sowing,No,Central
Sandy,8.0,36.78,15.77,32.84,1740.84,2.37,Sugarcane,Harvest,Yes,North
Clay,7.06,35.82,28.65,48.98,796.45,19.02,Cotton,Vegetative,No,South
Loamy,7.76,17.31,22.7,28.09,2057.87,17.53,Maize,Harvest,Yes,Central
Clay,7.61,36.19,22.37,65.65,1200.45,8.26,Wheat,Flowering,No,East
Silt,6.02,31.46,14.83,47.61,1451.54,12.78,Potato,Sowing,Yes,East
Clay,6.84,58.75,41.37,51.59,650.84,18.33,Cotton,Flowering,No,Central
Clay,5.33,8.53,33.78,65.26,1626.41,3.19,Potato,Vegetative,Yes,Central
Silt,6.62,63.65,20.41,65.69,89.12,12.91,Sugarcane,Vegetative,Yes,East
Clay,5.58,43.59,39.52,66.18,1871.44,18.43,Cotton,Flowering,No,East
Sandy,7.33,16.66,40.44,59.41,408.24,16.81,Cotton,Vegetative,Yes,South
Loamy,6.6,10.67,36.31,59.17,568.94,6.1,Sugarcane,Flowering,Yes,West
Clay,6.2,38.67,31.78,82.49,2.28,19.06,Wheat,Vegetative,No,East
Silt,5.71,21.39,23.29,57.73,782.94,4.46,Cotton,Harvest,Yes,Central
Loamy,8.2,25.17,25.03,62.52,970.62,4.57,Potato,Flowering,Yes,North
Silt,5.04,21.97,25.65,94.18,585.0,2.38,Maize,Flowering,Yes,South
Loamy,4.95,45.06,40.46,37.67,575.53,2.8,Maize,Vegetative,Yes,East
Loamy,5.54,39.55,34.8,75.85,2232.45,15.35,Rice,Harvest,Yes,West
Clay,8.1,12.44,20.76,58.12,816.13,5.88,Rice,Harvest,Yes,Central
Sandy,8.13,38.01,30.74,83.14,1805.71,17.45,Rice,Vegetative,No,West
Clay,7.03,53.1,29.82,53.28,593.45,17.22,Maize,Harvest,Yes,South
Silt,7.79,12.63,36.36,46.21,2022.6,2.77,Wheat,Harvest,No,South
Silt,5.53,58.72,14.86,39.55,1694.35,10.88,Cotton,Flowering,Yes,South
Loamy,8.1,40.96,33.04,86.06,1890.51,14.92,Maize,Flowering,No,East
Loamy,5.29,62.19,21.94,75.28,1098.84,13.81,Rice,Harvest,No,South
Sandy,5.14,16.44,15.89,30.38,2198.91,2.52,Rice,Flowering,No,North
Clay,5.18,64.63,33.95,74.94,935.03,6.77,Cotton,Sowing,Yes,North
Silt,6.75,44.72,21.95,27.45,1502.24,12.43,Rice,Vegetative,Yes,East
Loamy,7.46,40.35,33.9,37.71,1600.18,11.89,Potato,Vegetative,No,West
Sandy,6.05,37.37,16.87,66.5,2380.63,16.37,Sugarcane,Flowering,No,East
Silt,8.12,9.35,41.58,57.45,336.31,1.59,Wheat,Flowering,No,North
Loamy,6.28,61.56,36.1,83.83,339.01,9.87,Sugarcane,Vegetative,Yes,North
Silt,5.31,44.71,20.67,67.55,1155.13,17.05,Maize,Flowering,Yes,South
Sandy,6.38,13.22,34.22,92.55,2294.69,19.88,Cotton,Flowering,No,East
Sandy,7.11,9.19,16.07,84.86,54.21,3.01,Wheat,Sowing,No,South
Silt,7.63,10.89,31.6,48.82,690.69,13.1,Potato,Vegetative,No,South
Clay,6.36,42.74,13.79,83.39,708.97,0.53,Wheat,Sowing,Yes,West
Silt,6.82,43.0,22.0,85.9,762.38,7.32,Sugarcane,Sowing,Yes,Central
Loamy,5.71,36.48,41.35,92.88,61.76,9.17,Potato,Flowering,No,South
Clay,7.0,25.49,15.63,25.88,2064.02,7.24,Potato,Flowering,Yes,South
Loamy,8.15,38.31,29.92,86.23,22.27,12.68,Rice,Harvest,Yes,North
Silt,4.97,37.43,14.12,29.89,1194.26,0.8,Potato,Sowing,Yes,North
Clay,7.81,9.11,32.08,61.97,140.9,18.21,Potato,Flowering,No,West
Loamy,6.71,24.1,20.36,54.03,1996.61,6.71,Maize,Harvest,Yes,East
Silt,5.66,11.03,21.3,89.39,1866.46,3.43,Rice,Sowing,Yes,Central
Silt,8.05,59.31,22.13,53.36,1803.83,8.95,Wheat,Sowing,No,West
Clay,6.44,49.34,18.15,66.72,1840.66,10.52,Potato,Sowing,Yes,Central
Silt,5.93,64.78,40.25,73.43,2350.6,1.51,Rice,Harvest,No,East
Sandy,5.42,25.22,39.17,26.33,1042.03,16.08,Maize,Sowing,Yes,East
Loamy,5.63,58.07,38.1,66.37,2153.94,14.88,Wheat,Vegetative,No,East
Loamy,7.63,42.37,15.19,61.26,460.58,10.48,Rice,Vegetative,Yes,West
Silt,6.89,33.83,19.0,66.58,1128.16,4.13,Cotton,Harvest,No,Central
Silt,7.91,20.69,30.37,30.3,22.27,18.57,Rice,Vegetative,No,West
Sandy,5.59,50.09,41.11,28.89,710.35,15.99,Cotton,Harvest,Yes,South
Clay,5.21,59.54,30.14,37.43,1145.4,5.06,Sugarcane,Sowing,Yes,South
Silt,4.82,21.41,21.81,85.87,2273.22,14.85,Maize,Sowing,No,North
Silt,6.53,18.0,36.52,49.95,792.38,2.48,Cotton,Flowering,No,South
Silt,8.19,47.68,16.06,55.38,1681.02,2.81,Potato,Vegetative,Yes,West
Silt,7.16,63.69,38.45,52.31,2084.92,9.17,Maize,Flowering,Yes,South
Loamy,5.85,50.75,41.24,75.01,816.32,14.18,Sugarcane,Harvest,Yes,North
Silt,7.78,24.22,41.03,43.16,423.07,18.39,Rice,Vegetative,No,West
Loamy,7.46,31.94,16.43,29.79,1477.99,19.43,Rice,Flowering,No,East
Silt,4.85,29.91,28.49,51.47,710.96,13.99,Potato,Flowering,No,East
Clay,7.58,56.57,29.55,75.95,1631.13,15.77,Cotton,Harvest,No,North
Sandy,5.82,51.97,17.85,89.05,336.75,10.45,Sugarcane,Vegetative,Yes,South
Clay,5.31,41.57,28.4,28.56,378.99,1.59,Potato,Harvest,No,North
Silt,5.57,23.67,31.4,81.73,1689.81,2.94,Rice,Vegetative,No,Central
Silt,6.39,61.47,21.87,29.63,2433.9,19.43,Potato,Flowering,No,Central
Silt,6.24,45.24,21.47,48.15,617.24,8.16,Wheat,Flowering,No,West
Clay,5.78,63.32,13.81,26.56,1784.78,15.55,Sugarcane,Flowering,Yes,North
Silt,5.39,41.07,40.7,88.81,1330.1,4.8,Wheat,Harvest,Yes,Central
Clay,7.39,54.81,36.11,74.48,2109.6,10.89,Wheat,Harvest,Yes,North
Loamy,8.17,54.35,34.78,50.84,972.21,3.48,Sugarcane,Vegetative,Yes,East
Sandy,7.44,27.23,12.65,51.42,2429.28,16.27,Rice,Harvest,No,North
Sandy,5.81,62.95,30.73,69.79,205.99,3.78,Sugarcane,Harvest,Yes,North
Clay,5.63,9.25,17.42,31.28,2461.62,14.27,Rice,Sowing,No,North
Loamy,5.54,51.82,31.85,35.15,2115.59,3.44,Maize,Flowering,No,West
Clay,5.26,63.04,30.63,84.31,2166.15,16.46,Wheat,Sowing,No,West
Loamy,6.67,27.32,37.56,39.16,2106.01,10.31,Cotton,Vegetative,Yes,North
Silt,6.86,44.94,19.66,75.87,2154.66,8.54,Potato,Flowering,Yes,East
Loamy,7.2,40.05,12.82,40.81,2037.88,7.07,Sugarcane,Vegetative,No,South
Loamy,7.11,51.41,39.42,31.17,2248.79,13.91,Cotton,Sowing,No,North
Loamy,5.79,57.37,39.26,88.0,1152.0,2.22,Maize,Vegetative,Yes,Central
Sandy,5.92,42.37,25.68,88.12,2348.23,17.2,Maize,Harvest,No,South
Loamy,7.12,54.51,14.34,67.37,962.41,15.34,Wheat,Flowering,No,Central
Silt,5.99,25.8,26.94,57.34,1821.29,7.77,Cotton,Flowering,No,West
Silt,5.52,21.03,27.72,63.69,1775.88,19.56,Maize,Vegetative,No,South
Silt,6.07,32.55,36.65,53.57,2052.24,16.73,Wheat,Vegetative,Yes,South
Loamy,5.73,46.63,33.51,78.0,1845.96,5.78,Sugarcane,Flowering,No,East
Clay,5.1,18.67,14.12,77.82,88.45,17.81,Potato,Vegetative,Yes,Central
Clay,7.62,46.78,33.16,82.33,1847.88,2.43,Sugarcane,Vegetative,No,Central
Silt,7.7,30.46,16.07,61.6,58.24,13.95,Cotton,Flowering,No,East
Sandy,5.55,53.35,14.68,81.09,1333.08,3.06,Wheat,Vegetative,No,West
Clay,5.02,10.1,23.96,35.9,2097.37,19.53,Wheat,Vegetative,Yes,Central
Loamy,7.31,46.08,14.32,27.11,2073.94,1.47,Wheat,Flowering,Yes,East
Clay,5.52,45.04,36.88,70.36,2103.28,5.04,Rice,Harvest,Yes,North
Silt,6.14,61.63,25.89,32.38,1506.03,10.84,Maize,Sowing,Yes,Central
Sandy,5.02,48.66,29.61,63.55,459.53,11.89,Wheat,Harvest,Yes,South
Clay,5.57,53.39,29.31,75.48,1269.95,10.5,Rice,Harvest,Yes,South
Clay,7.5,59.56,41.34,53.5,1290.53,14.93,Rice,Harvest,No,Central
Silt,7.53,46.48,39.47,28.07,811.92,0.53,Potato,Vegetative,No,West
Sandy,5.5,24.54,37.47,87.1,1060.25,11.49,Sugarcane,Harvest,No,South
Sandy,5.94,57.58,23.5,28.03,2180.44,12.49,Potato,Sowing,No,South
Silt,5.26,50.61,16.35,88.33,1294.82,4.58,Maize,Harvest,Yes,East
Loamy,5.05,32.19,29.76,28.68,1761.86,13.35,Sugarcane,Vegetative,No,South
Clay,8.17,48.5,25.21,76.46,1239.53,13.25,Maize,Harvest,Yes,West
Loamy,7.03,57.46,18.77,89.74,1543.68,10.84,Sugarcane,Flowering,No,North
Clay,6.64,63.61,14.93,88.49,231.47,5.56,Rice,Flowering,Yes,East
Clay,7.4,62.28,25.08,87.54,2328.47,8.62,Wheat,Vegetative,Yes,South
Loamy,7.66,26.54,31.53,86.82,1089.83,5.81,Wheat,Vegetative,Yes,East
Silt,7.54,32.04,30.76,60.73,1870.76,15.51,Maize,Harvest,No,Central
Silt,4.86,14.24,35.22,64.04,1667.75,12.56,Wheat,Harvest,Yes,East
Clay,5.44,22.11,26.0,68.38,1998.18,3.45,Sugarcane,Sowing,No,West
Silt,7.03,58.3,21.65,87.72,87.18,11.57,Potato,Harvest,No,West
Clay,6.08,28.57,28.16,83.67,2338.38,18.11,Sugarcane,Flowering,Yes,Central
Silt,8.14,43.37,41.25,79.81,2074.37,16.74,Cotton,Harvest,No,South
Clay,7.06,45.96,13.35,72.3,2084.4,17.88,Potato,Harvest,Yes,South
Silt,8.05,52.56,27.86,68.29,1167.78,18.38,Potato,Sowing,No,South
Sandy,5.48,18.42,21.88,89.57,1990.81,4.17,Cotton,Harvest,No,Central
Loamy,7.74,25.37,15.16,38.49,1437.96,14.53,Wheat,Flowering,No,North
Sandy,5.89,33.56,25.04,38.49,1258.7,13.07,Maize,Harvest,No,Central
Loamy,8.16,28.8,31.23,93.77,1962.3,1.15,Rice,Harvest,No,North
Loamy,5.34,64.03,27.84,63.72,1569.5,15.68,Sugarcane,Flowering,No,South
Clay,6.56,55.59,12.88,58.84,192.9,4.54,Cotton,Sowing,No,West
Loamy,7.5,35.34,29.37,84.54,786.27,18.38,Maize,Sowing,Yes,East
Sandy,6.27,58.12,18.96,84.48,1555.23,16.79,Rice,Flowering,Yes,West
Sandy,6.39,27.82,22.24,37.36,2259.5,15.49,Potato,Vegetative,No,East
Silt,8.15,52.79,21.37,37.15,2332.5,14.09,Rice,Vegetative,No,South
Sandy,6.25,20.75,37.76,80.67,2097.28,9.67,Maize,Harvest,No,Central
Silt,6.85,52.02,13.43,79.99,635.78,16.06,Potato,Vegetative,No,East
Loamy,4.99,34.02,22.44,40.76,1183.45,16.48,Rice,Flowering,No,East
Sandy,7.66,14.13,23.84,83.91,1083.48,2.42,Cotton,Flowering,No,North
Loamy,7.0,23.58,30.57,58.6,1096.71,6.96,Wheat,Flowering,No,West
Sandy,6.17,30.93,35.67,57.9,124.46,6.67,Sugarcane,Vegetative,Yes,East
Sandy,4.85,50.71,33.83,94.0,434.1,2.93,Cotton,Sowing,No,East
Silt,6.81,12.16,34.58,61.35,383.15,19.53,Cotton,Vegetative,No,North
Loamy,4.84,45.59,17.77,34.59,1543.17,11.88,Sugarcane,Harvest,Yes,East
Sandy,4.8,48.81,39.35,44.61,1029.5,12.0,Wheat,Flowering,Yes,South
Clay,6.89,45.27,24.42,48.36,810.97,7.96,Wheat,Vegetative,No,South
Loamy,5.44,51.36,12.33,92.09,1109.76,15.49,Potato,Flowering,Yes,South
Loamy,5.45,18.16,32.04,43.48,810.54,9.78,Rice,Flowering,Yes,South
Loamy,7.02,41.46,30.12,55.13,1893.67,14.97,Rice,Sowing,Yes,West
Silt,4.98,61.65,15.78,77.47,417.6,17.62,Potato,Sowing,No,North
Clay,5.87,42.81,40.8,44.19,140.34,13.31,Potato,Harvest,No,Central
Loamy,5.31,42.85,28.85,74.11,1626.76,12.65,Potato,Flowering,No,East
Sandy,6.77,49.98,26.08,39.53,576.45,15.84,Potato,Vegetative,Yes,Central
Sandy,7.05,26.99,23.94,41.98,1608.39,10.31,Rice,Vegetative,Yes,North
Silt,7.25,47.93,18.3,94.04,146.35,16.33,Potato,Harvest,Yes,South
Sandy,5.67,60.23,40.58,50.83,617.74,2.3,Cotton,Sowing,No,West
Loamy,5.1,8.62,33.06,76.08,384.71,5.22,Rice,Flowering,No,East
Sandy,5.07,57.6,29.03,83.8,726.68,18.53,Wheat,Sowing,No,Central
Loamy,6.25,20.46,30.94,49.28,822.14,3.84,Potato,Sowing,No,Central
Sandy,8.02,33.99,37.21,50.0,1237.99,9.33,Potato,Flowering,Yes,West
Clay,5.54,56.58,31.07,79.12,1300.35,9.87,Maize,Sowing,No,Central
Silt,5.67,54.96,15.44,67.49,1575.25,8.64,Cotton,Vegetative,No,West
Silt,5.14,58.84,32.92,50.32,829.13,17.4,Cotton,Sowing,Yes,West
Clay,6.86,61.6,28.95,77.47,1330.05,15.12,Maize,Flowering,Yes,North
Clay,7.11,33.49,40.99,85.46,2475.29,16.3,Cotton,Harvest,Yes,East
Silt,6.99,45.41,34.01,41.45,526.6,19.83,Maize,Harvest,Yes,East
Clay,7.73,30.26,22.32,26.7,381.76,19.51,Cotton,Vegetative,No,West
Loamy,6.45,27.99,16.06,44.19,2106.41,17.9,Maize,Vegetative,Yes,East
Sandy,5.26,32.6,26.47,72.21,1025.91,11.53,Maize,Harvest,No,West
Silt,5.78,50.36,32.38,89.07,2117.21,6.38,Wheat,Vegetative,Yes,East
Clay,7.05,36.58,17.32,85.41,1061.72,14.61,Maize,Sowing,No,Central
Loamy,6.88,54.4,31.48,40.55,54.21,19.01,Potato,Harvest,Yes,West
Silt,6.61,50.48,36.77,86.67,937.18,19.81,Potato,Harvest,No,North
Clay,7.12,9.17,16.71,81.75,1525.33,12.46,Maize,Vegetative,Yes,North
Silt,6.97,43.92,33.17,76.41,1118.89,14.17,Sugarcane,Flowering,No,South
Clay,7.8,32.88,14.05,73.18,1148.36,5.94,Cotton,Vegetative,No,South
Silt,6.79,34.03,12.24,81.5,2495.79,4.43,Potato,Flowering,No,Central
Loamy,7.45,54.65,12.98,85.32,1360.32,12.96,Cotton,Harvest,No,South
Loamy,5.65,39.21,30.95,82.34,1742.35,4.89,Rice,Flowering,No,West
Sandy,7.11,58.48,41.2,33.53,1802.43,8.21,Maize,Harvest,Yes,West
Silt,7.87,48.63,35.14,75.55,0.43,10.11,Maize,Sowing,Yes,Central
Sandy,6.11,39.51,19.63,83.89,1381.15,18.69,Cotton,Vegetative,Yes,West
Silt,7.45,51.01,14.15,38.0,2407.64,19.56,Potato,Flowering,No,Central
Clay,7.26,10.19,30.5,39.97,1877.06,5.32,Rice,Harvest,Yes,Central
Clay,5.0,9.54,12.1,80.02,851.07,3.07,Wheat,Vegetative,No,South
Sandy,6.78,12.75,35.78,49.08,911.43,4.89,Maize,Harvest,No,North
Silt,5.24,32.94,19.29,52.98,759.04,10.62,Sugarcane,Flowering,Yes,Central
Sandy,8.09,21.42,20.98,51.4,1575.52,15.77,Cotton,Harvest,No,West
Loamy,7.56,64.1,22.32,39.9,243.29,10.68,Rice,Sowing,Yes,East
Sandy,5.17,38.91,34.91,90.72,725.0,18.7,Maize,Vegetative,Yes,East
Sandy,5.21,45.76,19.97,81.41,1245.54,12.93,Potato,Harvest,Yes,Central
Clay,6.82,23.89,20.53,42.54,1338.04,9.93,Rice,Vegetative,Yes,South
Sandy,5.97,26.34,28.23,32.43,1518.52,15.52,Sugarcane,Harvest,No,West
Silt,4.92,27.12,25.89,51.08,1993.06,19.1,Rice,Flowering,Yes,South
Clay,6.64,47.83,40.67,54.07,408.09,7.0,Cotton,Flowering,Yes,East
Sandy,6.12,35.0,19.9,25.5,562.54,5.86,Wheat,Harvest,Yes,North
Loamy,5.14,37.51,14.76,87.1,2180.78,4.66,Wheat,Sowing,No,West
Sandy,7.53,41.74,28.23,84.59,2077.9,10.95,Wheat,Sowing,No,Central
Sandy,7.91,51.82,17.54,84.51,2053.93,9.63,Potato,Harvest,No,South
Sandy,7.37,13.15,24.41,81.41,521.54,5.32,Potato,Harvest,No,North
Clay,7.6,52.28,17.62,76.32,145.64,14.57,Rice,Sowing,No,Central
Silt,5.54,40.1,38.43,69.42,1308.54,6.3,Potato,Vegetative,No,East
Loamy,5.7,46.14,21.82,92.22,2175.11,15.25,Maize,Flowering,No,West
Sandy,5.51,26.67,35.25,74.82,593.79,16.86,Maize,Flowering,No,East
Silt,7.4,31.34,40.46,69.12,2260.5,17.39,Maize,Vegetative,No,Central
Silt,8.02,21.18,40.22,80.22,353.83,3.36,Sugarcane,Harvest,Yes,South
Clay,7.24,63.82,27.74,42.24,745.24,6.47,Maize,Harvest,No,West
Loamy,7.8,36.33,41.5,92.7,745.72,10.72,Cotton,Harvest,No,North
Clay,6.97,64.78,31.68,26.34,377.75,16.99,Rice,Harvest,No,South
Silt,6.12,35.92,15.85,70.39,2181.95,8.32,Cotton,Vegetative,No,West
Silt,6.25,20.53,38.65,30.4,1031.47,13.37,Wheat,Flowering,Yes,West
Silt,5.06,36.92,26.06,84.73,476.64,9.36,Cotton,Harvest,Yes,East
Clay,4.91,10.26,16.58,92.73,368.11,1.08,Cotton,Flowering,Yes,South
Loamy,7.16,59.57,35.74,53.6,1052.29,6.67,Cotton,Vegetative,Yes,North
Sandy,6.29,54.66,30.73,85.0,43.22,15.26,Sugarcane,Vegetative,Yes,South
Clay,6.68,49.37,38.46,48.5,302.64,14.74,Rice,Harvest,Yes,South
Silt,6.7,42.76,36.82,36.16,9.25,17.73,Potato,Harvest,No,Central
Clay,5.74,41.05,21.6,44.37,60.96,12.06,Maize,Sowing,No,East
Silt,6.42,64.81,19.69,46.13,2493.43,15.45,Cotton,Sowing,No,Central
Sandy,6.4,23.85,34.01,69.15,1122.22,8.6,Potato,Sowing,No,West
Sandy,6.12,52.44,29.2,80.73,1822.31,7.32,Wheat,Sowing,Yes,North
Loamy,7.59,41.14,14.1,39.37,1842.7,7.13,Potato,Vegetative,No,South
Silt,6.33,63.63,17.45,31.17,2201.02,3.6,Rice,Harvest,No,Central
Loamy,6.85,55.18,16.54,40.52,259.36,9.04,Rice,Harvest,No,East
Loamy,7.84,64.92,29.69,45.76,1314.18,16.31,Cotton,Sowing,Yes,East
Sandy,7.75,41.53,14.57,44.59,804.3,0.74,Potato,Harvest,No,Central
Clay,7.83,19.66,18.23,40.4,1371.21,11.71,Rice,Harvest,Yes,East
Clay,5.72,36.71,28.36,57.62,830.3,3.87,Rice,Flowering,No,West
Loamy,4.92,48.53,15.99,84.92,459.14,15.01,Potato,Sowing,Yes,West
Sandy,5.69,52.14,19.45,32.02,1682.07,3.23,Rice,Flowering,No,South
Silt,5.75,8.03,39.2,85.34,96.07,3.7,Rice,Sowing,No,North
Clay,7.89,36.79,32.91,59.79,2238.46,1.33,Wheat,Harvest,Yes,South
Loamy,7.01,21.41,21.21,71.23,365.66,9.13,Wheat,Flowering,No,North
Clay,5.08,57.87,38.32,82.08,1537.86,13.13,Wheat,Flowering,No,West
Clay,5.26,16.72,19.51,46.3,1885.51,6.13,Maize,Sowing,Yes,East
Silt,5.33,45.99,29.67,91.8,182.32,1.31,Wheat,Harvest,Yes,Central
Sandy,6.94,23.17,23.05,30.86,2258.24,18.69,Maize,Flowering,No,Central
Silt,7.3,28.32,34.56,61.94,890.44,17.28,Cotton,Vegetative,Yes,West
Sandy,7.72,61.61,23.15,42.84,2491.82,9.52,Rice,Vegetative,Yes,West
Clay,8.0,21.71,19.47,53.56,171.95,16.55,Wheat,Vegetative,Yes,North
Loamy,5.49,13.42,30.23,56.42,1791.93,16.12,Cotton,Harvest,Yes,West
Silt,5.85,11.95,34.36,89.02,401.79,11.45,Rice,Vegetative,Yes,North
Sandy,5.62,36.76,28.09,55.91,1006.73,10.77,Cotton,Vegetative,No,East
Clay,6.02,44.58,33.49,73.86,1108.03,13.19,Potato,Flowering,No,North
Sandy,7.91,26.66,24.66,91.62,1015.39,14.58,Sugarcane,Flowering,No,South
Sandy,6.76,47.34,35.86,59.62,843.93,16.51,Rice,Flowering,No,North
Sandy,7.31,11.48,29.55,53.58,1918.02,11.7,Rice,Sowing,Yes,East
Clay,6.47,56.87,17.89,93.11,2049.72,15.05,Maize,Harvest,No,West
Loamy,4.9,54.54,38.72,82.94,839.04,4.12,Potato,Vegetative,No,North
Loamy,5.02,64.17,37.1,90.78,1206.61,15.05,Potato,Flowering,Yes,North
Loamy,6.63,61.38,40.92,52.81,1054.39,1.63,Rice,Harvest,Yes,East
Sandy,7.24,28.3,29.07,73.74,1483.79,13.34,Cotton,Sowing,Yes,East
Clay,5.53,30.76,32.27,42.47,375.67,14.39,Sugarcane,Sowing,No,Central
Sandy,7.25,50.52,37.91,85.61,2014.21,19.37,Sugarcane,Harvest,Yes,East
Loamy,7.56,15.64,13.58,90.32,1992.53,8.72,Wheat,Harvest,No,Central
Loamy,6.2,25.9,39.37,43.75,1476.03,2.72,Wheat,Vegetative,Yes,West
Clay,7.34,14.76,20.13,32.35,1865.36,7.03,Cotton,Flowering,No,Central
Sandy,6.17,33.93,13.71,39.05,2471.26,8.67,Wheat,Vegetative,Yes,North
Silt,7.11,39.46,19.13,69.3,2306.27,15.51,Sugarcane,Sowing,Yes,East
Silt,7.4,20.04,29.59,44.05,1528.62,4.13,Sugarcane,Sowing,Yes,South
Loamy,8.17,9.52,13.44,69.7,1278.5,3.81,Maize,Harvest,No,North
Clay,5.97,49.0,12.02,49.51,1336.32,4.79,Rice,Flowering,Yes,Central
Sandy,6.2,9.14,31.18,89.18,1166.54,5.0,Rice,Sowing,No,East
Sandy,5.36,63.48,25.6,56.68,1200.56,18.51,Wheat,Flowering,No,Central
Loamy,5.49,20.63,37.33,59.83,1830.09,3.63,Cotton,Flowering,Yes,South
Loamy,7.16,45.84,19.73,49.36,2480.3,8.55,Rice,Vegetative,Yes,East
Sandy,7.92,32.78,20.42,30.11,113.29,8.36,Potato,Flowering,Yes,North
Sandy,6.14,11.4,14.33,59.55,575.47,2.99,Rice,Sowing,Yes,North
Loamy,5.41,34.91,28.16,79.21,525.52,2.62,Sugarcane,Vegetative,Yes,North
Sandy,5.77,37.46,22.98,91.71,2082.14,18.24,Wheat,Sowing,Yes,West
Silt,6.35,56.72,22.19,30.36,1049.31,16.81,Cotton,Harvest,No,West
Loamy,5.79,49.74,25.73,80.82,1312.83,18.7,Maize,Vegetative,Yes,Central
Sandy,5.59,12.52,37.49,43.69,1172.88,6.68,Cotton,Flowering,Yes,Central
Loamy,7.3,19.92,15.16,82.6,2134.2,10.77,Wheat,Harvest,No,West
Clay,4.83,25.78,27.71,48.94,1249.3,5.49,Cotton,Sowing,No,West
Loamy,6.63,14.64,17.89,33.01,1669.61,8.14,Potato,Flowering,No,West
Loamy,7.5,34.04,18.37,67.84,48.71,15.99,Rice,Sowing,Yes,South
Clay,5.71,64.11,19.7,87.57,1631.14,9.79,Potato,Vegetative,Yes,North
Silt,6.85,37.33,25.78,37.71,602.38,2.64,Cotton,Harvest,No,East
Sandy,7.07,50.29,26.83,26.53,2167.17,0.56,Wheat,Harvest,Yes,Central
Clay,7.03,46.93,38.15,86.87,1878.89,5.1,Cotton,Sowing,No,West
Loamy,6.32,56.44,38.76,73.85,273.22,4.07,Wheat,Sowing,No,South
Sandy,5.98,20.3,29.6,81.61,258.68,15.98,Rice,Sowing,Yes,West
Clay,7.64,50.97,20.44,29.19,732.5,13.5,Sugarcane,Vegetative,No,North
Sandy,7.38,58.24,36.55,87.33,314.41,16.85,Cotton,Vegetative,Yes,West
Sandy,5.89,17.78,35.79,54.34,1850.82,8.67,Potato,Vegetative,Yes,West
Clay,5.15,27.77,35.94,87.83,2467.04,11.88,Rice,Vegetative,Yes,South
Sandy,5.04,63.3,12.49,29.54,1638.14,8.64,Sugarcane,Flowering,No,West
Silt,5.12,52.5,34.62,86.94,622.62,4.81,Rice,Vegetative,No,North
Clay,6.78,24.11,37.58,72.14,1410.68,12.8,Sugarcane,Vegetative,Yes,East
Silt,4.98,40.14,30.15,63.8,2014.12,8.08,Sugarcane,Flowering,Yes,Central
Loamy,5.95,31.05,34.54,29.32,2405.52,5.36,Maize,Harvest,Yes,South
Sandy,7.36,35.93,35.29,73.19,12.68,18.8,Sugarcane,Vegetative,Yes,West
Loamy,5.8,28.24,27.2,66.84,1309.23,2.6,Potato,Flowering,No,West
Loamy,7.4,23.92,36.41,75.84,1133.04,15.65,Sugarcane,Harvest,No,East
Sandy,7.33,46.46,35.77,75.17,1036.23,11.22,Potato,Sowing,Yes,East
Clay,5.64,52.38,39.48,56.06,1259.59,15.38,Rice,Harvest,No,West
Sandy,7.28,57.82,39.64,39.33,1008.77,2.25,Wheat,Sowing,Yes,East
Loamy,7.34,16.85,27.89,89.33,860.04,8.11,Sugarcane,Flowering,No,West
Loamy,6.15,54.9,12.94,89.79,287.02,16.02,Sugarcane,Flowering,Yes,West
Clay,5.52,22.52,12.57,39.84,1249.61,16.39,Wheat,Flowering,Yes,West
Sandy,6.57,32.36,40.17,69.15,2052.63,15.88,Sugarcane,Flowering,No,Central
Loamy,7.93,59.38,22.12,39.2,261.83,15.01,Cotton,Harvest,Yes,West
Silt,6.97,33.91,23.33,85.29,1846.23,7.84,Cotton,Flowering,No,East
Loamy,5.39,19.23,26.1,31.87,669.42,14.47,Rice,Vegetative,No,North
Loamy,7.12,17.11,19.97,94.31,953.11,2.63,Potato,Flowering,No,South
Clay,6.25,34.96,29.71,67.76,2470.21,3.67,Maize,Flowering,No,South
Silt,6.81,51.47,35.54,26.6,1688.03,11.03,Cotton,Sowing,No,South
Loamy,7.3,64.84,19.72,86.73,1797.78,11.22,Cotton,Vegetative,Yes,South
Loamy,6.55,52.88,34.29,72.91,1505.98,9.7,Sugarcane,Sowing,No,West
Silt,7.57,57.99,32.16,73.81,805.91,14.83,Sugarcane,Vegetative,Yes,North
Sandy,7.26,50.63,27.77,44.25,1687.79,11.49,Cotton,Harvest,Yes,Central
Sandy,6.89,59.04,21.76,48.58,1143.17,1.78,Cotton,Harvest,No,West
Loamy,5.31,12.35,38.18,89.01,2080.21,17.8,Potato,Harvest,Yes,North
Loamy,7.64,61.01,24.08,69.45,1427.64,12.75,Sugarcane,Flowering,No,East
Sandy,7.98,30.6,23.24,26.19,1928.09,17.96,Wheat,Vegetative,No,East
Clay,5.27,60.53,31.24,47.92,2121.27,8.88,Cotton,Harvest,Yes,Central
Silt,6.46,12.32,39.61,66.9,2052.8,0.54,Maize,Vegetative,Yes,North
Silt,5.68,48.77,27.24,35.36,1005.27,15.37,Wheat,Harvest,Yes,North
Clay,7.37,49.93,33.68,31.88,921.89,11.54,Maize,Sowing,No,East
Clay,7.25,64.82,25.71,29.16,2172.67,0.88,Maize,Harvest,Yes,North
Clay,5.28,51.82,18.56,69.14,357.75,11.67,Rice,Sowing,Yes,South
Clay,7.78,29.81,15.72,47.44,698.51,18.66,Sugarcane,Flowering,No,Central
Clay,5.42,39.76,16.09,51.16,302.52,4.57,Maize,Sowing,Yes,North
Clay,7.51,28.89,12.64,29.2,105.23,5.99,Cotton,Vegetative,Yes,South
Silt,6.35,19.17,28.59,76.66,1539.65,13.17,Cotton,Sowing,No,Central
Clay,5.92,22.16,15.93,78.67,2251.95,16.51,Wheat,Harvest,Yes,South
Sandy,5.34,20.65,37.97,83.06,323.54,13.01,Cotton,Vegetative,No,Central
Clay,5.37,39.28,41.49,70.62,1989.27,13.6,Cotton,Harvest,No,Central
Clay,7.05,59.65,26.88,79.13,948.35,6.87,Potato,Sowing,Yes,Central
Silt,6.67,60.03,25.49,65.41,1545.35,0.7,Rice,Flowering,Yes,South
Silt,5.22,11.12,22.44,59.41,1909.35,16.88,Maize,Harvest,Yes,North
Clay,5.18,12.55,31.14,43.19,1775.2,19.91,Sugarcane,Flowering,No,South
Silt,5.05,21.97,30.24,28.74,341.76,17.4,Wheat,Vegetative,No,South
Loamy,7.33,22.54,22.3,45.43,288.46,8.25,Rice,Sowing,Yes,West
Silt,7.22,13.41,22.29,72.85,2310.48,7.36,Maize,Sowing,No,West
Silt,5.0,30.14,31.34,89.88,198.68,19.22,Maize,Sowing,Yes,North
Silt,6.7,41.5,28.64,42.93,546.0,19.77,Cotton,Harvest,No,East
Silt,5.09,40.96,33.56,71.89,1095.87,12.44,Cotton,Harvest,Yes,South
Sandy,7.87,38.98,40.24,58.48,2052.53,10.53,Wheat,Harvest,Yes,South
Sandy,7.88,27.3,35.39,68.93,1506.56,10.57,Sugarcane,Vegetative,Yes,West
Sandy,7.17,48.27,21.13,25.11,1427.96,4.44,Cotton,Flowering,No,West
Clay,7.95,55.11,34.77,33.59,1729.89,14.7,Sugarcane,Flowering,No,East
Clay,7.56,27.74,25.5,40.19,2005.4,3.84,Cotton,Sowing,Yes,East
Loamy,7.62,12.88,35.33,87.54,581.31,4.59,Sugarcane,Harvest,No,West
Sandy,6.74,24.89,38.6,27.84,47.25,13.65,Cotton,Vegetative,Yes,East
Clay,5.84,15.83,19.5,64.87,317.99,17.45,Potato,Sowing,No,East
Silt,5.54,34.64,19.16,90.0,412.91,13.49,Cotton,Vegetative,No,South
Silt,5.91,16.89,24.98,70.64,100.06,9.76,Potato,Vegetative,Yes,North
Sandy,6.94,34.38,13.55,58.91,1868.8,14.06,Cotton,Sowing,Yes,East
Loamy,5.39,20.6,32.57,52.02,2212.31,9.37,Cotton,Harvest,No,Central
Loamy,5.68,50.11,34.49,68.69,1776.62,13.26,Sugarcane,Vegetative,Yes,North
Silt,6.39,9.57,22.36,58.63,471.56,15.72,Rice,Sowing,Yes,West
Loamy,5.59,39.62,25.96,74.38,1516.11,0.79,Wheat,Vegetative,Yes,West
Sandy,6.8,17.66,29.71,68.24,1301.51,4.77,Rice,Flowering,No,North
Silt,7.94,8.06,14.21,64.72,2049.91,14.21,Sugarcane,Vegetative,No,North
Clay,7.34,57.54,33.34,91.98,2355.75,8.33,Wheat,Sowing,Yes,South
Clay,7.07,46.28,27.8,83.5,1857.34,10.68,Cotton,Sowing,No,Central
Loamy,6.78,13.64,30.73,67.62,1281.35,13.86,Rice,Sowing,No,East
Silt,6.46,45.85,33.71,62.71,1277.62,10.77,Wheat,Harvest,No,North
Silt,5.43,42.86,32.27,75.68,2019.47,16.82,Rice,Harvest,Yes,South
Clay,7.84,34.98,14.86,81.27,306.29,7.89,Sugarcane,Vegetative,Yes,West
Silt,5.65,31.9,35.48,45.67,383.28,13.99,Wheat,Flowering,No,East
Silt,5.11,58.56,30.3,71.69,858.78,8.8,Cotton,Vegetative,No,Central
Silt,7.35,21.97,33.45,34.46,1867.85,10.82,Maize,Vegetative,No,Central
Loamy,5.4,30.7,19.85,55.13,164.94,2.72,Cotton,Vegetative,Yes,West
Silt,6.06,26.76,18.64,90.69,860.81,16.71,Maize,Flowering,No,South
Sandy,4.9,51.96,36.78,47.84,796.35,6.74,Cotton,Harvest,Yes,South
Loamy,5.27,60.24,23.71,35.8,1214.34,6.37,Sugarcane,Vegetative,Yes,West
Silt,5.39,56.44,29.26,35.23,1159.29,2.23,Wheat,Vegetative,Yes,Central
Silt,4.98,53.47,28.55,52.56,1786.01,10.37,Rice,Flowering,Yes,East
Sandy,7.03,64.25,29.56,40.76,1563.9,8.65,Potato,Vegetative,No,Central
Loamy,7.65,47.74,14.09,54.88,2256.92,2.43,Cotton,Vegetative,No,West
Clay,6.07,50.81,21.07,75.32,451.64,15.16,Maize,Harvest,No,East
Clay,7.77,64.02,13.99,87.17,1080.2,1.8,Wheat,Vegetative,Yes,East
Loamy,5.53,8.4,26.4,32.71,1000.24,3.33,Potato,Sowing,Yes,East
Silt,5.91,44.14,39.06,78.79,281.3,9.48,Rice,Flowering,No,East
Silt,5.31,50.12,23.68,32.24,412.07,7.48,Maize,Sowing,No,South
Clay,6.91,60.32,35.47,51.56,841.58,5.87,Maize,Flowering,Yes,North
Clay,6.23,58.38,20.62,94.76,1837.01,11.5,Potato,Vegetative,Yes,North
Clay,6.89,55.99,37.69,29.81,375.4,10.72,Wheat,Flowering,Yes,West
Sandy,7.39,61.91,24.59,26.6,663.3,8.93,Sugarcane,Vegetative,No,West
Clay,6.66,38.63,22.66,48.36,1691.05,15.64,Sugarcane,Harvest,No,East
Sandy,6.93,8.39,32.92,91.58,1491.64,10.21,Sugarcane,Sowing,No,Central
Loamy,7.98,8.63,27.38,26.4,260.98,19.59,Potato,Vegetative,No,West
Silt,5.82,39.04,22.12,40.59,2359.26,16.14,Wheat,Harvest,Yes,North
Clay,6.02,32.81,13.74,67.22,370.07,2.58,Maize,Vegetative,No,Central
Silt,7.24,33.72,17.0,41.36,153.52,5.84,Wheat,Sowing,No,West
Silt,6.88,30.82,35.17,28.77,760.63,10.95,Sugarcane,Flowering,No,South
Clay,5.41,60.31,39.62,28.67,66.17,9.64,Cotton,Sowing,Yes,West
Clay,6.08,28.47,17.07,64.14,76.81,1.42,Wheat,Harvest,Yes,South
Loamy,6.39,56.8,29.08,64.33,1446.83,10.8,Cotton,Flowering,No,Central
Sandy,6.23,59.46,13.03,74.45,2232.38,12.3,Sugarcane,Flowering,No,West
Sandy,5.41,36.47,20.73,34.22,1006.36,9.54,Wheat,Vegetative,Yes,North
Silt,7.94,33.48,25.46,59.99,755.36,17.39,Wheat,Sowing,Yes,East
Clay,7.39,51.38,34.08,67.07,2286.57,11.35,Cotton,Harvest,No,South
Loamy,6.44,48.35,13.32,40.57,153.65,15.84,Rice,Flowering,No,North
Loamy,7.11,26.73,35.44,63.31,1183.28,11.94,Cotton,Sowing,Yes,Central
Loamy,7.85,13.85,18.08,74.58,631.51,18.23,Sugarcane,Sowing,No,South
Loamy,5.26,23.1,34.79,94.36,954.28,4.68,Cotton,Sowing,Yes,North
Loamy,5.65,15.47,30.76,66.75,1026.98,16.72,Potato,Sowing,No,West
Sandy,6.65,24.8,22.19,85.28,1362.84,9.24,Rice,Vegetative,Yes,North
Sandy,7.52,22.92,33.71,83.36,1133.13,14.1,Sugarcane,Vegetative,Yes,North
Sandy,4.92,44.35,19.09,90.82,2470.12,11.54,Potato,Harvest,Yes,South
Clay,8.15,62.41,18.59,75.61,63.78,2.62,Wheat,Harvest,No,North
Silt,6.35,47.09,13.85,39.92,1894.15,9.01,Wheat,Harvest,No,North
Loamy,6.02,60.82,23.79,45.87,127.49,13.64,Rice,Vegetative,Yes,South
Clay,5.8,52.7,14.93,79.93,1077.68,18.02,Potato,Flowering,Yes,North
Loamy,5.39,49.49,24.59,61.46,504.62,4.76,Sugarcane,Sowing,No,North
Sandy,7.49,31.6,12.29,42.59,2363.26,7.43,Sugarcane,Vegetative,No,North
Clay,8.05,26.51,16.65,70.97,1806.23,7.53,Wheat,Vegetative,Yes,Central
Sandy,6.21,56.24,39.97,88.46,1157.12,10.73,Cotton,Vegetative,Yes,South
Loamy,8.04,59.61,35.87,50.04,2380.61,17.33,Cotton,Harvest,Yes,North
Loamy,7.6,33.76,19.08,66.74,1803.24,8.21,Sugarcane,Harvest,Yes,East
Silt,6.44,8.52,33.55,65.71,2379.85,3.36,Rice,Harvest,No,Central
Loamy,7.09,53.17,32.05,33.89,1761.44,10.38,Rice,Flowering,Yes,South
Sandy,6.28,24.25,17.31,31.32,194.28,1.23,Potato,Sowing,Yes,East
Loamy,6.7,8.56,23.13,87.26,1540.76,7.22,Wheat,Sowing,Yes,North
Silt,5.0,53.88,39.41,90.35,2450.87,10.53,Maize,Vegetative,No,North
Silt,7.17,37.49,34.16,88.3,535.46,10.59,Potato,Sowing,Yes,West
Sandy,4.98,47.06,34.81,52.77,1981.85,16.48,Rice,Flowering,Yes,West
Clay,7.58,60.14,28.92,45.13,461.58,16.12,Potato,Vegetative,No,Central
Loamy,7.6,38.85,31.97,90.95,1130.59,6.01,Maize,Sowing,No,West
Silt,5.61,36.68,27.26,86.8,211.66,6.37,Cotton,Harvest,No,East
Loamy,5.9,24.57,34.23,82.39,851.47,19.64,Wheat,Flowering,No,South
Loamy,6.44,25.4,33.98,48.39,1940.57,8.13,Cotton,Harvest,No,East
Clay,6.83,53.4,12.93,69.71,113.17,3.29,Rice,Vegetative,Yes,East
Silt,5.78,33.59,30.95,77.53,800.49,13.31,Cotton,Harvest,Yes,North
Loamy,6.81,17.32,30.89,65.33,1574.38,5.25,Sugarcane,Harvest,Yes,East
Silt,5.81,13.39,14.02,67.14,2371.39,12.27,Cotton,Sowing,No,East
Sandy,4.99,34.96,24.31,77.97,613.38,16.51,Maize,Flowering,Yes,North
Sandy,4.81,34.5,38.96,78.68,432.88,3.89,Maize,Sowing,No,East
Loamy,5.14,45.25,40.6,41.8,509.18,9.31,Cotton,Flowering,Yes,West
Silt,7.49,34.85,35.47,52.35,592.02,7.97,Rice,Vegetative,No,East
Loamy,8.07,16.18,16.54,79.68,1595.8,19.99,Maize,Vegetative,No,West
Silt,6.25,36.94,23.24,43.3,2496.67,14.38,Potato,Sowing,Yes,Central
Silt,6.54,59.69,17.48,89.09,1308.98,2.11,Wheat,Harvest,Yes,South
Clay,5.3,17.09,31.56,83.72,678.58,4.96,Sugarcane,Vegetative,No,South
Clay,6.67,47.32,35.19,87.68,1867.4,3.57,Rice,Flowering,No,Central
Clay,5.29,41.85,38.51,45.81,395.63,0.8,Wheat,Flowering,Yes,East
Loamy,6.88,50.67,37.82,32.36,75.04,6.66,Rice,Harvest,Yes,North
Clay,7.97,16.58,14.98,32.04,1513.16,6.83,Maize,Vegetative,Yes,South
Clay,5.47,61.67,15.77,63.91,525.74,5.08,Rice,Harvest,Yes,South
Sandy,7.4,43.4,39.29,46.39,998.09,11.29,Wheat,Vegetative,Yes,North
Silt,4.88,56.28,37.31,43.45,577.84,4.76,Potato,Flowering,Yes,West
Silt,6.08,22.06,25.81,40.57,2295.15,18.85,Potato,Flowering,Yes,East
Clay,5.18,50.15,24.9,64.35,844.97,14.78,Rice,Flowering,Yes,Central
Silt,6.0,52.52,28.58,63.37,1122.68,2.87,Potato,Harvest,No,Central
Sandy,5.39,30.65,29.9,54.56,587.11,5.74,Maize,Sowing,Yes,South
Sandy,6.07,29.89,19.63,34.69,212.13,19.66,Cotton,Sowing,No,South
Clay,6.22,45.49,24.11,90.02,1281.39,4.4,Wheat,Sowing,No,North
Sandy,5.82,13.32,30.59,54.96,2171.81,2.78,Potato,Flowering,Yes,North
Silt,7.03,49.93,18.19,33.65,879.2,5.03,Cotton,Vegetative,No,South
Loamy,7.92,10.44,41.96,27.6,1952.42,14.42,Maize,Harvest,No,South
Silt,6.16,18.86,20.49,35.68,81.53,10.6,Wheat,Flowering,Yes,Central
Loamy,5.45,45.86,28.57,45.8,588.77,1.82,Cotton,Sowing,No,West
Clay,5.72,13.6,28.62,69.11,328.74,7.55,Wheat,Sowing,Yes,West
Loamy,7.7,63.39,25.54,92.97,1007.21,2.19,Sugarcane,Vegetative,Yes,South
Sandy,6.74,57.5,19.25,44.04,2235.83,6.17,Cotton,Harvest,No,South
Silt,6.35,43.7,28.96,80.29,933.78,3.83,Cotton,Flowering,No,South
Loamy,5.31,54.69,14.73,88.8,1508.31,4.8,Sugarcane,Sowing,No,Central
Silt,6.33,58.59,23.61,52.41,2245.36,15.67,Maize,Flowering,No,South
Clay,5.75,22.79,18.73,42.73,899.47,15.78,Sugarcane,Harvest,Yes,West
Clay,8.01,56.42,15.73,59.37,914.39,14.78,Wheat,Vegetative,No,East
Sandy,7.81,19.1,39.76,87.77,219.96,13.92,Wheat,Vegetative,Yes,Central
Clay,5.09,31.56,33.0,25.77,872.62,5.28,Wheat,Vegetative,Yes,West
Loamy,6.56,39.82,17.06,59.06,1865.4,9.09,Maize,Flowering,No,West
Clay,5.57,48.69,40.48,78.03,2111.57,9.47,Sugarcane,Flowering,Yes,East
Sandy,6.2,9.72,18.48,67.08,1806.88,10.93,Rice,Vegetative,No,West
Silt,7.78,24.56,19.07,59.81,17.31,17.2,Cotton,Flowering,No,West
Silt,6.59,42.69,16.0,63.75,292.44,17.83,Sugarcane,Vegetative,No,West
Clay,5.94,28.37,33.84,68.35,1827.45,4.71,Wheat,Harvest,No,East
Loamy,5.51,52.18,29.13,72.75,2355.99,8.92,Sugarcane,Flowering,Yes,East
Sandy,7.52,45.14,13.75,49.93,1738.4,3.39,Sugarcane,Flowering,No,Central
Loamy,6.92,21.36,12.76,61.22,565.26,13.14,Maize,Vegetative,Yes,North
Sandy,6.39,16.32,27.98,44.15,268.9,11.66,Cotton,Vegetative,Yes,North
Clay,5.54,43.86,31.55,93.88,2192.54,17.09,Maize,Vegetative,No,North
Sandy,5.94,33.68,36.69,38.11,247.58,10.62,Potato,Flowering,No,Central
Sandy,8.06,17.63,26.35,35.55,377.59,15.73,Maize,Vegetative,Yes,East
Clay,6.57,26.6,32.3,43.82,1491.73,6.7,Wheat,Sowing,Yes,West
Loamy,6.16,25.27,34.01,89.4,474.99,14.04,Maize,Flowering,Yes,West
Clay,6.57,14.16,30.39,71.12,568.98,1.28,Cotton,Flowering,Yes,North
Sandy,7.45,39.17,22.57,56.91,355.65,3.45,Wheat,Vegetative,Yes,North
Clay,5.96,51.53,15.96,89.78,2360.82,9.22,Maize,Flowering,No,West
Sandy,5.41,40.8,31.43,88.01,312.31,17.79,Wheat,Flowering,No,North
Clay,6.79,55.1,35.06,53.11,2328.33,17.76,Sugarcane,Flowering,Yes,Central
Silt,7.06,15.27,17.69,64.45,815.49,12.18,Cotton,Sowing,No,Central
Silt,7.22,32.83,26.85,88.38,2053.9,3.03,Rice,Sowing,Yes,North
Clay,7.8,42.74,23.92,47.36,2374.99,13.78,Rice,Vegetative,No,Central
Loamy,6.06,46.53,18.17,53.53,1298.14,3.95,Rice,Flowering,No,Central
Sandy,5.06,47.66,19.36,80.51,1925.43,7.33,Sugarcane,Sowing,Yes,Central
Silt,8.06,49.55,19.13,73.9,665.03,6.63,Maize,Harvest,No,Central
Loamy,6.28,45.13,24.57,28.41,957.41,17.75,Potato,Vegetative,Yes,East
Sandy,6.92,13.37,23.71,33.22,1382.47,14.02,Sugarcane,Vegetative,No,East
Silt,7.07,47.63,28.63,84.24,2126.15,1.89,Rice,Harvest,Yes,South
Silt,6.66,49.31,14.8,27.08,1551.85,16.95,Maize,Vegetative,Yes,North
Clay,5.5,64.63,29.44,89.4,55.25,8.89,Sugarcane,Harvest,No,West
Sandy,7.37,47.52,12.66,44.02,761.96,15.22,Maize,Harvest,Yes,West
Loamy,7.53,47.15,19.72,66.89,2162.43,15.65,Rice,Flowering,Yes,North
Loamy,6.68,37.34,27.06,64.52,600.59,19.97,Cotton,Vegetative,Yes,North
Loamy,6.46,57.47,32.61,52.74,919.82,7.27,Rice,Harvest,Yes,East
Sandy,5.19,64.82,35.14,27.2,974.04,17.36,Potato,Flowering,No,Central
Loamy,5.09,52.41,13.07,38.47,386.13,6.09,Rice,Vegetative,Yes,South
Loamy,5.95,42.91,28.12,68.05,874.53,19.91,Wheat,Vegetative,No,North
Loamy,5.86,12.5,22.63,56.25,2043.55,8.5,Potato,Flowering,No,Central
Clay,8.04,49.42,32.85,53.97,2122.73,13.37,Maize,Flowering,Yes,North
Clay,7.46,48.39,20.51,31.84,1452.24,19.89,Wheat,Sowing,Yes,North
Sandy,7.04,52.21,34.31,49.3,1696.85,4.41,Sugarcane,Harvest,Yes,North
Sandy,6.56,15.1,30.07,61.85,1336.43,12.67,Sugarcane,Vegetative,No,Central
Loamy,5.37,45.26,35.69,30.44,110.68,19.97,Rice,Flowering,Yes,East
Clay,8.13,24.86,41.53,29.67,1741.71,18.91,Potato,Vegetative,No,North
Silt,6.08,51.34,39.26,59.41,2491.38,4.8,Wheat,Harvest,Yes,North
Silt,5.16,21.7,29.8,64.29,569.56,2.43,Wheat,Vegetative,Yes,South
Loamy,6.48,46.99,38.81,43.03,2455.38,8.81,Cotton,Sowing,Yes,South
Loamy,7.77,24.81,16.59,47.8,2494.43,15.39,Cotton,Harvest,No,West
Clay,7.82,8.51,13.29,80.78,353.79,15.9,Rice,Harvest,Yes,Central
Clay,4.84,44.1,27.99,85.85,2315.34,12.34,Potato,Sowing,Yes,West
Clay,7.81,14.46,41.23,47.77,1688.83,12.49,Potato,Harvest,No,East
Sandy,5.72,45.58,33.29,49.9,1165.93,2.85,Sugarcane,Vegetative,No,Central
Sandy,4.93,60.76,21.15,83.12,861.65,9.1,Cotton,Flowering,Yes,South
Loamy,7.68,63.25,32.06,93.17,1574.5,11.74,Wheat,Harvest,No,North
Sandy,7.74,21.45,13.2,47.44,2106.97,13.83,Wheat,Vegetative,Yes,North
Clay,6.83,54.13,26.12,80.21,85.26,2.29,Rice,Vegetative,No,East
Clay,6.75,28.15,19.12,58.58,1338.66,13.97,Maize,Flowering,No,South
Sandy,7.56,59.33,13.48,43.46,1625.66,18.85,Maize,Vegetative,No,East
Silt,7.47,52.89,19.5,72.72,64.01,15.83,Sugarcane,Harvest,Yes,Central
Loamy,7.83,12.21,33.67,57.38,2222.69,12.67,Potato,Harvest,No,Central
Silt,6.68,31.21,28.54,43.77,2379.47,2.39,Potato,Harvest,Yes,East
Loamy,8.09,27.23,12.7,32.51,1531.23,15.99,Rice,Flowering,No,Central
Silt,8.19,52.76,24.29,85.69,292.5,13.43,Cotton,Flowering,No,Central
Sandy,5.2,31.39,34.57,86.51,2331.03,11.2,Sugarcane,Flowering,No,North
Loamy,7.69,47.02,40.64,30.25,2012.52,16.14,Cotton,Flowering,Yes,South
Loamy,6.5,42.34,38.23,71.44,71.37,13.65,Potato,Sowing,No,South
Loamy,6.12,63.61,12.05,36.38,1447.89,9.66,Rice,Flowering,Yes,Central
Clay,6.88,61.45,18.56,70.24,286.34,5.07,Sugarcane,Flowering,Yes,West
Clay,4.99,32.38,18.23,88.53,352.67,10.33,Potato,Vegetative,No,East
Silt,6.52,49.24,24.39,43.22,481.27,3.5,Potato,Flowering,Yes,East
Sandy,7.76,55.28,31.37,49.36,990.47,1.67,Sugarcane,Sowing,No,Central
Clay,5.53,59.24,16.59,80.66,2190.96,5.06,Cotton,Vegetative,No,East
Loamy,6.25,11.88,39.47,76.48,77.69,7.66,Maize,Sowing,No,East
Clay,7.99,25.22,35.31,53.61,1723.03,13.11,Maize,Vegetative,Yes,North
Sandy,6.26,26.25,24.58,84.4,2411.38,10.24,Cotton,Sowing,Yes,Central
Clay,6.02,32.76,29.52,89.44,1603.08,14.84,Wheat,Vegetative,No,West
Loamy,6.3,17.65,28.25,56.69,2039.01,14.88,Wheat,Vegetative,Yes,Central
Silt,6.57,36.28,29.47,27.76,2254.43,14.27,Sugarcane,Flowering,Yes,South
Loamy,6.95,45.8,37.8,60.66,1786.99,11.18,Cotton,Harvest,Yes,Central
Sandy,7.52,36.35,18.0,76.78,1649.61,13.43,Maize,Sowing,Yes,South
Silt,6.34,45.95,32.51,40.4,44.92,19.56,Rice,Flowering,Yes,South
Clay,7.58,11.79,15.21,31.96,1297.22,14.26,Wheat,Vegetative,Yes,West
Clay,6.61,57.93,25.77,44.97,1173.06,14.98,Rice,Flowering,No,Central
Clay,5.95,61.53,31.08,25.81,1306.76,6.18,Maize,Flowering,Yes,West
Silt,7.04,43.22,12.38,75.08,1081.2,9.82,Cotton,Sowing,No,West
Loamy,7.24,58.24,15.24,35.22,2266.39,8.99,Wheat,Flowering,No,East
Silt,6.7,15.49,14.74,75.66,2222.58,7.39,Sugarcane,Sowing,No,North
Silt,4.99,53.45,23.24,41.42,314.25,9.46,Rice,Harvest,No,West
Sandy,5.38,14.79,30.66,94.44,1332.23,12.16,Potato,Flowering,No,Central
Silt,5.77,31.26,41.88,62.23,2398.9,12.67,Potato,Vegetative,No,South
Clay,5.76,26.46,19.62,27.89,1496.66,16.87,Potato,Flowering,No,West
Loamy,7.09,41.38,16.08,79.09,2004.17,13.3,Wheat,Flowering,No,South
Loamy,4.86,25.19,24.44,53.71,933.4,17.45,Maize,Vegetative,No,North
Loamy,7.37,44.33,16.38,67.51,943.12,13.3,Wheat,Flowering,No,Central
Clay,5.7,28.94,12.74,91.58,814.22,7.33,Wheat,Flowering,Yes,North
Clay,5.85,57.07,28.92,61.21,54.61,12.8,Cotton,Vegetative,No,West
Clay,6.59,44.13,38.39,81.31,2312.13,14.72,Cotton,Flowering,No,Central
Clay,5.53,20.27,37.83,46.2,874.1,13.87,Sugarcane,Harvest,Yes,South
Clay,7.81,27.16,15.02,75.02,917.72,17.07,Cotton,Harvest,No,North
Silt,5.09,56.3,16.42,31.95,1898.87,18.16,Potato,Flowering,Yes,East
Clay,6.31,30.03,26.73,87.53,1317.23,7.04,Maize,Vegetative,Yes,East
Clay,7.69,38.54,23.03,38.98,905.11,2.04,Sugarcane,Vegetative,Yes,South
Clay,6.89,44.99,33.09,46.14,2209.04,13.3,Rice,Harvest,No,Central
Clay,5.79,27.83,26.85,92.07,2063.45,2.65,Sugarcane,Vegetative,No,West
Loamy,6.23,24.76,12.6,35.86,2442.0,17.74,Cotton,Vegetative,Yes,North
Clay,7.2,35.09,20.54,42.81,1602.55,16.53,Sugarcane,Vegetative,No,North
Silt,8.11,20.25,39.04,65.61,1725.24,14.41,Sugarcane,Flowering,No,South
Silt,7.84,24.2,27.35,93.65,811.25,18.56,Wheat,Sowing,No,North
Silt,5.96,11.54,35.94,73.4,248.95,17.8,Potato,Harvest,Yes,West
Sandy,8.19,25.33,24.07,32.99,264.79,18.5,Wheat,Vegetative,Yes,Central
Loamy,4.81,26.28,32.31,77.37,1614.85,14.84,Wheat,Flowering,No,South
Clay,4.89,62.82,17.07,54.84,283.18,7.68,Sugarcane,Vegetative,No,East
Sandy,7.6,41.61,34.1,94.46,2266.57,1.43,Cotton,Harvest,No,East
Clay,5.48,52.88,35.6,69.01,1759.67,1.7,Maize,Sowing,Yes,Central
Sandy,5.01,10.59,14.7,62.24,565.52,15.97,Maize,Vegetative,Yes,West
Sandy,5.61,14.07,17.5,64.01,698.03,4.23,Rice,Harvest,Yes,West
Silt,6.25,54.43,25.89,69.91,1774.93,6.61,Maize,Harvest,No,North
Silt,7.28,43.54,31.12,76.23,2060.3,11.93,Cotton,Harvest,No,East
Sandy,6.92,18.89,31.12,30.48,2098.57,3.06,Maize,Vegetative,Yes,South
Silt,5.61,31.07,32.05,34.15,1502.57,19.71,Sugarcane,Harvest,Yes,South
Sandy,6.51,38.7,33.43,46.03,388.08,16.43,Sugarcane,Sowing,No,North
Loamy,7.95,56.09,27.17,58.46,2045.9,11.9,Wheat,Flowering,No,East
Silt,7.57,11.44,29.25,46.77,1979.11,18.21,Rice,Harvest,Yes,East
Silt,5.9,42.01,12.25,39.97,2088.39,10.12,Maize,Flowering,No,South
Silt,8.14,48.87,17.0,89.75,394.16,17.99,Sugarcane,Flowering,Yes,East
Loamy,7.21,63.74,26.96,27.28,1710.89,16.61,Potato,Harvest,No,West
Sandy,5.01,54.01,34.37,90.71,2400.61,0.77,Maize,Vegetative,No,West
Clay,4.92,23.74,36.27,88.51,640.15,16.04,Wheat,Flowering,Yes,East
Silt,5.37,48.45,33.87,72.86,1791.82,15.79,Rice,Vegetative,No,West
Sandy,7.27,51.51,26.59,27.28,647.29,6.69,Wheat,Vegetative,No,North
Loamy,5.42,49.59,20.44,40.77,767.74,10.11,Maize,Harvest,No,South
Clay,6.54,54.75,25.34,93.54,1213.17,3.19,Potato,Sowing,No,North
Silt,5.12,59.51,12.28,88.42,2237.39,13.5,Maize,Sowing,Yes,Central
Loamy,7.93,13.61,29.94,92.52,96.65,13.65,Wheat,Vegetative,Yes,Central
Loamy,5.97,13.97,14.24,94.73,2474.1,19.64,Potato,Vegetative,No,West
Clay,7.89,53.39,16.36,29.47,1930.19,14.59,Cotton,Vegetative,No,East
Sandy,8.01,22.39,30.78,64.96,899.45,9.22,Wheat,Sowing,No,North
Silt,4.82,11.34,12.4,83.39,885.4,4.02,Sugarcane,Vegetative,No,South
Silt,6.38,30.87,29.21,47.38,1207.45,15.86,Cotton,Flowering,Yes,West
Sandy,4.88,54.73,31.15,55.49,2188.7,7.4,Cotton,Flowering,No,West
Sandy,7.89,15.21,35.65,44.86,44.79,18.9,Maize,Flowering,Yes,East
Sandy,6.56,46.29,14.04,27.67,1370.62,5.9,Potato,Vegetative,Yes,West
Clay,5.05,8.21,12.09,30.09,140.22,4.33,Wheat,Harvest,Yes,West
Clay,5.17,14.26,35.01,26.5,289.0,12.6,Wheat,Vegetative,No,North
Silt,6.1,28.0,20.7,61.91,1726.66,18.35,Sugarcane,Flowering,Yes,West
Clay,8.0,12.77,38.62,68.29,585.77,3.25,Maize,Sowing,No,West
Loamy,7.16,56.22,17.55,46.54,103.99,1.31,Sugarcane,Flowering,Yes,West
Silt,7.75,57.25,29.57,82.83,410.59,19.36,Cotton,Sowing,Yes,East
Clay,6.05,51.07,15.28,87.16,521.6,3.17,Potato,Vegetative,Yes,North
Sandy,4.95,21.82,24.08,34.78,1924.45,12.35,Maize,Flowering,Yes,North
Loamy,8.11,37.83,38.46,28.63,1562.31,4.38,Maize,Vegetative,No,North
Sandy,4.86,18.5,30.25,47.36,1837.81,3.77,Maize,Vegetative,No,West
Silt,8.02,24.03,32.69,74.91,924.56,3.54,Wheat,Vegetative,No,North
Sandy,6.05,37.41,18.78,60.52,282.83,14.34,Maize,Vegetative,No,South
Clay,4.83,49.9,39.68,59.17,2013.23,15.31,Sugarcane,Harvest,No,Central
Clay,7.14,13.4,30.7,35.67,351.02,2.84,Sugarcane,Sowing,Yes,East
Silt,8.13,24.91,15.18,49.6,956.7,3.16,Sugarcane,Harvest,No,Central
Sandy,8.08,60.82,12.47,92.12,655.7,18.72,Cotton,Vegetative,No,Central
Silt,5.35,32.46,12.48,48.84,741.34,11.98,Cotton,Harvest,No,South
Sandy,5.42,61.52,13.54,66.4,1504.64,15.74,Cotton,Sowing,Yes,North
Loamy,6.72,64.51,39.35,29.08,410.88,2.07,Potato,Flowering,No,South
Clay,6.97,38.02,22.75,29.47,1114.68,1.52,Wheat,Vegetative,Yes,West
Silt,7.31,24.42,20.95,54.7,1596.72,8.23,Potato,Vegetative,Yes,Central
Loamy,5.42,53.07,24.5,67.29,2172.28,11.33,Maize,Harvest,No,West
Loamy,8.06,17.08,24.29,51.06,928.07,7.76,Wheat,Flowering,Yes,West
Silt,6.97,22.37,19.15,37.53,796.73,14.41,Cotton,Sowing,No,Central
Silt,7.68,52.74,14.75,76.52,919.62,13.55,Wheat,Flowering,Yes,East
Loamy,6.64,32.72,15.26,34.8,1251.99,9.21,Potato,Flowering,Yes,North
Sandy,6.21,19.49,29.98,71.76,782.74,2.05,Maize,Flowering,No,East
Loamy,8.12,45.11,23.91,91.97,626.13,12.11,Sugarcane,Flowering,No,West
Silt,6.78,49.77,39.07,57.94,938.26,5.22,Sugarcane,Sowing,Yes,Central
Loamy,7.75,15.13,25.91,39.03,1944.57,8.02,Cotton,Harvest,Yes,West
Sandy,8.04,23.79,27.1,83.94,632.04,0.78,Wheat,Vegetative,Yes,Central
Clay,7.1,20.61,39.85,60.38,2111.57,10.66,Sugarcane,Harvest,Yes,South
Clay,6.67,29.65,27.05,89.63,712.77,14.13,Wheat,Vegetative,Yes,Central
Loamy,4.81,51.52,27.06,75.44,1507.69,11.76,Sugarcane,Harvest,No,North
Sandy,4.94,48.68,22.89,55.14,2427.44,15.16,Wheat,Harvest,Yes,East
Clay,5.48,45.76,33.31,68.22,2379.48,19.99,Sugarcane,Sowing,No,Central
Loamy,5.43,8.36,23.77,36.9,1086.58,12.84,Wheat,Flowering,Yes,Central
Loamy,5.67,16.1,29.65,52.11,168.79,4.81,Rice,Sowing,Yes,North
Sandy,5.84,20.73,25.42,66.57,2256.57,11.66,Maize,Sowing,Yes,South
Silt,6.02,23.5,27.86,66.3,317.29,5.28,Wheat,Vegetative,No,South
Loamy,6.23,16.35,36.81,66.11,2308.87,6.94,Potato,Vegetative,No,North
Silt,5.14,31.39,24.41,77.05,1831.58,7.36,Wheat,Harvest,Yes,North
Silt,4.94,12.29,18.9,32.4,2335.6,10.64,Potato,Harvest,No,West
Clay,7.09,50.75,29.11,30.16,1663.48,10.71,Potato,Flowering,Yes,West
Silt,6.63,52.9,40.13,35.36,2487.78,13.51,Cotton,Harvest,Yes,South
Sandy,6.31,40.73,32.8,80.47,1167.5,9.04,Wheat,Sowing,Yes,East
Clay,6.96,13.11,21.25,29.54,824.05,4.16,Wheat,Harvest,No,Central
Clay,7.61,58.73,40.89,40.77,983.28,10.07,Cotton,Vegetative,No,South
Clay,6.25,63.04,22.28,42.83,875.72,16.03,Rice,Vegetative,Yes,East
Loamy,6.98,19.53,41.5,70.31,1001.99,14.21,Wheat,Harvest,No,East
Loamy,8.04,48.16,17.76,53.11,2213.01,2.75,Cotton,Flowering,No,North
Silt,7.65,55.99,41.99,38.93,1480.15,18.99,Maize,Harvest,Yes,South
Clay,6.25,38.77,14.28,56.47,1814.24,6.46,Sugarcane,Harvest,Yes,West
Clay,6.99,26.43,33.4,72.98,719.68,11.94,Maize,Sowing,Yes,Central
Sandy,5.4,35.28,34.21,80.02,2474.68,1.13,Rice,Flowering,No,East
Silt,6.71,37.2,32.39,33.67,701.84,18.23,Maize,Harvest,No,East
Sandy,8.14,30.84,35.33,75.03,397.56,13.83,Sugarcane,Sowing,No,Central
Silt,6.56,61.0,26.15,25.32,1945.49,5.88,Rice,Harvest,No,West
Silt,7.95,50.4,13.62,75.7,2097.69,13.82,Maize,Harvest,Yes,South
Loamy,6.18,21.75,22.73,71.27,984.49,6.2,Maize,Sowing,Yes,Central
Loamy,8.2,41.38,31.27,57.81,1352.68,5.56,Wheat,Flowering,No,North
Sandy,6.77,47.26,31.39,34.58,1035.32,9.22,Rice,Sowing,No,North
Silt,4.94,15.99,17.86,78.52,734.8,12.2,Maize,Harvest,No,East
Clay,6.79,28.43,19.59,30.02,2033.44,4.58,Potato,Vegetative,No,South
Loamy,5.73,59.62,26.6,87.69,1892.59,14.99,Sugarcane,Flowering,No,South
Clay,4.91,40.33,33.86,79.14,1213.32,11.77,Potato,Vegetative,Yes,South
Sandy,7.59,20.37,37.58,76.87,1138.88,0.65,Maize,Flowering,No,West
Loamy,5.74,15.0,14.59,77.81,450.41,11.21,Wheat,Harvest,Yes,West
Loamy,7.51,37.54,39.77,29.73,1593.18,8.71,Sugarcane,Vegetative,No,North
Silt,5.78,39.22,39.83,94.3,2309.19,13.55,Cotton,Vegetative,No,Central
Sandy,5.46,27.06,12.24,85.1,1797.11,18.01,Wheat,Harvest,No,South
Silt,8.11,43.93,27.19,60.56,1265.68,5.62,Maize,Sowing,No,North
Loamy,6.03,11.92,29.61,75.36,96.65,13.64,Potato,Harvest,Yes,North
Sandy,6.84,16.27,28.61,76.75,2325.71,3.46,Wheat,Harvest,No,South
Loamy,6.87,39.14,30.47,83.08,770.11,2.17,Wheat,Flowering,No,Central
Sandy,6.71,11.52,27.1,42.88,749.88,18.67,Potato,Harvest,Yes,Central
Loamy,7.91,58.21,20.81,51.04,1173.99,17.31,Sugarcane,Harvest,Yes,Central
Clay,7.09,16.1,14.87,80.98,1072.91,10.28,Rice,Sowing,No,West
Clay,6.17,46.41,18.25,78.83,2405.87,3.2,Cotton,Sowing,Yes,Central
Silt,7.73,30.3,34.21,61.58,412.52,5.63,Cotton,Flowering,No,East
Clay,5.42,30.79,19.23,52.73,1722.81,11.56,Rice,Harvest,Yes,South
Loamy,6.65,51.6,36.89,92.79,266.91,13.21,Wheat,Harvest,Yes,South
Loamy,8.03,36.47,24.1,54.05,692.24,13.97,Cotton,Flowering,Yes,North
Clay,6.93,49.36,24.43,78.48,1805.34,15.08,Sugarcane,Flowering,Yes,North
Silt,7.58,36.8,38.05,53.88,2010.11,4.59,Maize,Vegetative,No,South
Clay,7.02,41.8,18.43,46.69,1172.31,6.28,Sugarcane,Vegetative,Yes,Central
Sandy,7.65,51.36,17.69,69.87,1973.36,0.75,Sugarcane,Sowing,No,Central
Sandy,8.01,42.62,41.56,81.53,2337.82,1.94,Maize,Flowering,No,North
Sandy,5.73,43.09,28.22,93.7,2339.47,6.54,Maize,Sowing,No,East
Clay,5.38,52.99,17.72,35.42,856.19,4.12,Sugarcane,Harvest,Yes,East
Clay,6.45,62.1,16.97,86.33,780.35,10.1,Cotton,Harvest,No,North
Clay,7.19,29.47,37.85,61.69,1816.11,17.05,Cotton,Harvest,No,East
Sandy,5.57,40.9,30.0,32.54,1635.24,14.6,Sugarcane,Harvest,Yes,East
Silt,4.81,12.92,15.45,80.61,980.66,15.21,Potato,Sowing,Yes,North
Loamy,5.97,28.45,38.61,48.21,571.68,12.2,Potato,Harvest,No,South
Clay,8.09,31.49,25.32,85.78,1546.08,14.16,Maize,Flowering,No,North
Silt,7.16,55.61,41.68,36.05,1075.6,4.01,Sugarcane,Harvest,No,Central
Loamy,6.16,37.26,20.45,74.78,330.28,11.27,Wheat,Harvest,No,West
Loamy,5.45,49.67,27.86,46.06,1598.12,11.63,Wheat,Harvest,No,East
Loamy,6.01,9.08,17.19,43.01,1744.19,12.76,Wheat,Harvest,No,North
Silt,5.38,34.48,25.19,28.52,910.58,15.7,Wheat,Sowing,No,North
Silt,5.16,59.38,17.3,58.73,2079.89,18.91,Maize,Vegetative,Yes,North
Sandy,7.88,20.79,21.22,52.41,184.18,14.38,Wheat,Harvest,Yes,West
Silt,8.19,9.8,20.1,29.32,1239.77,18.49,Wheat,Harvest,No,East
Silt,5.36,32.7,20.49,40.86,2390.84,11.22,Maize,Flowering,Yes,Central
Silt,4.99,48.15,41.09,59.11,476.16,6.14,Rice,Harvest,Yes,South
Loamy,5.92,33.9,13.15,81.58,430.81,13.34,Cotton,Flowering,No,Central
Clay,6.37,34.22,26.91,90.06,946.74,19.63,Cotton,Vegetative,No,North
Sandy,5.5,46.18,30.88,61.07,670.21,14.34,Wheat,Harvest,Yes,North
Clay,5.82,22.5,31.82,53.23,553.83,19.4,Wheat,Flowering,Yes,Central
Clay,5.48,50.86,34.64,91.83,2374.61,0.94,Wheat,Flowering,No,South
Silt,7.43,16.73,34.83,92.4,862.12,5.54,Rice,Vegetative,No,North
Sandy,7.22,30.56,40.67,38.33,149.6,5.84,Sugarcane,Sowing,No,Central
Clay,6.96,45.39,34.67,62.2,2249.45,8.82,Rice,Sowing,No,North
Clay,6.12,55.22,36.71,82.46,1120.62,1.1,Maize,Vegetative,Yes,Central
Sandy,7.89,53.12,27.97,82.56,1839.85,18.33,Cotton,Vegetative,Yes,South
Silt,8.1,49.14,31.73,72.95,918.37,14.29,Wheat,Sowing,Yes,East
Clay,5.39,28.47,26.34,58.0,2337.92,2.14,Cotton,Harvest,No,West
Loamy,5.56,14.97,20.29,53.26,719.5,3.91,Rice,Vegetative,No,Central
Clay,6.59,20.36,21.4,81.45,1656.92,12.26,Wheat,Flowering,No,East
Loamy,5.11,57.3,22.82,40.8,2060.86,18.22,Cotton,Sowing,No,South
Silt,6.28,56.87,22.22,54.99,594.83,2.21,Sugarcane,Vegetative,No,East
Clay,6.78,62.24,27.99,64.68,2003.78,8.95,Maize,Harvest,Yes,Central
Sandy,6.58,12.33,19.43,83.22,1980.69,4.4,Wheat,Flowering,Yes,West
Sandy,5.93,38.6,27.5,51.17,2410.56,4.02,Wheat,Vegetative,No,East
Clay,6.64,44.97,39.49,63.41,2307.03,14.74,Sugarcane,Vegetative,Yes,East
Silt,8.06,48.51,24.18,44.54,971.52,16.62,Potato,Sowing,No,East
Silt,5.5,44.7,18.68,83.58,1476.36,18.46,Wheat,Vegetative,No,West
Sandy,7.03,51.89,22.41,79.99,2313.24,13.84,Cotton,Flowering,Yes,South
Clay,4.95,28.49,38.31,82.41,10.94,1.78,Wheat,Vegetative,No,South
Silt,5.03,18.23,40.25,29.02,1568.38,7.46,Potato,Sowing,Yes,Central
Sandy,6.68,19.66,38.6,59.08,538.41,9.11,Potato,Flowering,No,East
Loamy,5.16,8.68,20.62,34.51,1846.92,5.88,Wheat,Sowing,Yes,North
Clay,4.88,27.97,23.64,72.16,1991.17,11.03,Sugarcane,Sowing,Yes,East
Loamy,5.38,13.23,41.25,46.8,1782.4,5.04,Potato,Sowing,No,West
Loamy,6.72,26.32,21.72,79.22,2490.2,18.04,Wheat,Harvest,No,South
Silt,7.19,43.81,16.14,29.56,1198.14,3.3,Wheat,Vegetative,Yes,South
Silt,5.49,58.99,20.46,60.93,1403.36,8.81,Wheat,Vegetative,Yes,South
Silt,7.07,55.86,40.92,33.66,1022.48,2.93,Sugarcane,Harvest,No,North
Clay,5.42,22.4,24.48,64.05,2434.96,7.49,Sugarcane,Vegetative,Yes,East
Loamy,6.89,15.64,40.02,67.51,2306.89,9.95,Potato,Harvest,Yes,Central
Clay,6.2,19.01,15.12,57.35,2466.59,11.3,Cotton,Flowering,Yes,South
Silt,7.02,63.35,34.98,44.58,2462.23,6.96,Sugarcane,Sowing,Yes,South
Loamy,8.18,39.32,14.8,27.26,2238.64,16.29,Sugarcane,Harvest,No,East
Clay,7.99,18.4,17.92,71.35,2327.19,10.55,Potato,Flowering,Yes,Central
Clay,4.81,55.92,30.48,85.93,299.7,19.85,Wheat,Vegetative,Yes,Central
Sandy,7.81,30.53,25.03,76.36,433.82,2.91,Cotton,Flowering,No,South
Clay,5.03,59.26,32.0,87.51,2212.97,4.08,Wheat,Sowing,Yes,East
Silt,8.04,22.86,41.2,90.07,1817.0,16.13,Cotton,Flowering,Yes,North
Clay,5.76,30.41,13.58,56.47,2187.47,11.31,Maize,Flowering,No,South
Loamy,6.1,36.78,17.75,73.86,1925.08,7.52,Wheat,Flowering,Yes,South
Clay,5.11,58.88,31.21,52.82,348.96,8.5,Cotton,Harvest,No,West
Sandy,5.18,57.52,38.9,89.37,2291.41,11.49,Potato,Vegetative,No,North
Loamy,7.27,40.74,35.93,64.41,1928.07,2.17,Maize,Vegetative,Yes,Central
Loamy,8.01,20.64,25.97,77.67,1427.02,15.42,Maize,Sowing,No,West
Sandy,6.88,30.99,34.36,26.02,1330.9,9.26,Rice,Sowing,Yes,East
Silt,7.23,63.61,18.24,65.29,1434.5,8.54,Rice,Harvest,Yes,South
Loamy,7.39,42.64,12.41,76.94,976.04,15.58,Rice,Harvest,No,North
Silt,5.69,52.52,29.1,42.99,2008.05,11.6,Maize,Vegetative,No,Central
Loamy,4.95,33.64,36.4,26.01,2272.54,15.21,Cotton,Harvest,Yes,West
Loamy,4.81,38.32,25.0,77.05,632.29,18.61,Potato,Vegetative,No,West
Silt,5.99,32.45,29.08,48.67,95.12,18.94,Potato,Flowering,No,Central
Loamy,5.62,48.07,24.67,55.02,507.32,8.87,Cotton,Flowering,No,South
Silt,5.01,56.53,27.42,64.34,1893.35,1.86,Potato,Vegetative,No,North
Sandy,5.41,36.92,38.53,32.72,2171.0,0.74,Sugarcane,Harvest,No,North
Silt,5.22,35.41,26.34,32.25,871.41,14.25,Wheat,Flowering,Yes,West
Sandy,7.91,27.4,12.22,92.26,380.97,2.09,Maize,Sowing,No,Central
Loamy,5.28,18.09,36.0,48.72,2146.34,8.11,Sugarcane,Vegetative,No,Central
Silt,6.63,61.54,30.53,42.89,536.61,13.41,Maize,Flowering,No,Central
Loamy,6.82,26.02,33.91,28.34,604.69,19.97,Rice,Sowing,No,East
Silt,6.65,53.64,39.03,37.18,231.53,4.85,Potato,Vegetative,Yes,South
Sandy,5.14,48.77,20.59,55.16,2275.81,0.69,Maize,Vegetative,No,East
Sandy,5.88,53.08,27.09,48.95,816.81,1.3,Rice,Vegetative,No,South
Silt,4.97,61.4,30.07,54.72,429.6,4.85,Rice,Flowering,Yes,West
Sandy,6.15,43.53,22.36,74.27,2384.11,19.86,Potato,Flowering,Yes,North
Loamy,5.44,59.18,37.38,69.93,838.8,2.0,Cotton,Harvest,No,South
Loamy,6.71,17.56,32.93,59.52,1868.71,15.11,Rice,Vegetative,Yes,South
Clay,7.16,43.72,34.0,82.04,575.99,3.42,Sugarcane,Harvest,Yes,East
Sandy,6.61,52.02,36.24,85.01,1817.06,4.47,Wheat,Harvest,No,East
Loamy,6.28,23.48,19.74,66.36,580.41,2.18,Cotton,Harvest,Yes,South
Silt,6.12,50.22,34.37,33.23,1594.35,4.95,Cotton,Vegetative,No,West
Sandy,7.66,52.37,35.21,53.43,1102.16,2.75,Potato,Flowering,Yes,North
Loamy,5.55,55.38,37.27,69.41,1996.79,0.84,Cotton,Flowering,No,West
Sandy,7.3,25.83,26.66,29.4,1825.68,16.07,Wheat,Flowering,Yes,East
Silt,7.38,46.85,27.13,26.39,2338.71,4.21,Potato,Vegetative,Yes,South
Loamy,6.23,25.34,14.95,91.38,941.56,2.81,Maize,Flowering,Yes,South
Clay,5.81,50.13,37.56,76.1,1885.84,5.81,Cotton,Harvest,No,North
Clay,6.4,34.39,28.0,35.72,2422.11,15.2,Rice,Harvest,No,East
Sandy,5.12,42.06,29.83,56.16,840.77,4.88,Maize,Vegetative,Yes,South
Silt,4.96,31.7,15.64,38.55,725.01,11.07,Cotton,Vegetative,No,East
Loamy,5.18,17.23,30.05,25.72,1922.63,4.73,Cotton,Vegetative,No,Central
Silt,5.44,18.15,13.26,52.42,1113.8,8.05,Sugarcane,Sowing,No,Central
Loamy,6.51,12.42,39.7,70.39,996.63,10.67,Sugarcane,Vegetative,No,Central
Sandy,7.69,43.23,37.91,91.79,1364.03,15.28,Sugarcane,Vegetative,Yes,East
Loamy,5.6,56.37,17.83,78.89,2338.83,5.99,Potato,Vegetative,No,Central
Silt,7.98,9.19,29.81,41.11,209.63,9.21,Cotton,Harvest,Yes,West
Silt,8.05,11.78,30.08,48.53,1164.21,13.04,Cotton,Flowering,No,North
Sandy,8.06,34.08,36.1,61.44,275.35,5.87,Sugarcane,Flowering,No,North
Silt,7.65,50.05,34.71,38.39,2208.97,4.79,Rice,Sowing,Yes,Central
Loamy,6.04,16.99,41.8,83.31,341.75,11.59,Sugarcane,Vegetative,No,West
Sandy,5.05,23.48,22.53,36.76,224.26,19.07,Cotton,Harvest,Yes,Central
Loamy,6.73,21.22,15.74,45.3,2409.39,18.25,Cotton,Flowering,No,Central
Silt,6.7,30.75,29.2,65.43,1408.36,12.21,Wheat,Sowing,Yes,Central
Sandy,7.69,20.82,34.92,33.63,2064.73,8.73,Rice,Sowing,Yes,West
Loamy,8.19,28.1,20.57,68.72,1175.64,11.53,Maize,Vegetative,Yes,East
Silt,6.53,49.53,19.09,91.1,1089.1,16.14,Rice,Vegetative,Yes,West
Silt,5.97,42.83,36.07,73.41,2279.02,2.31,Sugarcane,Flowering,No,South
Clay,5.43,12.63,34.61,81.89,2474.68,15.73,Potato,Vegetative,Yes,East
Silt,4.82,44.35,18.1,55.69,1546.33,13.33,Sugarcane,Flowering,No,South
Loamy,6.53,35.19,38.08,50.57,2295.47,5.75,Rice,Vegetative,No,Central
Sandy,6.69,61.27,16.04,48.0,2156.8,17.58,Potato,Flowering,No,Central
Clay,7.6,24.49,15.28,71.23,1360.02,2.06,Wheat,Sowing,No,North
Silt,6.52,49.39,22.53,61.3,2352.76,18.41,Wheat,Sowing,Yes,North
Silt,7.92,49.66,38.6,58.06,525.14,8.06,Maize,Sowing,Yes,Central
Silt,6.94,20.63,32.86,32.05,2212.11,16.3,Sugarcane,Harvest,Yes,South
Loamy,7.66,59.48,23.84,72.14,773.39,3.51,Cotton,Sowing,No,Central
Clay,5.3,36.0,16.72,75.78,76.29,11.57,Maize,Vegetative,Yes,North
Loamy,7.71,46.7,33.4,38.73,1967.72,1.15,Rice,Sowing,Yes,West
Clay,7.1,16.31,29.97,78.18,2325.04,5.94,Wheat,Sowing,No,East
Sandy,5.38,22.69,41.63,86.56,541.96,16.68,Maize,Flowering,No,West
Loamy,5.45,41.41,34.97,37.22,1335.21,9.36,Potato,Flowering,Yes,Central
Loamy,7.95,26.18,15.06,56.64,1873.37,13.36,Cotton,Vegetative,Yes,West
Sandy,4.91,36.48,33.85,86.33,829.06,16.24,Wheat,Vegetative,No,West
Clay,6.37,29.32,19.72,59.11,367.3,10.84,Potato,Harvest,No,West
Silt,5.87,44.51,40.86,82.07,980.62,11.92,Cotton,Flowering,No,West
Sandy,7.06,35.77,12.58,40.1,1141.43,15.44,Cotton,Flowering,Yes,East
Silt,7.65,8.26,19.15,29.48,1855.55,2.85,Wheat,Vegetative,No,North
Silt,6.03,45.03,26.97,29.16,496.71,1.9,Cotton,Flowering,No,Central
Sandy,6.25,32.06,14.37,93.06,2037.78,12.63,Maize,Sowing,No,East
Clay,8.14,27.48,22.32,36.53,1255.45,19.51,Wheat,Vegetative,Yes,Central
Silt,7.47,13.37,26.92,85.54,2259.73,13.07,Wheat,Flowering,Yes,West
Sandy,7.85,20.56,25.41,47.1,1414.46,14.25,Wheat,Vegetative,No,East
Loamy,6.29,20.76,25.82,27.81,1117.14,13.34,Sugarcane,Flowering,Yes,North
Loamy,5.6,61.32,38.37,41.87,716.98,12.31,Sugarcane,Vegetative,Yes,South
Loamy,6.2,32.65,27.16,60.38,265.61,4.35,Wheat,Harvest,No,Central
Sandy,7.23,10.4,40.23,32.47,929.26,16.89,Potato,Sowing,Yes,North
Loamy,5.17,15.91,16.43,89.55,1034.06,11.74,Maize,Sowing,Yes,East
Silt,5.72,12.5,20.41,87.99,1420.72,19.58,Cotton,Flowering,Yes,Central
Loamy,4.96,41.57,31.7,35.44,2149.63,1.85,Maize,Sowing,No,North
Loamy,6.27,18.64,20.49,76.6,1159.54,6.32,Sugarcane,Sowing,No,South
Silt,7.61,36.42,22.42,57.25,785.71,2.44,Cotton,Flowering,Yes,Central
Loamy,4.88,29.09,39.03,93.75,2183.15,17.25,Sugarcane,Sowing,Yes,Central
Silt,7.1,53.82,28.16,28.88,1834.8,16.45,Potato,Flowering,No,East
Loamy,7.97,26.27,22.04,57.97,767.57,15.57,Cotton,Flowering,No,East
Silt,5.61,34.12,35.3,44.98,417.36,13.73,Wheat,Sowing,Yes,South
Loamy,7.16,49.11,14.12,75.85,727.57,2.58,Wheat,Harvest,No,East
Silt,8.12,32.7,28.91,32.78,309.09,8.42,Wheat,Vegetative,No,South
Sandy,8.07,53.21,14.99,68.97,2258.54,14.24,Cotton,Harvest,No,Central
Silt,5.6,45.72,17.31,91.36,1529.32,7.54,Rice,Harvest,Yes,West
Loamy,5.14,31.4,13.87,56.77,2158.78,14.5,Wheat,Harvest,No,West
Loamy,5.3,36.73,39.05,56.8,2050.9,6.07,Maize,Vegetative,No,West
Clay,7.19,63.13,13.45,59.7,383.09,11.1,Wheat,Flowering,No,East
Silt,7.27,45.71,27.49,54.1,1107.5,7.41,Sugarcane,Flowering,No,West
Sandy,7.09,59.58,18.75,56.32,2430.16,18.47,Wheat,Flowering,Yes,Central
Silt,5.94,18.19,23.51,57.43,584.49,9.13,Wheat,Harvest,Yes,West
Silt,5.38,35.54,26.81,94.86,125.6,6.09,Rice,Harvest,No,North
Sandy,6.77,59.79,25.5,33.15,865.03,1.61,Rice,Vegetative,No,South
Silt,6.44,26.39,34.44,44.97,1277.36,3.34,Sugarcane,Harvest,No,Central
Sandy,7.28,63.16,39.36,39.76,139.69,11.52,Potato,Sowing,No,North
Sandy,6.3,13.53,21.01,63.09,1066.68,14.17,Maize,Harvest,Yes,Central
Silt,5.95,59.45,12.74,25.2,633.53,19.11,Maize,Flowering,No,West
Silt,5.8,33.38,38.82,89.48,530.29,12.14,Cotton,Sowing,No,North
Loamy,5.52,12.2,41.36,62.18,659.77,13.77,Rice,Vegetative,Yes,South
Loamy,5.7,58.13,25.0,87.73,263.5,12.59,Sugarcane,Sowing,Yes,Central
Clay,5.12,22.36,25.67,49.15,191.62,18.1,Wheat,Harvest,No,Central
Clay,5.98,9.27,16.32,35.5,1489.61,6.4,Maize,Flowering,Yes,Central
Silt,4.92,15.74,26.27,38.46,2369.58,12.26,Cotton,Flowering,No,West
Sandy,5.43,45.57,21.1,57.95,2011.85,19.22,Cotton,Flowering,Yes,East
Clay,7.34,63.74,41.83,27.82,2084.75,0.64,Wheat,Flowering,Yes,East
Silt,5.91,14.35,17.55,79.73,1837.7,5.78,Cotton,Sowing,Yes,East
Clay,7.07,34.33,23.36,80.34,2389.96,15.3,Rice,Flowering,Yes,South
Sandy,7.24,18.3,30.5,74.14,2376.38,9.66,Sugarcane,Harvest,Yes,Central
Silt,6.78,50.47,22.35,87.74,1945.76,3.78,Rice,Vegetative,Yes,East
Sandy,8.06,14.73,26.23,63.46,1789.87,11.65,Sugarcane,Vegetative,Yes,East
Silt,4.87,21.67,41.2,58.55,763.2,10.54,Potato,Harvest,No,Central
Clay,7.31,19.2,27.24,62.04,227.92,9.36,Wheat,Sowing,Yes,Central
Loamy,8.06,39.49,39.31,37.74,232.17,7.16,Rice,Flowering,Yes,South
Clay,7.73,57.77,13.29,60.86,1840.65,1.52,Wheat,Sowing,No,South
Clay,5.37,37.13,15.59,62.92,70.93,12.28,Maize,Harvest,No,South
Loamy,5.91,11.32,40.34,78.52,2041.02,10.59,Cotton,Flowering,Yes,East
Loamy,5.39,40.11,15.86,49.35,916.19,11.91,Potato,Vegetative,No,Central
Silt,6.84,53.46,34.1,31.46,480.2,0.55,Sugarcane,Harvest,No,East
Silt,7.22,15.53,25.38,66.82,1018.97,2.11,Cotton,Sowing,No,East
Sandy,5.88,12.14,24.2,80.16,1758.18,3.77,Wheat,Vegetative,No,South
Sandy,6.63,18.71,31.78,92.87,687.78,9.24,Cotton,Sowing,Yes,West
Clay,7.15,50.53,33.83,31.32,434.05,16.25,Sugarcane,Vegetative,Yes,Central
Loamy,6.23,41.73,39.96,77.24,1844.71,5.29,Wheat,Vegetative,Yes,Central
Sandy,7.7,38.81,19.71,66.71,2201.7,16.26,Sugarcane,Harvest,Yes,Central
Clay,7.42,22.22,32.94,26.07,1463.86,5.09,Maize,Harvest,Yes,East
Loamy,5.02,26.94,22.27,75.28,1309.64,15.11,Sugarcane,Flowering,No,East
Silt,6.91,63.06,33.53,26.83,1887.19,17.55,Cotton,Harvest,No,North
Clay,5.6,21.72,16.26,79.97,1831.62,16.42,Rice,Harvest,No,East
Silt,6.7,59.39,25.73,75.49,15.7,14.9,Wheat,Vegetative,No,East
Sandy,8.05,41.09,17.51,73.15,704.61,1.25,Maize,Vegetative,Yes,Central
Sandy,7.79,15.03,22.09,33.4,2330.03,6.94,Rice,Harvest,No,South
Loamy,6.18,34.64,33.47,89.33,2400.51,4.33,Rice,Harvest,Yes,West
Clay,5.79,62.07,19.0,87.92,1275.72,9.75,Rice,Sowing,Yes,North
Silt,5.6,31.86,32.55,88.02,1400.23,7.41,Wheat,Sowing,Yes,Central
Loamy,6.61,57.21,26.88,50.23,1.64,12.55,Wheat,Flowering,Yes,South
Sandy,5.19,22.62,14.76,59.45,1680.85,11.53,Rice,Sowing,No,South
Sandy,6.67,40.54,23.6,33.04,531.09,8.9,Sugarcane,Sowing,No,East
Clay,4.8,56.1,38.08,28.58,319.78,15.46,Sugarcane,Sowing,Yes,East
Silt,5.9,60.48,41.68,29.11,761.71,0.79,Rice,Sowing,Yes,West
Clay,5.55,35.69,23.07,64.81,1662.23,17.38,Sugarcane,Sowing,Yes,West
Silt,8.1,44.46,13.65,47.5,1090.83,0.56,Rice,Flowering,No,Central
Silt,7.27,8.17,15.91,65.57,872.65,9.31,Wheat,Flowering,Yes,North
Clay,5.99,22.43,35.64,66.49,1817.02,17.69,Potato,Sowing,No,South
Loamy,5.12,23.89,31.67,88.49,2034.3,8.65,Sugarcane,Vegetative,Yes,North
Clay,6.56,13.33,20.55,86.76,2173.01,15.24,Maize,Flowering,No,Central
Clay,5.53,23.94,23.74,75.3,1111.88,8.36,Wheat,Harvest,No,East
Sandy,6.62,26.3,36.33,82.3,1794.57,17.09,Potato,Sowing,No,West
Sandy,7.64,63.22,24.39,25.22,2213.03,19.98,Rice,Vegetative,Yes,East
Clay,6.89,46.11,34.67,26.09,2272.27,18.02,Maize,Vegetative,Yes,Central
Clay,6.95,32.28,20.86,57.1,1230.3,1.59,Potato,Flowering,No,West
Sandy,6.64,64.32,33.74,70.76,888.32,3.39,Maize,Vegetative,No,East
Silt,7.95,16.73,25.99,80.59,2250.47,11.07,Wheat,Harvest,Yes,West
Clay,7.97,35.13,28.36,56.31,653.58,19.25,Maize,Vegetative,No,South
Loamy,6.54,44.88,29.96,90.81,1992.12,8.42,Potato,Harvest,No,West
Loamy,5.84,11.17,25.52,82.05,2271.64,5.9,Sugarcane,Sowing,No,West
Loamy,6.36,48.87,25.98,32.19,1849.3,19.32,Maize,Sowing,No,North
Clay,5.43,13.69,19.97,55.81,1699.65,14.32,Maize,Sowing,No,East
Silt,6.96,16.0,41.57,94.64,126.69,15.52,Cotton,Harvest,Yes,North
Silt,6.5,17.1,39.17,53.7,508.68,2.66,Maize,Sowing,Yes,Central
Sandy,5.15,60.95,27.82,52.04,1666.42,5.62,Maize,Sowing,No,South
Clay,5.47,46.94,13.04,45.59,1962.99,10.32,Sugarcane,Sowing,Yes,Central
Silt,6.43,45.36,17.05,59.05,158.48,14.86,Maize,Vegetative,No,South
Clay,7.82,39.66,37.62,76.09,47.65,7.27,Maize,Sowing,Yes,South
Sandy,6.73,24.69,39.92,28.32,778.78,4.48,Potato,Harvest,Yes,North
Sandy,7.12,43.39,16.84,83.5,1612.39,9.02,Wheat,Vegetative,No,West
Sandy,5.95,31.38,34.04,89.23,1280.11,8.77,Cotton,Sowing,Yes,North
Loamy,6.74,16.29,30.69,79.68,20.9,17.52,Maize,Flowering,Yes,East
Clay,6.32,47.31,21.1,89.09,379.03,18.71,Rice,Harvest,Yes,East
Sandy,7.04,15.39,25.08,31.64,1880.5,3.79,Cotton,Vegetative,Yes,Central
Clay,4.97,18.87,32.32,56.51,744.15,5.95,Sugarcane,Sowing,Yes,South
Loamy,6.48,54.61,15.04,29.97,292.97,15.83,Maize,Harvest,No,Central
Loamy,5.81,45.63,17.67,83.58,127.16,5.28,Potato,Vegetative,Yes,North
Sandy,5.91,43.97,13.0,91.68,2126.11,5.66,Wheat,Vegetative,Yes,South
Sandy,8.07,31.84,39.07,45.84,1179.16,13.69,Wheat,Sowing,No,West
Silt,5.42,30.59,29.22,62.48,1259.2,10.46,Sugarcane,Sowing,No,Central
Clay,5.86,47.34,27.7,45.84,153.35,14.22,Sugarcane,Vegetative,No,West
Sandy,6.53,50.18,33.19,51.52,1221.45,1.92,Rice,Sowing,No,North
Silt,7.73,37.08,41.65,58.36,1614.43,10.33,Potato,Flowering,Yes,North
Clay,6.22,63.25,17.17,80.36,307.0,13.62,Sugarcane,Vegetative,Yes,East
Sandy,7.33,62.47,15.99,35.29,2256.29,9.75,Sugarcane,Flowering,Yes,West
Silt,7.71,31.51,20.84,35.99,1958.37,2.99,Cotton,Vegetative,No,Central
Silt,5.85,54.78,39.12,39.13,2004.71,3.11,Maize,Flowering,No,East
Clay,6.14,38.97,24.34,28.72,1341.33,11.97,Potato,Vegetative,Yes,West
Silt,6.01,37.17,35.8,70.04,834.8,3.31,Rice,Vegetative,No,North
Clay,7.63,11.13,18.09,38.29,1601.13,6.42,Rice,Sowing,Yes,Central
Clay,4.95,40.72,26.81,55.63,563.43,9.1,Potato,Vegetative,No,West
Clay,5.85,59.33,15.82,72.99,342.21,12.07,Rice,Flowering,No,South
Loamy,7.11,52.47,24.39,56.43,1345.83,5.67,Maize,Vegetative,Yes,West
Silt,6.72,52.82,19.87,88.42,1196.57,8.4,Sugarcane,Vegetative,No,South
Clay,6.28,17.12,28.48,78.84,375.71,7.67,Sugarcane,Sowing,No,North
Sandy,6.64,28.43,35.41,44.11,1326.01,2.39,Cotton,Harvest,No,North
Loamy,5.47,21.29,40.15,34.13,1366.17,16.17,Cotton,Sowing,No,South
Loamy,6.26,26.01,20.52,87.61,2178.79,14.98,Rice,Flowering,No,South
Silt,6.51,41.03,34.29,52.78,1898.03,15.79,Potato,Flowering,Yes,North
Clay,7.86,28.79,38.57,51.78,543.91,3.37,Maize,Sowing,No,North
Silt,5.69,39.96,15.75,81.7,2044.83,10.59,Sugarcane,Flowering,No,East
Loamy,7.75,32.99,29.58,25.65,2422.54,6.94,Maize,Vegetative,No,East
Clay,6.99,24.34,30.36,56.58,1791.55,7.3,Potato,Flowering,No,North
Sandy,4.87,13.44,20.17,75.0,1967.51,1.78,Sugarcane,Flowering,Yes,North
Clay,7.26,58.83,12.68,84.41,666.07,18.94,Maize,Flowering,No,South
Loamy,4.92,8.65,19.7,86.96,2479.76,18.82,Maize,Flowering,Yes,Central
Sandy,8.19,8.09,29.54,57.6,440.99,8.46,Rice,Harvest,No,Central
Clay,7.77,55.13,17.89,84.34,1877.15,17.16,Cotton,Flowering,No,North
Sandy,5.81,64.82,20.62,27.5,988.05,6.94,Wheat,Sowing,Yes,North
Sandy,5.68,49.44,33.24,46.38,892.17,11.41,Maize,Flowering,Yes,East
Loamy,6.1,8.87,23.95,25.73,712.9,15.02,Potato,Flowering,No,West
Sandy,6.01,20.92,13.96,36.59,1102.65,10.7,Wheat,Flowering,Yes,South
Silt,6.07,63.39,23.97,75.73,1977.19,3.69,Rice,Harvest,No,West
Loamy,5.88,54.09,41.99,25.31,2352.43,7.89,Maize,Vegetative,No,Central
Silt,6.91,40.31,19.83,61.61,1040.6,15.31,Rice,Sowing,No,East
Sandy,5.36,21.5,19.96,53.98,1629.18,15.73,Wheat,Harvest,No,East
Silt,7.68,8.82,17.1,33.6,1970.56,7.09,Sugarcane,Flowering,Yes,East
Clay,7.56,9.19,20.15,72.99,249.34,11.04,Maize,Sowing,No,Central
Sandy,6.42,42.88,29.24,73.52,2401.36,4.54,Rice,Harvest,No,Central
Clay,7.7,9.24,40.94,75.84,529.08,5.4,Potato,Harvest,Yes,South
Silt,5.64,64.64,30.23,78.57,2287.7,3.32,Wheat,Sowing,No,East
Clay,4.86,18.45,24.3,47.05,2466.51,9.04,Maize,Flowering,No,East
Sandy,6.91,48.51,23.69,94.59,251.01,14.54,Wheat,Sowing,Yes,West
Clay,6.36,16.84,12.73,30.11,2231.87,17.64,Potato,Sowing,No,West
Silt,6.73,38.79,12.08,70.34,1602.27,11.12,Sugarcane,Harvest,No,East
Silt,7.86,12.59,35.92,92.95,2044.82,13.21,Maize,Harvest,No,North
Silt,8.1,51.71,26.7,40.7,272.74,5.7,Rice,Sowing,No,East
Sandy,6.96,41.34,13.0,44.47,2085.65,4.44,Rice,Harvest,Yes,North
Silt,7.4,12.91,20.58,65.32,1565.09,8.22,Rice,Vegetative,Yes,West
Sandy,5.08,56.37,22.7,79.69,1276.55,11.4,Rice,Sowing,Yes,South
Clay,5.35,39.18,35.5,48.03,1400.08,1.15,Maize,Flowering,No,Central
Silt,7.29,60.53,25.03,83.57,1861.17,2.3,Sugarcane,Sowing,No,South
Clay,6.27,60.25,35.68,41.87,744.09,12.8,Sugarcane,Vegetative,Yes,South
Loamy,6.32,60.47,31.01,86.21,2358.69,4.39,Rice,Sowing,Yes,North
Clay,5.85,12.43,12.99,42.71,769.09,9.34,Potato,Vegetative,Yes,West
Loamy,6.87,14.89,41.06,68.22,2192.7,18.76,Rice,Flowering,No,East
Clay,5.43,64.3,17.44,50.05,30.28,17.32,Rice,Vegetative,No,East
Sandy,6.93,35.79,20.27,47.53,2291.2,1.74,Rice,Flowering,Yes,Central
Clay,5.39,21.58,36.28,49.78,2128.94,1.64,Maize,Sowing,Yes,East
Sandy,5.02,51.87,17.7,59.94,310.45,3.33,Sugarcane,Sowing,No,North
Sandy,5.92,23.06,24.03,84.15,1842.31,2.77,Cotton,Flowering,Yes,West
Silt,5.59,49.45,37.95,78.15,935.29,5.45,Cotton,Harvest,No,Central
Sandy,7.82,55.73,31.12,56.45,1199.45,7.76,Sugarcane,Vegetative,No,South
Loamy,4.99,52.7,21.06,44.75,171.48,2.12,Potato,Harvest,Yes,Central
Silt,5.4,23.62,31.32,84.8,531.43,9.48,Potato,Harvest,No,East
Silt,6.67,30.89,36.38,85.91,2384.12,10.83,Rice,Sowing,No,West
Clay,6.44,31.56,24.12,56.76,1044.88,13.4,Cotton,Sowing,Yes,East
Sandy,4.96,36.0,29.15,73.71,65.08,8.42,Maize,Vegetative,No,South
Sandy,4.82,17.54,41.64,50.85,1287.7,6.27,Rice,Harvest,No,East
Loamy,8.16,33.79,40.94,35.44,2486.75,13.04,Sugarcane,Sowing,No,East
Clay,7.04,37.11,27.27,47.5,832.05,18.27,Sugarcane,Flowering,Yes,Central
Clay,6.04,38.31,14.88,72.75,353.03,8.23,Wheat,Flowering,Yes,East
Silt,6.4,54.73,33.02,78.86,1608.88,6.22,Maize,Flowering,Yes,West
Silt,5.71,37.49,20.06,84.62,2299.56,14.5,Maize,Sowing,No,East
Silt,5.97,21.15,32.08,26.24,2147.87,17.61,Wheat,Flowering,Yes,Central
Loamy,7.01,45.8,22.55,59.05,1642.47,19.22,Potato,Vegetative,No,West
Loamy,7.8,53.45,33.56,44.17,460.37,4.79,Wheat,Flowering,Yes,East
Silt,5.43,26.2,23.02,72.88,1960.9,6.4,Wheat,Sowing,No,Central
Clay,7.66,44.78,40.24,42.17,2058.05,18.16,Potato,Vegetative,Yes,South
Loamy,5.21,16.38,16.1,64.64,2123.87,5.76,Potato,Sowing,Yes,East
Clay,5.53,27.49,14.05,74.84,1009.85,7.24,Potato,Vegetative,No,East
Clay,4.93,59.83,35.44,78.9,1022.15,12.97,Maize,Flowering,No,West
Sandy,5.28,59.94,24.04,43.86,387.89,11.58,Wheat,Flowering,Yes,West
Silt,7.92,40.79,25.97,31.15,1931.72,17.62,Maize,Vegetative,No,West
Sandy,6.36,48.03,40.01,40.31,1843.07,12.43,Potato,Vegetative,No,South
Silt,5.06,56.68,29.7,66.94,249.37,10.03,Wheat,Flowering,No,East
Silt,8.06,62.64,31.81,27.83,50.34,1.94,Cotton,Sowing,Yes,Central
Clay,7.79,35.92,12.58,36.12,2379.3,19.51,Potato,Harvest,Yes,East
Silt,7.37,40.01,32.12,94.68,43.17,8.74,Sugarcane,Harvest,No,North
Clay,7.97,31.69,23.65,51.76,1571.5,11.67,Maize,Flowering,No,West
Clay,5.55,12.1,25.81,59.76,1134.1,10.29,Rice,Harvest,Yes,East
Silt,7.64,32.1,36.24,25.77,1943.53,14.89,Rice,Sowing,No,West
Clay,7.15,53.07,27.71,66.43,219.32,13.11,Wheat,Harvest,Yes,South
Clay,7.76,53.88,41.61,47.77,1705.93,7.18,Wheat,Harvest,Yes,East
Clay,7.51,58.87,35.9,62.11,1537.36,10.64,Maize,Flowering,No,West
Loamy,5.98,10.93,33.86,61.83,2133.99,16.61,Cotton,Vegetative,No,South
Clay,7.43,38.05,29.66,92.72,1296.36,12.85,Rice,Harvest,No,Central
Loamy,5.69,14.12,24.37,43.78,1820.73,19.11,Maize,Sowing,No,North
Loamy,5.92,19.44,13.59,64.93,1093.96,15.2,Potato,Harvest,Yes,Central
Clay,5.17,59.31,12.55,51.71,2459.95,9.96,Rice,Harvest,No,West
Clay,7.98,36.32,13.4,54.54,1398.53,16.24,Sugarcane,Flowering,Yes,North
Loamy,5.79,51.24,40.77,28.89,1883.85,9.12,Wheat,Flowering,No,North
Loamy,6.57,11.67,21.7,73.19,232.34,4.66,Potato,Sowing,No,North
Clay,6.13,31.76,33.02,38.67,1156.89,12.78,Maize,Vegetative,Yes,South
Clay,8.06,46.43,29.83,57.79,161.09,7.4,Wheat,Harvest,No,North
Silt,5.94,15.6,29.15,55.4,304.28,0.98,Maize,Vegetative,Yes,North
Loamy,7.45,26.57,29.38,57.77,1265.34,4.67,Wheat,Flowering,No,South
Loamy,7.71,11.68,21.07,51.29,880.76,3.76,Wheat,Harvest,No,South
Silt,6.28,45.13,38.6,41.97,1149.56,16.0,Maize,Harvest,No,East
Loamy,6.09,63.34,39.58,56.41,1240.36,14.67,Sugarcane,Vegetative,No,Central
Sandy,7.34,55.14,31.34,28.24,399.38,12.48,Rice,Harvest,Yes,East
Loamy,7.9,63.55,37.92,41.96,914.58,18.72,Maize,Flowering,No,South
Silt,7.37,56.2,13.8,79.94,2151.49,3.97,Potato,Harvest,No,North
Sandy,5.57,56.75,15.01,84.0,2141.53,3.68,Sugarcane,Vegetative,Yes,Central
Clay,7.82,40.9,28.77,75.07,1226.54,18.23,Cotton,Harvest,No,Central
Silt,6.12,37.54,37.4,69.28,1872.87,13.11,Potato,Harvest,No,Central
Silt,6.76,31.16,21.46,81.79,1883.88,11.37,Wheat,Harvest,No,South
Clay,7.63,54.63,28.44,33.95,110.27,14.93,Wheat,Sowing,No,South
Silt,5.44,18.38,12.3,61.77,1527.23,5.99,Rice,Flowering,No,South
Loamy,7.47,11.2,41.6,33.14,2011.32,12.1,Rice,Vegetative,Yes,South
Clay,6.83,62.03,35.01,79.45,1484.93,8.82,Potato,Flowering,No,North
Silt,7.84,8.22,22.84,61.44,1353.88,6.49,Wheat,Vegetative,No,Central
Clay,5.38,63.68,41.49,81.7,1328.04,17.59,Wheat,Sowing,No,East
Clay,6.23,49.54,14.77,80.93,1269.87,3.63,Maize,Harvest,No,West
Clay,7.63,26.72,25.93,57.63,1945.77,0.85,Rice,Harvest,Yes,West
Sandy,4.87,47.78,13.77,59.78,1606.08,7.5,Maize,Sowing,Yes,Central
Silt,5.18,54.62,22.05,26.98,538.76,4.37,Maize,Sowing,Yes,South
Sandy,8.17,21.99,18.58,61.65,1083.37,16.32,Wheat,Flowering,No,Central
Silt,5.75,51.94,21.5,72.42,1321.56,2.97,Rice,Harvest,No,West
Loamy,8.12,53.85,40.42,41.36,1047.38,18.78,Sugarcane,Flowering,No,North
Loamy,5.42,22.21,24.82,94.06,593.95,3.77,Rice,Sowing,Yes,Central
Loamy,6.03,10.39,21.75,93.24,311.85,17.84,Maize,Sowing,No,East
Silt,7.36,19.63,31.22,44.8,293.28,3.78,Maize,Harvest,Yes,East
Clay,7.04,19.44,32.5,74.91,740.72,1.43,Wheat,Harvest,No,West
Clay,6.78,11.72,41.51,27.1,1006.64,10.01,Cotton,Harvest,No,West
Sandy,6.6,49.38,28.38,71.6,1707.19,7.45,Rice,Flowering,Yes,South
Sandy,7.67,29.66,34.58,68.68,2462.29,12.16,Sugarcane,Harvest,No,Central
Loamy,5.6,58.41,23.46,82.55,2243.39,12.99,Rice,Harvest,Yes,Central
Sandy,6.3,22.37,17.13,46.31,2034.24,18.72,Rice,Sowing,Yes,Central
Silt,5.33,33.83,24.9,86.46,2034.34,19.08,Maize,Flowering,Yes,Central
Silt,6.83,44.42,24.56,85.06,1490.16,10.15,Potato,Sowing,No,Central
Sandy,5.65,58.02,24.62,71.87,631.9,4.57,Wheat,Harvest,Yes,North
Sandy,5.94,37.9,32.86,58.06,1179.85,5.32,Sugarcane,Vegetative,Yes,South
Sandy,6.4,29.29,24.18,68.29,356.39,2.44,Sugarcane,Harvest,No,West
Sandy,4.89,57.42,40.62,76.1,1416.08,5.96,Rice,Flowering,No,West
Loamy,5.11,25.68,41.48,93.27,57.5,18.27,Rice,Sowing,No,East
Loamy,7.13,12.53,27.7,33.52,473.66,7.61,Potato,Flowering,No,Central
Sandy,6.26,33.37,28.75,46.92,1780.74,12.78,Potato,Harvest,Yes,West
Silt,7.74,52.75,24.23,79.65,692.23,19.63,Sugarcane,Sowing,Yes,South
Loamy,7.16,9.75,22.67,53.64,1049.91,2.58,Sugarcane,Harvest,Yes,East
Silt,4.83,41.4,41.56,72.07,2080.15,15.62,Cotton,Harvest,Yes,South
Clay,6.9,41.88,13.22,34.32,111.4,14.14,Cotton,Harvest,Yes,West
Silt,5.12,60.93,24.3,74.64,56.84,16.47,Sugarcane,Flowering,Yes,East
Sandy,7.46,24.33,16.54,72.18,572.47,3.17,Wheat,Sowing,Yes,North
Clay,8.17,23.89,33.79,66.01,1711.11,10.28,Cotton,Flowering,No,East
Loamy,6.61,33.11,17.83,78.57,590.3,12.82,Maize,Harvest,Yes,West
Loamy,7.12,28.34,38.54,86.61,2159.25,15.32,Maize,Sowing,No,Central
Clay,5.61,49.97,23.23,83.05,879.62,14.4,Potato,Vegetative,Yes,North
Silt,6.29,44.58,39.51,33.93,708.78,11.63,Maize,Flowering,No,North
Loamy,7.71,51.26,41.6,77.11,582.28,9.65,Rice,Sowing,Yes,South
Sandy,5.37,54.74,35.14,56.48,1434.93,18.86,Cotton,Sowing,Yes,South
Clay,5.7,60.61,30.69,48.37,2140.78,4.04,Potato,Sowing,No,North
Sandy,6.31,32.56,16.5,86.58,1015.16,4.48,Potato,Harvest,No,North
Clay,7.22,64.13,39.99,64.17,631.29,2.67,Rice,Vegetative,No,Central
Loamy,6.08,20.29,35.31,60.09,1052.17,2.7,Wheat,Harvest,Yes,Central
Silt,7.95,48.72,20.64,79.92,2261.97,17.53,Sugarcane,Harvest,No,West
Clay,5.12,38.44,26.06,63.73,836.34,12.33,Sugarcane,Harvest,No,Central
Clay,6.06,54.56,14.03,85.06,1639.37,18.73,Wheat,Vegetative,No,West
Sandy,7.21,35.18,31.77,32.2,824.35,17.79,Cotton,Vegetative,Yes,Central
Loamy,5.57,52.68,15.76,79.33,1686.89,6.36,Potato,Harvest,No,South
Sandy,7.03,61.02,31.55,36.47,2202.53,13.01,Wheat,Vegetative,No,West
Loamy,5.36,49.74,32.15,40.77,1496.4,7.9,Potato,Flowering,Yes,East
Sandy,4.99,52.24,21.74,37.56,2368.6,17.59,Sugarcane,Sowing,No,Central
Clay,5.21,11.83,40.46,41.69,1503.79,14.82,Sugarcane,Flowering,Yes,West
Sandy,7.96,19.68,35.37,76.23,2437.19,2.91,Potato,Harvest,No,West
Silt,6.68,63.54,26.9,70.87,1809.33,5.44,Wheat,Vegetative,No,West
Loamy,7.51,47.51,39.56,41.08,1631.97,13.32,Rice,Sowing,No,West
Loamy,5.93,40.0,37.68,43.91,2074.58,5.3,Potato,Vegetative,Yes,West
Clay,6.82,28.92,32.77,31.95,27.73,10.91,Wheat,Harvest,Yes,Central
Loamy,6.48,10.53,16.59,54.01,643.12,5.26,Rice,Flowering,No,East
Silt,8.02,29.04,26.91,51.5,540.23,13.81,Cotton,Sowing,No,Central
Sandy,7.34,36.44,37.93,35.21,277.25,1.96,Potato,Vegetative,No,East
Clay,7.28,20.05,30.27,83.42,2344.47,14.56,Sugarcane,Vegetative,No,West
Silt,4.96,17.87,28.37,84.68,327.51,7.07,Maize,Vegetative,No,West
Loamy,6.67,36.98,40.66,32.63,657.09,9.34,Maize,Sowing,No,West
Loamy,6.39,41.4,12.5,43.65,837.91,9.93,Sugarcane,Flowering,No,South
Silt,7.95,21.68,12.36,76.53,1561.57,4.29,Wheat,Harvest,No,Central
Sandy,5.67,41.48,38.78,85.9,1918.66,18.87,Potato,Flowering,No,East
Sandy,5.72,59.32,13.16,30.02,1511.69,0.5,Potato,Vegetative,No,Central
Clay,6.2,34.97,21.98,88.17,1872.39,7.77,Potato,Harvest,No,West
Loamy,5.63,56.87,39.72,29.31,1005.31,3.01,Sugarcane,Flowering,No,East
Silt,5.24,60.85,32.73,69.36,2489.45,7.52,Wheat,Harvest,No,South
Sandy,7.72,13.27,31.44,26.55,425.23,2.53,Wheat,Flowering,No,West
Clay,6.7,13.46,31.71,89.98,999.4,7.88,Sugarcane,Vegetative,No,West
Loamy,7.73,35.13,21.53,49.76,2080.46,4.28,Maize,Vegetative,No,North
Loamy,7.63,41.52,27.92,70.42,616.9,11.3,Sugarcane,Flowering,Yes,Central
Clay,5.76,32.28,30.9,37.92,1877.11,0.73,Potato,Harvest,No,Central
Clay,6.66,26.61,21.17,47.49,910.7,10.37,Wheat,Flowering,No,East
Sandy,5.08,44.54,35.86,77.31,443.99,6.01,Cotton,Harvest,Yes,North
Silt,7.91,8.12,21.65,93.11,1008.35,6.77,Potato,Sowing,Yes,West
Loamy,6.17,63.18,14.14,94.44,1961.97,7.42,Maize,Vegetative,Yes,East
Silt,6.14,21.23,18.04,81.68,279.89,13.23,Wheat,Harvest,Yes,North
Loamy,5.83,60.27,24.25,84.3,1290.25,15.28,Maize,Sowing,No,East
Loamy,6.37,14.21,39.24,92.86,1853.39,6.93,Rice,Harvest,Yes,North
Silt,5.66,21.57,24.47,27.82,1878.93,18.54,Sugarcane,Harvest,No,West
Clay,6.07,21.39,14.69,36.91,973.97,15.05,Sugarcane,Flowering,Yes,West
Sandy,7.52,64.78,17.89,28.69,1166.1,8.37,Maize,Sowing,No,West
Loamy,7.64,8.26,28.33,60.08,2141.91,2.41,Rice,Vegetative,No,North
Clay,5.83,44.46,17.33,92.09,520.94,11.43,Potato,Harvest,No,Central
Loamy,6.39,57.57,13.92,65.77,2481.48,12.47,Cotton,Sowing,Yes,East
Sandy,7.77,46.32,33.44,63.88,1048.09,3.16,Cotton,Flowering,No,South
Loamy,4.98,28.68,35.53,82.87,688.63,17.11,Cotton,Vegetative,Yes,South
Sandy,7.82,62.62,37.52,90.03,6.5,7.94,Maize,Harvest,No,West
Sandy,5.55,58.93,37.32,73.9,312.56,3.47,Wheat,Flowering,No,North
Loamy,7.11,32.74,23.38,87.68,1891.27,10.66,Sugarcane,Flowering,No,Central
Loamy,6.78,40.68,34.03,37.27,1623.08,8.73,Rice,Sowing,Yes,East
Sandy,6.68,63.15,29.51,60.24,616.27,13.02,Rice,Vegetative,Yes,East
Clay,7.72,64.01,12.7,50.52,2317.51,3.87,Cotton,Harvest,Yes,Central
Silt,5.15,33.64,24.05,48.28,2089.22,0.9,Potato,Harvest,No,East
Sandy,5.98,56.3,13.59,40.0,673.18,9.79,Cotton,Flowering,Yes,North
Loamy,6.63,25.21,14.5,87.58,825.22,3.57,Potato,Harvest,Yes,South
Loamy,7.56,29.19,13.68,56.53,461.88,3.55,Rice,Harvest,Yes,South
Clay,5.54,17.39,40.83,62.12,1606.4,13.72,Sugarcane,Harvest,No,Central
Silt,7.53,19.92,37.33,44.34,1752.84,5.55,Rice,Vegetative,No,North
Sandy,6.16,45.44,25.17,92.4,989.7,16.88,Cotton,Sowing,Yes,Central
Sandy,5.44,37.11,19.44,67.78,1842.9,10.54,Cotton,Sowing,No,Central
Silt,7.38,21.17,14.17,25.05,2478.92,12.36,Maize,Vegetative,Yes,Central
Sandy,5.11,30.97,24.94,43.75,1529.87,6.76,Cotton,Flowering,Yes,West
Silt,6.55,29.27,30.01,94.95,1623.21,4.86,Maize,Sowing,Yes,South
Loamy,5.02,64.28,35.91,93.23,934.61,3.6,Sugarcane,Sowing,No,Central
Silt,6.01,56.65,13.55,63.12,26.47,14.29,Cotton,Harvest,No,South
Sandy,6.84,30.11,24.54,64.49,2384.8,13.94,Cotton,Sowing,Yes,West
Silt,6.69,60.09,41.31,88.11,1930.86,10.11,Rice,Vegetative,Yes,North
Clay,6.18,27.53,15.62,74.6,1738.92,15.74,Cotton,Harvest,No,Central
Loamy,6.26,46.07,24.01,90.26,74.53,16.15,Sugarcane,Vegetative,Yes,East
Loamy,5.57,63.1,20.25,58.54,1897.53,9.12,Potato,Sowing,Yes,South
Silt,6.35,30.25,16.02,93.31,1675.21,13.2,Wheat,Flowering,Yes,East
Sandy,8.04,46.75,37.17,62.77,1422.27,18.29,Rice,Harvest,No,South
Clay,7.69,24.87,32.91,70.14,1559.0,2.09,Sugarcane,Vegetative,Yes,East
Loamy,5.29,23.18,24.35,30.78,2295.92,0.74,Maize,Flowering,No,East
Loamy,4.9,40.73,23.07,67.81,16.73,9.73,Rice,Vegetative,Yes,South
Sandy,7.97,63.82,36.83,78.74,392.43,6.97,Cotton,Vegetative,Yes,South
Sandy,6.59,33.83,14.72,55.75,2236.89,2.2,Rice,Vegetative,No,North
Clay,6.63,61.45,16.4,60.17,20.53,3.42,Maize,Flowering,Yes,West
Silt,7.45,60.12,39.2,52.53,2259.09,5.52,Potato,Flowering,No,South
Sandy,5.87,22.46,36.52,92.83,74.08,2.44,Wheat,Harvest,Yes,East
Silt,6.44,30.9,35.25,58.36,1948.34,6.72,Potato,Sowing,Yes,West
Clay,8.09,44.67,30.72,33.83,2227.31,3.09,Cotton,Vegetative,No,Central
Silt,7.09,37.53,20.77,27.02,1531.32,12.68,Sugarcane,Harvest,No,West
Loamy,5.32,13.47,40.04,79.07,1603.6,14.08,Wheat,Harvest,Yes,South
Silt,5.25,64.64,26.76,63.34,126.41,15.62,Potato,Vegetative,No,West
Clay,5.49,50.9,20.42,25.19,527.23,17.46,Maize,Harvest,Yes,West
Clay,7.41,32.95,22.97,51.78,2248.68,0.56,Wheat,Vegetative,No,West
Clay,5.8,43.24,12.51,88.98,2059.29,3.94,Sugarcane,Vegetative,Yes,South
Silt,4.87,12.99,19.65,91.34,148.87,16.39,Sugarcane,Vegetative,Yes,South
Loamy,8.01,36.23,17.64,28.75,2032.46,1.09,Rice,Flowering,No,South
Sandy,5.38,61.06,16.07,33.64,1058.71,13.48,Wheat,Harvest,No,Central
Loamy,4.83,59.11,12.96,25.34,1401.81,4.02,Rice,Sowing,No,South
Silt,5.61,27.23,18.81,85.81,271.01,10.38,Cotton,Flowering,No,Central
Silt,5.6,38.29,15.11,29.96,996.61,19.26,Maize,Flowering,Yes,Central
Sandy,6.23,47.75,13.35,32.55,1087.28,13.15,Cotton,Harvest,Yes,North
Silt,7.93,27.38,16.12,40.93,1673.72,7.68,Sugarcane,Harvest,Yes,West
Clay,7.79,11.7,18.07,89.21,1643.84,13.94,Sugarcane,Flowering,Yes,West
Clay,6.35,36.81,24.48,73.18,1372.19,0.61,Sugarcane,Vegetative,No,East
Clay,6.2,42.29,29.51,68.18,78.61,19.03,Sugarcane,Vegetative,Yes,East
Clay,6.69,8.33,21.67,79.93,403.75,7.22,Wheat,Flowering,Yes,North
Clay,5.63,13.45,16.24,73.53,400.67,19.61,Wheat,Sowing,No,North
Silt,4.98,19.82,40.21,77.21,2219.33,13.69,Sugarcane,Flowering,No,West
Sandy,7.99,27.84,27.45,30.16,2254.27,6.1,Potato,Flowering,Yes,South
Sandy,5.43,38.84,34.26,66.28,2016.25,12.5,Cotton,Flowering,No,East
Clay,5.47,24.75,32.83,77.72,437.2,7.91,Maize,Harvest,No,South
Silt,6.41,23.74,20.55,64.6,2100.38,13.03,Maize,Flowering,No,East
Loamy,6.47,57.55,28.8,25.83,468.99,15.92,Potato,Flowering,Yes,West
Loamy,4.86,16.27,30.06,39.78,1386.58,9.68,Cotton,Flowering,No,North
Silt,5.3,36.24,22.55,92.4,1834.69,4.83,Cotton,Flowering,No,North
Clay,6.09,62.31,32.12,74.33,128.9,19.64,Cotton,Harvest,Yes,South
Sandy,7.12,43.63,35.72,73.2,1494.82,8.55,Potato,Vegetative,No,West
Silt,5.58,48.88,22.93,71.22,627.83,3.94,Maize,Flowering,No,South
Loamy,6.24,32.58,12.45,33.95,1244.64,14.91,Maize,Sowing,No,Central
Loamy,6.69,9.14,22.48,25.29,959.76,13.28,Sugarcane,Vegetative,No,West
Loamy,7.82,44.83,15.5,55.85,1716.45,16.42,Sugarcane,Vegetative,Yes,East
Clay,5.91,44.02,16.67,56.1,1222.98,0.53,Cotton,Vegetative,Yes,West
Loamy,5.25,14.29,22.98,81.83,754.08,7.27,Wheat,Harvest,No,East
Silt,6.46,34.34,18.23,37.71,2275.9,6.63,Potato,Harvest,No,North
Silt,7.34,60.17,40.05,44.26,2397.63,18.51,Wheat,Sowing,No,South
Loamy,5.17,19.69,31.58,30.48,2004.77,7.32,Rice,Sowing,No,Central
Silt,6.24,34.28,27.55,52.99,1451.85,10.78,Maize,Vegetative,No,Central
Loamy,4.86,34.28,12.29,42.92,2211.0,0.57,Wheat,Vegetative,No,North
Loamy,4.91,54.21,15.11,43.4,1504.18,16.26,Rice,Vegetative,No,North
Sandy,6.44,55.0,35.65,42.78,372.08,2.72,Maize,Flowering,Yes,East
Clay,5.81,51.28,23.69,41.21,43.57,17.71,Cotton,Flowering,Yes,Central
Clay,7.67,28.83,13.36,47.39,1814.79,14.83,Cotton,Flowering,No,East
Sandy,6.85,12.11,36.77,62.57,1881.21,11.35,Sugarcane,Flowering,No,East
Sandy,6.34,27.92,21.08,55.64,2314.56,15.11,Rice,Vegetative,No,East
Clay,6.19,46.75,23.59,29.44,2060.59,15.96,Rice,Sowing,Yes,Central
Loamy,6.49,48.06,41.23,54.81,1598.96,15.16,Rice,Sowing,Yes,Central
Loamy,4.94,63.01,12.47,84.24,475.76,13.39,Rice,Harvest,Yes,East
Clay,7.84,33.86,33.64,32.05,1485.13,17.67,Sugarcane,Harvest,Yes,East
Loamy,8.19,44.05,40.47,91.11,1086.71,8.75,Potato,Sowing,Yes,South
Sandy,5.42,38.73,13.92,46.6,580.27,11.54,Sugarcane,Sowing,Yes,North
Loamy,5.21,16.59,37.98,26.02,1997.82,19.4,Cotton,Harvest,Yes,North
Loamy,5.29,34.29,24.49,42.72,373.89,7.76,Cotton,Harvest,No,South
Silt,7.05,39.06,38.34,29.88,1575.85,15.14,Wheat,Harvest,Yes,Central
Silt,7.05,62.19,21.25,64.65,1526.88,8.14,Potato,Harvest,No,Central
Silt,7.68,28.89,41.48,47.14,759.03,9.67,Rice,Vegetative,No,North
Loamy,7.36,63.87,31.41,81.48,1073.1,7.04,Rice,Harvest,No,South
Clay,6.33,38.91,30.81,76.28,291.43,3.48,Rice,Flowering,No,West
Sandy,6.88,21.82,36.18,57.8,63.83,19.46,Sugarcane,Harvest,No,South
Loamy,7.14,18.92,25.1,64.24,32.55,9.22,Potato,Harvest,Yes,Central
Clay,6.54,16.08,19.76,67.61,435.81,5.95,Rice,Harvest,No,Central
Loamy,6.42,33.82,19.89,43.95,2167.43,13.1,Rice,Flowering,Yes,East
Sandy,6.99,9.25,21.92,34.76,1306.52,2.66,Cotton,Flowering,Yes,South
Loamy,6.7,33.37,30.52,51.36,292.79,11.1,Wheat,Vegetative,No,West
Sandy,6.99,64.34,37.15,31.64,2263.74,11.7,Potato,Vegetative,No,East
Loamy,6.88,46.2,26.99,47.04,1422.22,4.32,Sugarcane,Vegetative,Yes,North
Sandy,7.25,51.31,24.1,63.68,69.71,19.21,Sugarcane,Vegetative,Yes,Central
Loamy,6.99,14.78,35.82,62.81,1906.82,12.1,Maize,Vegetative,No,North
Sandy,6.57,34.97,20.69,33.44,1183.59,4.84,Rice,Flowering,No,East
Silt,7.12,24.31,32.67,25.58,1332.16,16.75,Rice,Flowering,Yes,East
Loamy,6.33,58.96,15.17,31.23,1533.07,6.49,Rice,Vegetative,Yes,South
Loamy,5.62,18.33,15.4,27.53,236.13,14.73,Wheat,Sowing,Yes,Central
Clay,4.8,34.15,31.32,53.03,2369.35,12.75,Rice,Sowing,Yes,East
Clay,6.7,41.52,14.48,52.28,638.48,3.61,Sugarcane,Sowing,Yes,East
Sandy,6.81,37.3,16.65,41.91,1554.58,2.34,Potato,Sowing,Yes,Central
Loamy,8.1,55.32,30.73,40.08,2138.91,12.35,Cotton,Harvest,No,East
Sandy,6.03,21.19,25.15,52.75,829.79,13.53,Cotton,Sowing,Yes,Central
Silt,6.14,29.51,28.84,31.06,1568.88,3.06,Maize,Vegetative,No,West
Clay,5.49,53.15,41.31,40.0,2472.19,3.87,Wheat,Sowing,No,East
Sandy,5.04,38.1,30.96,53.4,2129.5,1.48,Wheat,Sowing,No,Central
Sandy,7.43,30.92,29.73,31.64,1948.21,3.12,Potato,Flowering,Yes,Central
Clay,5.65,9.68,23.4,83.86,1098.25,11.97,Rice,Sowing,No,North
Loamy,6.87,50.94,30.93,72.32,1128.17,4.41,Maize,Harvest,Yes,North
Sandy,7.14,63.41,12.39,51.82,1213.85,6.13,Cotton,Flowering,No,West
Clay,6.4,43.36,28.72,35.53,1726.08,11.33,Rice,Harvest,Yes,East
Loamy,7.78,56.82,14.07,38.59,360.84,8.58,Wheat,Sowing,Yes,Central
Silt,6.31,37.46,18.61,33.41,2152.57,16.98,Rice,Harvest,No,East
Clay,5.77,21.21,28.89,36.21,45.2,11.64,Cotton,Harvest,No,West
Sandy,7.85,8.82,32.04,54.58,424.98,3.08,Maize,Flowering,No,West
Silt,7.73,45.24,23.54,42.2,1204.54,7.99,Potato,Vegetative,No,West
Loamy,5.36,36.11,24.57,86.92,630.29,5.55,Potato,Vegetative,No,East
Loamy,4.89,52.58,26.94,92.27,913.95,5.55,Sugarcane,Harvest,No,South
Clay,5.11,47.6,34.77,73.4,831.46,5.5,Rice,Sowing,Yes,East
Clay,5.77,64.31,12.53,81.61,672.41,8.66,Potato,Vegetative,No,South
Clay,8.11,37.09,25.41,42.86,950.69,3.08,Potato,Vegetative,No,North
Loamy,6.7,32.35,12.43,71.55,1263.22,5.42,Wheat,Vegetative,Yes,East
Silt,6.07,24.34,21.57,29.06,1190.9,14.18,Maize,Flowering,No,Central
Loamy,7.82,35.18,27.6,92.22,2029.81,16.64,Potato,Sowing,Yes,South
Sandy,6.34,57.75,14.4,71.91,770.36,0.77,Rice,Flowering,No,South
Loamy,5.87,10.42,26.56,47.18,704.78,2.13,Wheat,Sowing,Yes,Central
Sandy,8.0,63.74,39.74,79.11,1261.12,17.17,Wheat,Sowing,Yes,West
Silt,7.69,64.62,32.56,26.11,119.84,4.69,Maize,Harvest,No,North
Clay,7.67,42.08,35.47,51.34,279.53,6.59,Wheat,Vegetative,Yes,Central
Clay,6.54,26.9,29.41,87.7,2007.72,7.07,Wheat,Vegetative,Yes,East
Loamy,7.48,20.71,38.89,43.42,1234.27,17.38,Cotton,Flowering,Yes,South
Clay,5.41,23.76,16.41,71.75,166.34,3.67,Sugarcane,Vegetative,Yes,Central
Silt,6.75,10.86,25.49,50.21,1100.96,16.34,Maize,Harvest,No,West
Clay,8.15,35.08,29.91,52.47,995.66,9.62,Cotton,Flowering,Yes,Central
Loamy,5.79,11.27,38.2,77.22,615.34,15.77,Sugarcane,Sowing,No,West
Silt,7.5,48.95,21.24,88.71,930.26,13.92,Potato,Flowering,No,West
Sandy,6.47,29.2,12.03,36.67,470.89,14.78,Rice,Flowering,No,Central
Loamy,4.94,19.36,41.23,44.38,1122.65,2.72,Cotton,Flowering,Yes,North
Sandy,7.39,39.06,12.78,59.14,1021.32,6.52,Potato,Flowering,Yes,South
Silt,5.37,63.5,16.57,67.97,1518.75,4.93,Potato,Harvest,No,North
Loamy,6.95,47.62,24.66,57.75,2355.26,2.96,Potato,Harvest,No,East
Loamy,5.09,36.03,26.89,81.39,463.66,12.97,Sugarcane,Vegetative,Yes,West
Silt,8.02,52.28,37.03,78.77,1043.6,14.06,Wheat,Sowing,Yes,North
Clay,5.79,50.04,25.43,53.37,1405.55,3.26,Potato,Harvest,Yes,Central
Loamy,5.57,58.83,28.42,27.84,1367.48,15.49,Potato,Vegetative,Yes,West
Loamy,5.24,19.67,18.0,38.61,1653.35,6.09,Maize,Harvest,Yes,South
Sandy,8.02,56.96,29.07,59.09,669.83,7.85,Cotton,Vegetative,Yes,North
Clay,7.22,25.16,22.45,89.93,1586.38,19.87,Rice,Flowering,Yes,South
Sandy,7.32,61.64,14.96,64.73,502.93,4.24,Cotton,Flowering,Yes,West
Sandy,6.5,24.02,40.39,62.13,313.64,2.8,Wheat,Vegetative,No,North
Clay,6.41,60.83,14.45,75.68,2079.11,5.74,Maize,Harvest,Yes,West
Clay,5.17,62.94,32.34,35.66,1184.35,18.67,Cotton,Harvest,Yes,West
Silt,6.7,16.29,39.25,35.28,993.19,2.84,Cotton,Sowing,No,West
Clay,5.64,63.55,17.38,49.18,2321.29,12.51,Wheat,Flowering,Yes,South
Loamy,8.12,12.89,19.11,94.64,1774.39,15.97,Potato,Flowering,Yes,South
Clay,7.51,20.46,24.8,86.32,1692.82,18.49,Maize,Flowering,Yes,South
Silt,6.2,33.32,20.84,72.61,485.65,9.82,Wheat,Harvest,Yes,South
Silt,5.31,64.64,34.77,52.38,523.15,9.42,Wheat,Sowing,No,East
Silt,7.47,35.85,22.14,63.83,1207.75,16.64,Sugarcane,Vegetative,Yes,East
Clay,5.21,39.37,41.58,46.25,1630.76,4.32,Sugarcane,Sowing,No,West
Clay,5.44,47.58,37.76,72.2,988.18,9.51,Sugarcane,Harvest,No,Central
Sandy,5.52,63.19,38.86,54.32,160.46,12.94,Sugarcane,Flowering,No,East
Sandy,6.69,52.65,13.91,33.42,1707.57,14.15,Cotton,Flowering,No,North
Loamy,7.48,20.78,17.29,40.06,1934.38,2.68,Cotton,Vegetative,No,Central
Sandy,5.87,25.27,17.08,67.61,2360.76,17.41,Potato,Flowering,No,Central
Loamy,5.09,13.56,32.16,73.62,1021.92,16.46,Potato,Flowering,No,Central
Silt,6.38,44.73,12.36,31.72,645.12,6.68,Wheat,Flowering,Yes,West
Sandy,7.34,18.3,36.19,81.58,2314.52,9.79,Maize,Vegetative,Yes,North
Clay,5.55,22.67,28.41,82.7,1787.85,7.99,Sugarcane,Vegetative,Yes,East
Sandy,5.55,58.62,28.99,75.62,159.97,19.63,Wheat,Vegetative,Yes,West
Loamy,8.02,26.63,28.12,72.85,1450.07,11.89,Potato,Harvest,No,North
Sandy,8.04,40.3,28.06,41.23,71.32,5.77,Maize,Vegetative,No,North
Silt,8.17,30.66,17.94,89.37,566.31,15.05,Wheat,Flowering,Yes,South
Clay,7.55,12.22,20.5,43.8,177.38,16.52,Sugarcane,Vegetative,No,North
Loamy,5.44,28.68,26.63,37.78,512.23,14.66,Sugarcane,Flowering,No,West
Clay,5.52,31.26,32.34,69.7,1224.81,2.13,Cotton,Sowing,Yes,East
Clay,5.96,59.05,20.16,50.49,747.17,6.11,Rice,Harvest,Yes,Central
Loamy,5.88,26.49,36.18,90.31,220.03,7.57,Rice,Harvest,No,West
Clay,8.05,29.62,36.32,57.22,1205.15,4.73,Sugarcane,Flowering,Yes,North
Clay,7.48,52.63,20.22,36.46,1771.22,9.89,Wheat,Sowing,No,West
Sandy,7.26,51.26,28.8,92.03,132.81,6.73,Cotton,Flowering,Yes,West
Clay,5.43,53.5,22.47,61.08,2206.01,1.21,Maize,Flowering,No,Central
Clay,7.89,62.36,17.72,61.3,1632.67,13.21,Wheat,Sowing,Yes,East
Clay,7.61,53.35,36.18,52.01,1298.6,9.0,Wheat,Sowing,Yes,South
Clay,5.36,31.23,41.74,83.52,990.79,1.05,Rice,Flowering,No,South
Loamy,7.76,54.83,28.97,45.14,983.22,18.69,Cotton,Sowing,No,South
Silt,5.73,36.99,39.42,25.96,838.9,13.2,Sugarcane,Sowing,No,Central
Sandy,5.07,23.83,31.27,59.81,289.32,1.94,Sugarcane,Flowering,No,North
Clay,7.03,25.27,28.97,89.81,198.1,17.84,Sugarcane,Harvest,Yes,Central
Clay,7.02,20.76,26.4,44.13,772.08,8.71,Potato,Harvest,Yes,Central
Loamy,5.12,16.26,19.07,43.64,1667.66,5.17,Wheat,Flowering,No,West
Silt,5.88,18.52,14.53,76.67,720.99,1.4,Maize,Sowing,Yes,Central
Clay,8.18,11.6,25.27,79.29,2030.66,15.02,Wheat,Vegetative,Yes,West
Loamy,7.11,58.64,28.84,55.49,950.73,19.4,Sugarcane,Flowering,Yes,West
Sandy,7.28,61.07,27.28,83.36,1577.98,4.11,Maize,Vegetative,Yes,South
Sandy,5.52,41.45,32.87,37.04,1079.78,8.63,Rice,Harvest,Yes,North
Clay,5.07,55.91,17.76,50.69,1244.57,5.13,Rice,Vegetative,No,South
Clay,5.74,18.46,22.63,53.3,625.4,11.66,Maize,Flowering,Yes,North
Silt,5.65,59.4,24.47,46.9,1284.67,17.49,Cotton,Vegetative,No,South
Silt,5.6,36.86,17.6,40.24,276.63,3.05,Potato,Harvest,No,Central
Clay,5.46,11.83,39.19,48.67,966.92,6.32,Rice,Vegetative,Yes,East
Loamy,6.75,16.05,32.45,26.26,1120.75,3.71,Wheat,Harvest,No,South
Silt,5.92,25.61,14.76,74.23,1759.99,4.96,Sugarcane,Harvest,No,East
Clay,7.59,10.48,33.38,72.88,1000.55,3.03,Rice,Vegetative,Yes,North
Silt,5.43,25.63,28.43,56.52,1663.59,12.88,Maize,Sowing,Yes,South
Clay,6.38,11.42,27.72,47.6,436.54,1.35,Rice,Sowing,Yes,North
Sandy,4.85,21.45,41.69,55.39,63.07,14.72,Maize,Sowing,No,South
Clay,6.44,23.14,30.55,90.56,1264.87,3.27,Potato,Sowing,Yes,East
Sandy,4.99,64.68,38.9,67.25,1184.68,5.7,Maize,Harvest,Yes,South
Silt,8.12,21.43,39.41,76.2,1674.38,7.23,Cotton,Flowering,Yes,South
Clay,7.49,21.63,15.04,41.07,783.86,7.93,Potato,Sowing,No,West
Silt,6.47,47.15,12.25,31.63,74.66,3.87,Rice,Harvest,No,Central
Sandy,5.09,56.98,25.06,30.82,1808.92,10.03,Sugarcane,Vegetative,Yes,South
Clay,6.81,30.06,35.08,58.04,2355.53,17.95,Rice,Vegetative,Yes,West
Silt,7.38,57.91,36.73,75.17,985.66,9.45,Maize,Harvest,No,Central
Sandy,5.45,27.39,35.62,79.19,1527.82,1.04,Rice,Harvest,Yes,East
Silt,6.73,19.23,25.42,75.43,1361.72,7.59,Potato,Vegetative,No,West
Loamy,7.57,26.79,34.5,88.89,1415.0,8.36,Sugarcane,Sowing,Yes,West
Sandy,7.41,42.73,33.56,28.64,2168.44,6.03,Cotton,Flowering,No,South
Sandy,7.53,28.93,21.41,84.87,1840.84,6.27,Cotton,Flowering,Yes,East
Sandy,7.79,46.35,17.06,71.25,1924.47,4.38,Cotton,Flowering,Yes,Central
Clay,7.99,21.51,30.64,37.29,225.09,19.16,Maize,Vegetative,No,East
Clay,6.18,47.96,32.31,72.77,366.77,10.82,Potato,Vegetative,No,East
Clay,6.73,27.8,29.04,60.82,1658.26,10.97,Wheat,Harvest,No,North
Loamy,7.49,33.98,18.4,50.13,1351.14,8.8,Maize,Vegetative,Yes,East
Loamy,7.17,39.79,20.3,42.36,1935.7,12.53,Sugarcane,Harvest,No,Central
Sandy,8.18,47.11,33.25,57.49,232.68,8.75,Cotton,Harvest,No,South
Loamy,4.85,21.61,40.88,41.74,1416.22,13.93,Maize,Sowing,Yes,Central
Silt,6.01,55.65,40.35,30.8,1215.17,2.22,Maize,Sowing,Yes,Central
Sandy,5.76,49.15,27.59,84.23,2136.72,1.08,Cotton,Sowing,No,Central
Sandy,5.69,21.34,38.6,66.5,467.87,11.47,Potato,Flowering,Yes,North
Silt,5.56,63.57,12.88,50.46,871.78,14.81,Rice,Flowering,Yes,East
Sandy,7.21,45.89,37.83,56.27,376.18,13.55,Sugarcane,Flowering,No,Central
Loamy,5.09,33.79,26.28,85.54,1129.33,8.27,Wheat,Sowing,No,West
Clay,7.32,16.98,35.45,47.39,2203.51,0.56,Wheat,Flowering,No,East
Silt,7.16,38.39,12.17,51.61,1675.83,2.86,Potato,Flowering,Yes,West
Loamy,5.65,17.39,38.06,78.63,1860.75,8.14,Sugarcane,Flowering,No,Central
Silt,5.66,32.48,29.85,39.04,233.34,13.45,Maize,Harvest,Yes,South
Silt,6.94,31.3,19.21,71.15,1130.06,6.58,Cotton,Flowering,No,North
Sandy,7.39,49.04,22.42,55.4,2096.68,10.87,Cotton,Flowering,No,North
Sandy,7.78,18.97,18.02,60.01,2093.7,3.92,Sugarcane,Harvest,No,West
Loamy,7.7,54.85,24.73,80.08,2470.05,3.81,Sugarcane,Sowing,No,North
Silt,8.08,26.59,21.9,94.52,1315.1,14.98,Cotton,Flowering,No,Central
Sandy,6.78,33.31,28.04,83.21,5.18,9.05,Cotton,Flowering,Yes,West
Sandy,7.89,52.02,36.44,36.24,2247.65,19.01,Sugarcane,Sowing,Yes,Central
Silt,7.55,43.65,41.47,40.72,2390.49,4.62,Maize,Vegetative,Yes,Central
Loamy,7.84,25.56,19.54,53.7,2319.37,9.23,Wheat,Flowering,No,West
Loamy,4.84,30.01,15.2,75.35,1929.78,4.17,Wheat,Vegetative,No,South
Silt,8.08,25.43,23.87,60.66,529.79,5.49,Rice,Sowing,No,West
Loamy,6.41,41.9,16.31,88.13,347.64,12.98,Sugarcane,Harvest,Yes,Central
Sandy,7.51,26.96,37.03,28.41,1752.22,18.24,Rice,Flowering,No,Central
Silt,5.23,49.36,27.03,43.1,351.06,3.0,Rice,Vegetative,Yes,South
Sandy,6.15,41.05,30.6,40.35,2383.29,3.03,Potato,Vegetative,No,West
Clay,5.72,16.31,16.52,77.09,1114.57,19.07,Wheat,Sowing,No,East
Clay,5.79,25.69,34.49,57.53,77.04,14.86,Cotton,Sowing,No,South
Loamy,5.22,20.62,41.21,26.05,376.48,6.6,Cotton,Vegetative,Yes,East
Clay,7.54,30.25,26.47,79.14,726.2,8.44,Cotton,Flowering,Yes,West
Sandy,4.83,37.41,40.87,50.33,1759.39,15.88,Potato,Flowering,Yes,South
Clay,5.86,36.89,13.04,43.23,1843.23,14.13,Sugarcane,Sowing,No,North
Sandy,5.39,51.01,13.07,37.79,532.56,12.39,Wheat,Flowering,Yes,West
Loamy,6.8,18.78,40.8,91.22,1621.39,17.36,Potato,Harvest,Yes,West
Loamy,5.66,61.95,33.01,90.94,79.57,6.59,Sugarcane,Sowing,No,South
Sandy,5.68,27.54,17.66,30.36,257.13,4.62,Sugarcane,Sowing,Yes,West
Clay,6.46,25.11,22.92,41.29,1337.53,8.49,Maize,Sowing,No,West
Loamy,7.02,47.06,27.23,70.23,1759.56,0.65,Cotton,Flowering,Yes,Central
Silt,5.21,53.91,33.08,71.93,2285.92,10.39,Maize,Sowing,No,Central
Loamy,5.4,29.57,37.26,54.24,1094.38,7.62,Maize,Vegetative,Yes,East
Clay,5.64,50.57,14.48,64.8,299.88,3.07,Wheat,Sowing,No,West
Silt,8.11,58.37,31.7,74.18,2322.44,17.57,Cotton,Vegetative,No,North
Clay,6.15,51.71,26.3,91.54,1093.59,4.29,Potato,Flowering,No,West
Sandy,6.84,9.95,29.93,75.76,1243.68,14.27,Potato,Harvest,Yes,West
Silt,5.62,55.16,27.26,32.72,2136.07,14.26,Rice,Vegetative,No,North
Clay,6.47,52.15,25.52,75.25,1464.45,1.33,Maize,Sowing,Yes,South
Silt,5.05,46.15,18.17,29.74,753.63,8.84,Maize,Sowing,No,South
Clay,4.92,51.32,26.17,60.18,1351.95,9.79,Rice,Sowing,No,Central
Silt,6.39,63.83,17.69,61.88,1562.15,16.44,Rice,Harvest,No,South
Clay,6.16,32.57,13.34,79.48,2224.5,12.68,Wheat,Flowering,Yes,West
Sandy,5.27,11.83,23.21,25.81,587.09,1.73,Maize,Harvest,No,North
Silt,7.14,34.27,12.75,86.23,1398.45,9.25,Maize,Harvest,No,West
Silt,8.18,10.65,28.88,71.47,2301.25,6.37,Wheat,Flowering,Yes,East
Silt,6.15,24.77,14.17,27.18,113.68,3.83,Potato,Sowing,Yes,North
Silt,6.92,41.45,25.13,36.2,486.42,5.88,Potato,Flowering,No,South
Sandy,8.07,25.65,41.4,27.77,865.79,16.88,Rice,Vegetative,No,Central
Silt,7.63,47.07,12.3,78.62,1696.17,12.59,Maize,Vegetative,Yes,East
Loamy,6.38,54.85,23.01,36.96,2104.62,8.99,Rice,Harvest,Yes,West
Sandy,7.31,31.97,32.2,28.19,497.93,14.55,Potato,Flowering,No,West
Loamy,5.24,59.31,16.77,34.66,616.76,19.38,Sugarcane,Harvest,No,West
Silt,6.54,12.55,28.82,64.17,2058.21,18.58,Maize,Harvest,No,East
Clay,5.75,55.89,19.75,59.68,370.86,2.39,Sugarcane,Flowering,No,East
Loamy,5.35,55.23,18.68,42.24,652.94,6.98,Maize,Sowing,Yes,North
Silt,6.25,26.35,38.85,91.01,1831.73,6.61,Rice,Sowing,No,West
Loamy,5.25,25.03,18.1,84.84,415.4,11.3,Sugarcane,Harvest,No,Central
Silt,7.18,25.39,23.3,47.01,2070.08,2.26,Wheat,Harvest,Yes,South
Silt,6.35,54.25,17.09,58.22,1226.29,18.47,Cotton,Vegetative,Yes,East
Silt,6.61,55.4,20.52,61.18,1118.93,15.76,Potato,Sowing,Yes,South
Clay,5.3,26.79,20.79,77.93,338.14,2.89,Wheat,Flowering,No,North
Loamy,5.28,41.78,21.8,54.96,1699.15,5.46,Wheat,Harvest,Yes,Central
Sandy,6.78,15.92,31.23,63.25,2210.0,3.29,Sugarcane,Harvest,No,East
Sandy,8.15,34.72,34.28,53.88,1730.27,9.81,Sugarcane,Vegetative,No,North
Sandy,5.13,64.93,27.32,78.4,792.21,17.86,Wheat,Sowing,Yes,South
Sandy,5.77,17.05,30.31,63.92,1747.0,13.07,Sugarcane,Flowering,No,North
Silt,7.76,62.01,36.4,82.94,1274.86,12.31,Wheat,Harvest,No,Central
Loamy,5.05,54.98,41.99,28.76,2134.33,1.95,Potato,Flowering,No,West
Loamy,7.78,63.42,25.7,88.3,1149.12,18.17,Maize,Sowing,Yes,South
Clay,6.58,18.24,40.09,82.36,593.26,5.97,Cotton,Vegetative,No,West
Loamy,6.19,20.17,26.71,82.3,253.14,18.05,Maize,Harvest,No,North
Loamy,5.85,8.96,35.46,34.82,702.67,9.35,Sugarcane,Harvest,Yes,Central
Loamy,5.81,49.31,29.2,43.44,1408.85,10.81,Wheat,Flowering,No,West
Clay,5.84,44.71,38.52,93.62,425.11,12.3,Maize,Vegetative,No,West
Sandy,7.81,18.15,25.46,91.52,99.4,6.13,Wheat,Vegetative,Yes,Central
Loamy,7.26,53.1,32.87,40.86,1122.11,16.79,Maize,Sowing,Yes,South
Clay,7.08,25.05,25.99,55.3,868.58,19.19,Rice,Flowering,Yes,North
Clay,7.52,15.69,37.71,35.92,1050.98,6.03,Rice,Harvest,Yes,West
Silt,5.67,32.09,41.83,43.38,1135.33,0.5,Rice,Sowing,No,North
Clay,6.9,13.19,19.3,37.93,1915.18,10.75,Cotton,Vegetative,Yes,East
Sandy,6.36,23.0,26.23,30.67,2402.32,12.06,Maize,Sowing,No,East
Loamy,7.46,29.17,14.44,65.56,655.71,1.74,Potato,Flowering,No,West
Clay,5.85,56.56,16.23,41.85,2356.0,13.62,Sugarcane,Flowering,No,South
Sandy,6.99,53.18,39.87,94.46,570.94,6.2,Maize,Vegetative,No,East
Clay,7.8,33.24,28.31,61.08,1887.36,19.19,Potato,Vegetative,No,South
Clay,6.17,49.3,23.85,50.14,1703.37,15.74,Wheat,Vegetative,Yes,Central
Clay,5.03,40.41,32.14,88.92,130.56,1.92,Maize,Vegetative,Yes,East
Clay,6.55,27.43,28.8,68.45,1812.3,19.11,Maize,Harvest,No,South
Clay,5.98,49.37,20.66,33.9,2252.81,4.93,Rice,Flowering,No,East
Sandy,7.09,46.96,18.8,59.85,2325.56,16.07,Wheat,Vegetative,No,West
Loamy,8.03,43.29,29.71,55.88,1712.98,13.04,Maize,Harvest,Yes,North
Loamy,6.45,43.22,17.65,78.56,1966.47,10.96,Cotton,Sowing,Yes,West
Loamy,6.39,46.93,16.18,73.56,178.85,18.69,Sugarcane,Harvest,No,South
Loamy,7.03,29.92,21.55,50.96,403.13,12.31,Rice,Vegetative,Yes,East
Sandy,5.15,57.54,37.84,57.86,656.2,17.25,Maize,Vegetative,No,Central
Silt,5.66,17.25,13.1,61.32,1328.35,16.64,Wheat,Sowing,No,Central
Silt,7.92,58.38,37.0,54.57,965.61,13.61,Rice,Sowing,Yes,North
Sandy,7.08,27.51,30.63,32.54,1642.84,10.06,Rice,Vegetative,No,West
Sandy,4.85,15.13,13.21,88.38,1114.22,2.41,Potato,Vegetative,Yes,South
Clay,5.5,42.2,30.06,72.08,1937.56,3.5,Maize,Flowering,Yes,Central
Clay,7.12,29.43,24.78,57.88,1783.97,10.89,Potato,Vegetative,Yes,West
Clay,7.4,54.48,37.23,64.87,1868.2,6.98,Wheat,Flowering,No,West
Loamy,7.66,32.55,39.22,39.92,2072.12,4.55,Wheat,Sowing,No,Central
Clay,5.79,46.11,20.59,62.14,2085.56,19.36,Cotton,Sowing,Yes,Central
Silt,7.97,25.57,35.53,77.22,1948.88,17.24,Rice,Sowing,No,Central
Loamy,6.68,19.94,21.29,62.36,164.82,8.89,Cotton,Vegetative,Yes,West
Clay,7.17,30.12,20.87,58.65,1558.01,17.49,Wheat,Vegetative,Yes,West
Loamy,6.83,42.59,17.78,57.37,49.47,1.66,Sugarcane,Flowering,No,North
Silt,5.22,45.45,32.35,78.31,1859.4,2.43,Sugarcane,Vegetative,No,East
Clay,8.07,40.96,19.85,77.73,152.64,18.99,Sugarcane,Vegetative,Yes,East
Silt,5.22,64.32,25.95,77.5,2458.04,13.93,Maize,Flowering,Yes,West
Silt,5.67,47.39,36.36,42.23,1535.2,15.4,Maize,Sowing,Yes,South
Silt,7.57,61.1,35.76,68.25,455.0,16.74,Wheat,Sowing,No,East
Clay,6.9,14.72,37.66,79.52,1170.7,1.54,Cotton,Harvest,Yes,South
Sandy,7.65,11.5,16.83,64.33,2066.69,14.5,Potato,Flowering,Yes,West
Clay,6.55,25.73,29.61,79.53,449.99,7.46,Maize,Flowering,No,East
Silt,6.08,15.79,39.45,84.81,1341.94,16.45,Wheat,Flowering,No,East
Clay,7.93,37.97,13.26,37.17,8.95,8.06,Sugarcane,Flowering,No,East
Silt,4.92,37.58,35.84,46.44,1971.07,15.47,Potato,Harvest,No,West
Sandy,7.71,40.78,19.39,67.09,486.52,18.08,Sugarcane,Harvest,Yes,North
Loamy,5.58,50.48,32.09,45.28,967.95,7.12,Rice,Vegetative,Yes,West
Sandy,7.69,63.37,33.52,90.9,1325.61,9.65,Cotton,Flowering,No,West
Sandy,5.27,58.06,39.77,38.59,362.15,10.98,Wheat,Harvest,No,West
Loamy,6.77,14.75,27.26,49.99,2316.68,13.91,Wheat,Vegetative,No,West
Clay,7.82,27.3,37.45,94.6,1172.02,16.96,Potato,Sowing,Yes,South
Loamy,6.41,22.58,13.36,38.24,579.46,4.6,Sugarcane,Sowing,No,North
Clay,7.34,18.08,24.62,56.42,1837.86,18.94,Maize,Sowing,Yes,Central
Clay,7.54,39.05,25.19,46.96,2235.53,15.82,Maize,Vegetative,Yes,West
Silt,7.3,39.54,28.15,81.69,2281.68,3.22,Wheat,Vegetative,No,Central
Silt,7.95,20.95,26.44,46.29,1077.83,7.05,Potato,Flowering,No,South
Loamy,6.32,48.58,41.04,36.3,898.65,5.4,Maize,Harvest,No,South
Sandy,5.39,49.78,14.36,90.32,2323.14,3.6,Wheat,Sowing,No,East
Loamy,4.96,9.2,19.95,47.22,132.1,13.07,Rice,Vegetative,Yes,East
Clay,5.64,30.56,41.06,76.92,1876.35,1.78,Maize,Sowing,Yes,North
Silt,5.29,58.74,25.36,45.34,443.77,12.18,Rice,Sowing,No,East
Loamy,6.7,37.66,29.13,37.5,1163.75,16.64,Potato,Sowing,Yes,North
Loamy,5.43,27.81,14.43,81.17,2384.23,7.56,Cotton,Sowing,Yes,Central
Silt,4.93,22.46,20.52,28.89,1452.87,10.05,Rice,Vegetative,No,North
Silt,4.92,21.87,13.19,48.24,1308.6,3.31,Cotton,Sowing,No,Central
Silt,7.63,13.69,16.13,79.61,154.5,14.55,Rice,Sowing,Yes,North
Clay,6.81,54.58,31.0,60.85,693.35,18.22,Maize,Flowering,Yes,East
Silt,6.02,12.94,34.91,73.27,7.63,14.79,Rice,Flowering,No,East
Sandy,7.84,24.66,38.1,29.68,2187.51,2.9,Maize,Harvest,Yes,South
Loamy,5.04,10.6,19.54,77.49,1612.14,7.24,Wheat,Sowing,Yes,East
Silt,8.13,52.54,21.99,37.04,295.07,3.88,Wheat,Flowering,No,North
Silt,6.9,10.24,29.08,81.61,908.68,11.99,Cotton,Sowing,No,East
Clay,5.42,25.57,14.51,64.49,2028.54,14.59,Sugarcane,Vegetative,No,West
Clay,7.11,40.68,36.2,76.74,350.76,19.52,Potato,Sowing,No,East
Loamy,7.4,31.34,26.5,39.9,575.66,10.31,Rice,Flowering,No,Central
Sandy,6.26,24.09,40.97,52.68,1353.52,12.93,Maize,Vegetative,Yes,Central
Loamy,7.73,23.69,15.52,81.14,362.37,2.58,Sugarcane,Sowing,Yes,South
Silt,5.31,53.47,16.0,88.76,956.77,3.53,Wheat,Vegetative,Yes,North
Sandy,5.75,63.52,22.46,40.86,2455.32,5.02,Maize,Sowing,Yes,Central
Sandy,5.12,27.84,18.2,80.54,1359.63,1.56,Maize,Flowering,No,Central
Sandy,5.52,10.23,32.9,32.6,1753.82,8.46,Sugarcane,Vegetative,No,South
Sandy,5.61,10.08,40.4,54.8,1658.2,19.05,Maize,Sowing,Yes,South
Loamy,7.92,51.28,14.7,90.71,529.29,13.23,Sugarcane,Harvest,No,East
Clay,5.07,39.49,19.27,91.16,2115.28,9.0,Rice,Flowering,No,Central
Clay,6.25,52.66,19.14,45.77,305.13,10.13,Rice,Flowering,Yes,South
Silt,6.61,47.76,27.27,38.5,2303.99,3.36,Rice,Vegetative,Yes,Central
Clay,7.86,59.73,25.56,35.46,540.18,2.39,Wheat,Sowing,No,Central
Clay,8.19,58.49,33.81,58.66,2386.86,5.55,Potato,Vegetative,Yes,South
Clay,7.36,52.93,33.98,31.45,1994.91,6.48,Sugarcane,Flowering,Yes,North
Clay,8.1,35.09,29.18,49.98,427.46,2.9,Rice,Harvest,No,North
Silt,7.48,25.56,29.73,26.19,401.01,13.98,Wheat,Vegetative,Yes,West
Loamy,8.07,36.9,37.27,43.16,211.32,18.5,Wheat,Flowering,Yes,North
Sandy,7.2,36.62,23.91,88.02,618.39,3.9,Potato,Vegetative,Yes,Central
Clay,5.07,42.79,12.37,56.29,1647.77,16.84,Wheat,Flowering,Yes,Central
Loamy,6.17,18.61,18.39,30.16,1300.76,6.32,Rice,Flowering,Yes,Central
Clay,7.0,45.37,13.06,70.28,1533.38,12.33,Maize,Flowering,Yes,North
Clay,5.99,34.03,23.8,91.89,77.85,2.23,Potato,Sowing,No,West
Sandy,5.73,43.35,22.74,57.44,199.93,5.17,Rice,Vegetative,No,East
Sandy,6.76,21.66,14.96,68.7,1729.94,3.58,Potato,Flowering,No,Central
Sandy,7.97,32.76,34.65,89.36,2119.77,3.64,Potato,Vegetative,No,West
Clay,4.92,19.98,28.59,54.34,898.55,18.7,Wheat,Sowing,No,South
Clay,7.42,57.89,18.77,71.52,416.21,7.59,Cotton,Harvest,Yes,North
Clay,7.26,35.81,34.77,55.85,770.89,4.32,Rice,Harvest,Yes,East
Sandy,8.08,20.82,32.04,92.35,1030.07,3.84,Rice,Vegetative,No,South
Silt,7.96,10.35,17.75,60.27,1575.34,13.62,Maize,Vegetative,No,West
Loamy,7.39,46.52,41.49,87.0,1023.68,14.51,Rice,Sowing,Yes,South
Silt,6.57,20.23,17.32,60.5,2242.6,19.61,Rice,Vegetative,No,South
Clay,5.49,64.41,35.15,71.79,1003.03,12.71,Wheat,Sowing,No,Central
Clay,6.65,38.42,41.05,52.03,453.43,9.45,Potato,Vegetative,No,Central
Silt,7.4,24.47,33.77,89.23,620.86,4.87,Potato,Sowing,No,North
Clay,7.85,45.49,31.97,70.29,1162.92,1.27,Potato,Sowing,Yes,East
Loamy,7.49,23.69,39.1,26.39,1956.16,17.68,Potato,Harvest,No,South
Clay,5.46,54.76,20.07,26.09,2173.52,15.88,Wheat,Harvest,Yes,West
Loamy,6.84,25.57,20.31,72.33,463.23,16.03,Cotton,Vegetative,No,South
Silt,5.93,64.33,31.23,33.0,8.68,6.78,Potato,Sowing,No,South
Silt,4.83,42.49,38.46,75.13,2173.52,7.47,Potato,Vegetative,Yes,North
Clay,5.48,56.13,30.52,47.54,570.49,15.78,Wheat,Flowering,Yes,Central
Loamy,5.18,12.15,41.31,62.72,2054.16,13.91,Potato,Harvest,No,Central
Clay,7.67,27.85,18.69,37.21,1376.87,13.17,Potato,Vegetative,No,North
Sandy,5.68,50.04,36.78,42.24,1010.29,11.32,Sugarcane,Flowering,Yes,Central
Sandy,5.77,45.34,39.82,55.58,366.89,7.68,Potato,Sowing,Yes,South
Sandy,8.06,19.07,24.81,71.58,1680.09,14.95,Maize,Flowering,Yes,Central
Sandy,6.09,28.3,40.86,35.9,2045.39,7.54,Rice,Harvest,No,North
Clay,4.83,23.02,18.06,44.69,1152.74,14.83,Rice,Sowing,Yes,North
Sandy,5.77,42.96,40.59,39.49,1115.89,4.21,Sugarcane,Vegetative,Yes,South
Loamy,5.21,27.64,39.08,85.39,1888.2,12.01,Maize,Harvest,Yes,Central
Silt,5.15,25.62,13.98,70.36,1250.3,7.47,Sugarcane,Harvest,No,South
Silt,5.06,19.82,27.64,57.79,1964.03,16.66,Sugarcane,Harvest,No,West
Sandy,6.82,31.31,27.87,91.29,135.29,10.61,Potato,Vegetative,No,North
Sandy,5.44,19.14,13.71,76.51,2144.08,12.67,Maize,Vegetative,Yes,East
Sandy,6.03,62.87,13.19,90.26,655.18,2.12,Rice,Flowering,No,East
Clay,7.73,16.81,12.15,66.83,422.99,10.16,Rice,Flowering,Yes,North
Silt,6.24,60.06,27.74,34.66,80.73,15.72,Maize,Sowing,Yes,East
Sandy,7.91,32.42,25.91,72.28,2085.18,17.27,Wheat,Harvest,Yes,South
Loamy,6.49,29.54,40.21,39.1,150.29,14.56,Potato,Flowering,Yes,West
Sandy,6.16,21.19,22.27,49.22,2386.08,8.66,Maize,Sowing,No,Central
Silt,7.35,44.24,31.75,60.67,1412.11,5.52,Sugarcane,Vegetative,Yes,West
Sandy,5.05,47.08,12.23,36.02,1746.71,8.09,Sugarcane,Flowering,No,East
Silt,5.1,34.65,31.91,26.45,1813.28,11.45,Rice,Sowing,No,East
Sandy,7.02,11.18,39.4,47.9,731.71,0.61,Maize,Harvest,Yes,Central
Loamy,6.46,60.36,22.64,82.7,2016.15,18.28,Maize,Harvest,Yes,East
Sandy,7.49,63.88,21.42,26.08,2365.6,7.2,Rice,Flowering,Yes,Central
Loamy,7.92,32.57,30.78,32.66,924.63,16.04,Sugarcane,Harvest,Yes,East
Loamy,6.12,42.98,21.86,81.48,2088.37,10.92,Rice,Flowering,No,Central
Sandy,6.83,33.67,24.07,46.41,1930.1,13.41,Cotton,Harvest,No,South
Loamy,6.5,26.35,20.19,90.67,1473.99,15.31,Potato,Harvest,Yes,Central
Clay,8.14,12.41,22.35,51.62,919.04,6.11,Sugarcane,Vegetative,Yes,North
Sandy,7.63,34.0,32.38,80.77,1037.96,12.32,Maize,Sowing,Yes,West
Sandy,7.9,54.65,39.67,43.12,769.02,15.16,Wheat,Harvest,No,West
Loamy,5.66,8.97,29.49,29.33,1065.68,15.53,Wheat,Vegetative,Yes,North
Loamy,7.43,41.18,12.3,86.71,2474.07,8.61,Wheat,Sowing,No,South
Sandy,5.7,58.2,19.92,89.91,908.54,14.71,Maize,Harvest,Yes,South
Clay,5.51,20.4,40.57,74.57,1663.77,6.39,Maize,Vegetative,No,East
Loamy,8.01,18.45,39.31,78.9,799.02,2.92,Potato,Flowering,No,South
Loamy,4.87,52.02,15.47,25.5,1166.62,2.7,Wheat,Harvest,Yes,East
Silt,8.08,22.54,39.25,77.77,209.43,10.36,Wheat,Harvest,No,East
Clay,5.31,18.94,40.94,58.05,1908.09,7.97,Potato,Sowing,Yes,Central
Clay,7.59,29.55,21.74,56.7,1652.56,5.03,Cotton,Harvest,No,East
Sandy,5.74,30.37,33.03,62.8,868.71,8.13,Rice,Vegetative,Yes,South
Clay,5.99,57.82,28.8,43.98,1312.11,8.53,Potato,Sowing,Yes,South
Sandy,5.54,43.25,22.11,73.74,2180.55,11.29,Wheat,Sowing,Yes,East
Silt,6.79,31.14,16.6,45.69,111.08,1.63,Wheat,Sowing,Yes,Central
Clay,5.98,38.46,23.01,64.1,2325.54,18.21,Potato,Sowing,No,North
Loamy,7.04,62.38,39.83,34.58,1177.0,7.76,Cotton,Harvest,No,East
Silt,4.85,14.45,36.34,72.26,2149.14,12.5,Rice,Sowing,Yes,Central
Sandy,5.02,19.84,21.92,38.27,2153.71,6.47,Wheat,Harvest,No,West
Silt,5.14,62.86,28.43,36.93,146.78,15.35,Cotton,Vegetative,No,South
Sandy,6.22,62.57,24.18,26.7,1953.99,9.44,Sugarcane,Harvest,Yes,North
Silt,7.57,18.1,25.99,33.53,1832.17,6.78,Potato,Vegetative,No,North
Sandy,7.82,16.27,34.84,41.28,107.98,19.29,Rice,Vegetative,Yes,North
Clay,5.63,32.0,28.29,40.56,2351.34,17.37,Rice,Sowing,No,West
Loamy,6.75,10.83,17.43,47.94,1586.37,4.02,Sugarcane,Vegetative,Yes,South
Sandy,7.41,45.33,20.07,28.81,418.84,14.16,Wheat,Flowering,No,North
Silt,5.78,12.42,29.03,90.46,307.74,15.21,Sugarcane,Flowering,No,South
Sandy,6.19,11.31,32.78,33.34,1404.93,1.17,Wheat,Sowing,Yes,South
Sandy,6.58,35.66,27.24,74.14,147.09,19.24,Wheat,Vegetative,No,West
Sandy,5.26,62.59,30.61,62.46,411.02,5.04,Cotton,Harvest,Yes,West
Silt,4.89,32.33,35.68,63.7,2371.13,18.21,Cotton,Harvest,No,West
Loamy,5.32,28.32,28.36,32.39,1861.85,13.25,Maize,Harvest,Yes,West
Clay,6.93,64.88,41.32,42.03,1533.72,10.49,Rice,Flowering,No,West
Loamy,5.05,38.32,19.07,79.59,522.05,15.82,Cotton,Sowing,Yes,East
Sandy,5.44,29.39,39.59,57.46,546.29,13.66,Rice,Vegetative,No,East
Silt,5.95,29.99,19.43,56.99,1114.57,14.93,Wheat,Vegetative,Yes,Central
Loamy,5.06,19.11,27.95,63.21,1885.14,17.23,Potato,Vegetative,Yes,South
Sandy,5.45,37.2,25.68,55.37,9.82,9.69,Cotton,Vegetative,Yes,Central
Clay,7.9,33.01,23.19,81.43,110.69,8.8,Maize,Vegetative,Yes,South
Clay,4.87,23.44,40.88,77.41,2175.28,18.05,Wheat,Flowering,Yes,South
Clay,7.02,17.15,20.17,47.19,2035.16,16.06,Sugarcane,Harvest,No,North
Sandy,6.11,25.74,32.25,81.85,1736.7,0.88,Cotton,Sowing,No,South
Silt,7.09,36.99,36.12,61.3,1248.83,13.25,Rice,Vegetative,Yes,West
Loamy,6.8,11.32,17.91,68.94,362.82,18.13,Maize,Flowering,Yes,West
Clay,5.56,16.76,41.19,85.63,255.58,13.83,Maize,Harvest,Yes,North
Sandy,7.68,62.02,28.4,58.32,2263.44,11.29,Maize,Flowering,No,East
Sandy,6.47,38.94,39.43,77.94,956.3,3.93,Wheat,Vegetative,No,East
Loamy,7.6,11.62,31.92,68.97,1739.31,19.04,Wheat,Sowing,Yes,East
Clay,6.18,47.51,31.48,54.87,1140.5,12.71,Cotton,Vegetative,No,West
Sandy,8.15,11.52,22.37,80.23,1827.32,2.47,Potato,Vegetative,No,North
Loamy,7.42,50.12,35.12,32.36,483.27,18.59,Potato,Sowing,Yes,East
Silt,8.08,50.75,12.89,65.69,1211.42,10.57,Rice,Flowering,Yes,West
Silt,6.55,45.11,28.67,28.25,942.17,3.57,Sugarcane,Harvest,No,East
Silt,6.41,49.74,12.96,35.93,612.63,4.92,Wheat,Harvest,No,North
Clay,7.37,13.01,21.21,66.92,1494.28,19.37,Potato,Vegetative,No,Central
Loamy,7.79,49.43,14.89,46.53,1342.43,9.01,Maize,Vegetative,No,West
Loamy,8.08,15.79,39.35,43.37,1239.23,8.68,Maize,Vegetative,Yes,Central
Sandy,5.9,27.35,30.85,91.91,1477.76,9.98,Rice,Harvest,Yes,West
Sandy,7.52,61.74,32.06,50.61,356.33,14.16,Sugarcane,Vegetative,No,North
Sandy,5.52,36.66,37.53,64.53,926.37,7.62,Cotton,Flowering,No,South
Loamy,6.65,63.14,33.99,62.4,811.69,8.71,Cotton,Harvest,Yes,East
Sandy,5.41,13.07,15.73,29.34,1922.94,15.05,Potato,Flowering,Yes,North
Loamy,5.98,35.22,30.53,72.2,89.31,9.49,Wheat,Sowing,Yes,North
Loamy,7.97,11.56,41.35,60.9,704.83,14.41,Sugarcane,Flowering,No,South
Silt,5.3,43.92,18.42,51.7,2295.74,19.26,Potato,Harvest,No,North
Sandy,6.95,12.49,30.59,29.62,750.88,19.27,Wheat,Vegetative,No,South
Silt,6.82,18.0,28.91,45.51,379.75,9.22,Wheat,Harvest,No,Central
Clay,5.21,22.75,23.75,86.89,1893.36,5.07,Rice,Flowering,Yes,North
Clay,5.91,50.68,40.64,37.16,119.61,5.4,Cotton,Sowing,Yes,North
Clay,6.71,17.35,22.69,40.35,1065.8,16.47,Potato,Vegetative,Yes,South
Loamy,5.44,56.26,14.81,39.37,2138.39,2.05,Maize,Flowering,No,West
Loamy,7.52,15.52,40.88,87.36,2385.24,1.29,Rice,Sowing,Yes,Central
Loamy,8.11,10.01,33.88,74.0,622.55,13.79,Rice,Harvest,No,South
Sandy,5.53,30.52,22.27,86.73,740.51,18.25,Maize,Harvest,Yes,Central
Silt,5.44,63.83,20.42,88.96,1418.13,5.0,Potato,Flowering,No,East
Loamy,6.35,14.29,39.84,89.96,566.38,1.56,Potato,Harvest,No,South
Silt,7.34,13.8,20.21,59.0,376.86,17.96,Sugarcane,Vegetative,No,East
Silt,5.76,50.82,28.11,58.34,1064.95,7.41,Maize,Sowing,No,Central
Silt,4.87,25.79,18.45,83.02,180.62,11.22,Maize,Harvest,No,South
Sandy,6.64,48.89,41.86,48.23,2235.55,16.81,Maize,Harvest,Yes,Central
Sandy,8.05,19.4,35.09,26.55,835.49,5.38,Maize,Flowering,Yes,North
Clay,6.13,34.22,29.03,48.21,840.71,12.22,Potato,Vegetative,No,West
Clay,6.23,23.12,34.37,75.14,1978.43,19.83,Potato,Sowing,Yes,South
Silt,8.09,33.74,39.49,33.65,853.87,14.96,Cotton,Vegetative,Yes,West
Clay,7.16,51.84,40.89,79.93,1902.27,8.25,Cotton,Vegetative,Yes,South
Silt,7.25,51.43,35.58,82.08,453.11,15.48,Rice,Vegetative,Yes,Central
Sandy,6.71,37.4,37.47,32.06,1322.47,0.92,Rice,Vegetative,No,South
Sandy,8.11,60.92,23.93,31.85,1921.28,4.7,Sugarcane,Sowing,No,West
Sandy,7.14,23.04,23.75,38.92,1124.75,15.02,Maize,Vegetative,No,East
Loamy,7.84,21.7,36.25,49.95,179.53,5.61,Sugarcane,Flowering,Yes,North
Silt,7.18,42.99,34.79,62.29,1842.26,2.96,Sugarcane,Harvest,Yes,West
Sandy,7.3,43.41,39.03,58.99,1235.14,6.22,Potato,Vegetative,No,Central
Silt,5.79,10.65,15.99,84.72,791.04,3.84,Sugarcane,Flowering,No,South
Clay,5.83,42.64,32.72,34.96,2481.99,8.7,Sugarcane,Flowering,No,East
Clay,7.46,29.34,31.43,73.83,2190.18,2.93,Cotton,Harvest,No,South
Sandy,5.81,50.6,35.96,63.42,94.56,16.84,Maize,Harvest,No,East
Silt,6.71,54.06,12.74,76.58,1484.14,15.71,Rice,Flowering,No,South
Sandy,5.65,39.47,36.79,48.94,886.42,6.49,Wheat,Harvest,Yes,Central
Clay,7.58,8.1,21.79,58.0,93.51,10.64,Cotton,Harvest,No,Central
Sandy,5.18,44.27,32.61,27.0,28.24,17.17,Sugarcane,Vegetative,Yes,West
Silt,7.62,50.69,30.5,33.13,1459.39,18.62,Potato,Harvest,No,West
Clay,6.85,22.19,25.21,51.25,800.33,2.28,Wheat,Vegetative,Yes,South
Loamy,5.44,34.48,34.38,58.69,1758.29,14.58,Maize,Harvest,No,East
Clay,6.64,63.05,40.84,31.0,1136.05,3.14,Maize,Harvest,No,South
Loamy,5.76,24.99,21.7,82.75,1916.24,0.89,Sugarcane,Harvest,No,West
Sandy,5.9,20.72,34.45,91.22,2032.66,2.04,Cotton,Flowering,No,West
Sandy,6.0,20.02,21.44,66.75,1643.09,11.73,Wheat,Vegetative,Yes,South
Silt,5.02,39.85,37.37,28.74,1044.93,7.85,Sugarcane,Flowering,No,North
Loamy,8.15,62.14,25.12,76.72,2471.19,2.81,Potato,Vegetative,Yes,West
Sandy,4.91,42.7,25.48,40.2,766.71,9.75,Wheat,Harvest,No,South
Loamy,7.05,25.29,35.16,76.36,1286.45,10.41,Cotton,Vegetative,Yes,East
Sandy,6.06,44.4,26.89,55.4,1301.01,15.85,Potato,Sowing,Yes,South
Clay,7.0,43.62,20.0,28.74,1070.85,13.44,Potato,Harvest,No,South
Sandy,6.01,42.02,41.87,44.51,303.54,9.59,Potato,Flowering,Yes,North
Silt,7.09,17.09,30.61,54.89,884.86,6.82,Rice,Harvest,No,East
Clay,7.28,44.17,31.35,76.54,537.97,0.54,Potato,Sowing,Yes,Central
Silt,7.15,32.52,31.4,34.31,2249.64,16.72,Potato,Harvest,Yes,Central
Clay,5.19,9.06,38.5,45.09,1638.44,5.71,Wheat,Vegetative,Yes,Central
Loamy,7.03,38.77,17.52,30.85,719.54,4.66,Maize,Sowing,No,West
Silt,5.75,64.39,13.77,68.11,1414.33,14.82,Potato,Sowing,No,North
Sandy,4.9,27.94,23.6,58.2,2133.02,1.9,Wheat,Harvest,Yes,East
Loamy,6.21,63.04,28.95,90.03,2336.09,5.62,Potato,Vegetative,No,South
Sandy,6.27,13.48,20.57,76.84,187.59,8.98,Wheat,Sowing,No,West
Clay,6.39,49.75,32.68,79.45,1967.27,9.11,Maize,Flowering,No,North
Clay,7.2,14.52,14.22,36.51,2415.77,3.58,Maize,Flowering,Yes,South
Sandy,5.85,23.59,35.72,43.66,1168.11,1.28,Wheat,Vegetative,Yes,North
Sandy,5.87,40.54,33.54,60.92,2488.84,9.68,Wheat,Vegetative,Yes,East
Loamy,5.01,41.79,18.42,25.94,2392.69,7.47,Wheat,Vegetative,Yes,East
Sandy,7.14,52.19,20.95,85.91,1642.23,6.05,Cotton,Harvest,No,South
Silt,6.73,43.07,36.21,79.44,2119.03,5.78,Maize,Sowing,No,East
Silt,5.99,41.84,35.2,29.06,741.41,10.33,Potato,Flowering,Yes,East
Sandy,7.2,60.0,36.41,84.43,2293.66,0.92,Sugarcane,Sowing,Yes,North
Silt,6.63,33.77,21.67,25.31,1479.72,2.57,Maize,Vegetative,Yes,East
Sandy,6.4,20.84,41.09,33.0,1274.16,6.84,Cotton,Harvest,No,South
Loamy,6.54,17.22,33.46,28.88,2089.15,9.86,Wheat,Flowering,No,West
Silt,6.96,30.8,13.96,58.54,2223.74,14.03,Potato,Vegetative,No,Central
Silt,7.04,48.63,26.33,79.88,1753.12,6.22,Wheat,Harvest,Yes,Central
Sandy,5.78,10.42,31.94,37.5,62.59,13.51,Cotton,Harvest,No,North
Silt,5.28,15.36,17.06,79.0,1493.02,8.05,Rice,Sowing,Yes,Central
Clay,5.33,14.05,39.05,37.94,2054.14,15.61,Cotton,Vegetative,Yes,East
Loamy,6.97,41.36,34.62,94.34,1363.17,9.87,Wheat,Sowing,No,West
Loamy,7.77,21.84,14.44,84.74,2337.15,11.06,Maize,Flowering,No,South
Silt,6.19,17.48,39.4,76.6,2243.29,8.98,Maize,Sowing,No,South
Silt,5.38,41.79,24.13,66.42,1324.19,3.09,Potato,Harvest,Yes,Central
Clay,7.37,51.39,25.57,41.98,1009.58,3.84,Maize,Flowering,No,South
Clay,7.63,26.93,35.49,33.35,137.69,8.31,Rice,Harvest,Yes,Central
Silt,7.79,40.96,31.32,57.22,1581.49,2.43,Sugarcane,Flowering,Yes,East
Silt,6.86,13.59,25.13,53.19,664.91,3.23,Sugarcane,Flowering,Yes,West
Clay,7.73,61.31,19.79,72.21,1671.13,12.66,Wheat,Sowing,No,South
Sandy,4.85,27.2,27.51,36.91,1996.9,12.85,Maize,Sowing,No,East
Clay,5.16,64.86,29.38,64.35,1021.73,2.99,Maize,Sowing,Yes,East
Sandy,5.11,63.78,30.93,73.53,38.96,17.15,Maize,Flowering,No,West
Loamy,7.22,52.39,30.15,45.93,2163.13,17.21,Potato,Sowing,No,Central
Loamy,5.04,9.14,30.52,79.6,1372.52,7.9,Maize,Vegetative,No,East
Clay,6.49,38.98,26.27,55.23,786.98,10.21,Cotton,Flowering,Yes,East
Sandy,6.41,12.95,28.86,36.38,1584.49,16.13,Wheat,Vegetative,No,West
Clay,5.86,59.02,20.66,38.63,1685.99,15.37,Cotton,Sowing,Yes,South
Clay,7.76,53.01,16.75,44.52,368.67,7.57,Rice,Sowing,No,South
Sandy,5.38,63.42,30.21,36.07,1616.0,6.68,Potato,Sowing,No,West
Clay,6.0,42.68,13.41,64.4,716.72,13.45,Wheat,Vegetative,No,North
Loamy,7.43,37.76,13.96,91.44,2009.06,7.59,Maize,Sowing,Yes,South
Silt,4.9,37.58,19.42,87.73,2353.78,13.94,Maize,Vegetative,No,East
Silt,7.09,30.03,17.83,47.66,256.67,3.03,Cotton,Sowing,Yes,West
Clay,7.58,34.72,23.22,85.53,2293.39,13.6,Sugarcane,Harvest,Yes,West
Sandy,7.97,44.22,23.14,91.78,2258.61,15.81,Cotton,Sowing,No,North
Sandy,7.78,61.18,15.51,45.59,857.27,18.14,Sugarcane,Flowering,No,West
Loamy,5.89,41.97,19.4,88.37,72.09,9.4,Wheat,Flowering,No,Central
Sandy,6.79,56.86,12.14,94.82,1658.06,11.43,Wheat,Sowing,Yes,South
Sandy,5.06,57.18,22.53,80.84,861.78,6.13,Wheat,Harvest,No,North
Loamy,5.68,37.57,35.89,52.32,479.12,3.43,Rice,Vegetative,No,South
Clay,5.12,27.81,19.98,67.6,271.41,3.88,Potato,Vegetative,No,West
Silt,5.87,44.46,31.3,50.49,490.07,16.97,Wheat,Harvest,Yes,South
Loamy,7.78,33.42,14.95,94.72,593.67,11.06,Potato,Harvest,No,West
Clay,5.98,12.64,12.37,29.75,1989.56,7.84,Cotton,Harvest,Yes,West
Loamy,6.71,29.54,26.95,87.52,1959.55,17.35,Cotton,Harvest,Yes,West
Clay,6.27,64.66,25.84,30.22,1236.04,2.72,Sugarcane,Sowing,No,South
Loamy,6.36,10.77,17.75,27.95,1383.31,12.09,Wheat,Flowering,No,Central
Clay,8.1,47.71,20.6,90.8,2294.54,15.92,Potato,Sowing,Yes,West
Loamy,5.81,55.95,12.92,85.71,2270.1,2.94,Sugarcane,Flowering,No,Central
Clay,6.93,44.98,35.93,50.31,2071.68,2.85,Cotton,Flowering,Yes,North
Loamy,6.23,40.48,21.04,92.03,935.68,1.15,Maize,Harvest,Yes,East
Silt,5.01,48.33,18.58,85.33,916.38,18.87,Wheat,Harvest,Yes,South
Silt,6.46,32.47,36.14,88.14,2219.71,14.0,Potato,Harvest,Yes,Central
Sandy,7.57,13.21,13.18,66.66,2316.28,1.89,Potato,Harvest,No,Central
Clay,5.14,62.86,20.54,92.08,1996.14,13.59,Potato,Flowering,Yes,North
Loamy,5.04,32.64,19.88,81.67,1892.84,6.42,Rice,Harvest,No,South
Clay,5.32,45.93,19.89,90.8,1395.41,2.63,Rice,Vegetative,Yes,Central
Silt,7.4,38.28,12.34,44.71,845.84,19.85,Maize,Flowering,Yes,North
Clay,7.26,11.12,40.04,62.25,601.58,4.01,Potato,Vegetative,Yes,Central
Loamy,6.72,62.31,37.92,85.74,350.85,16.07,Sugarcane,Sowing,No,South
Clay,6.39,53.17,24.43,65.58,1820.5,17.69,Sugarcane,Sowing,No,East
Loamy,7.82,16.5,25.36,81.08,1942.45,10.84,Sugarcane,Flowering,No,South
Silt,7.41,63.95,27.72,93.12,896.61,19.53,Wheat,Vegetative,Yes,Central
Silt,7.56,50.0,26.35,81.32,15.1,2.84,Sugarcane,Vegetative,Yes,West
Silt,7.57,34.92,35.37,47.08,2346.49,19.24,Potato,Harvest,No,West
Sandy,6.99,42.85,26.65,33.31,1092.72,1.88,Rice,Vegetative,Yes,North
Silt,6.36,14.08,17.66,44.09,2436.48,9.81,Rice,Vegetative,Yes,Central
Clay,7.74,39.94,15.51,71.4,1693.4,17.17,Potato,Flowering,No,South
Sandy,7.95,12.2,39.55,25.77,310.03,11.29,Rice,Flowering,No,North
Silt,4.88,39.06,13.45,38.28,817.38,11.88,Potato,Flowering,No,South
Clay,4.98,39.5,38.93,47.88,1642.63,3.64,Potato,Vegetative,Yes,East
Clay,8.06,57.84,32.71,86.27,1623.13,19.69,Sugarcane,Flowering,No,Central
Clay,5.74,49.33,24.14,28.57,579.96,5.01,Wheat,Vegetative,No,West
Loamy,7.77,22.22,17.62,28.5,442.14,17.25,Potato,Flowering,No,West
Sandy,6.12,58.64,21.31,63.62,691.98,19.15,Rice,Sowing,No,North
Clay,5.2,40.67,27.9,37.44,1967.23,5.98,Cotton,Sowing,Yes,East
Loamy,5.07,42.56,31.71,41.96,604.67,14.75,Rice,Harvest,No,West
Silt,5.33,17.63,32.74,37.9,1754.45,2.07,Wheat,Sowing,Yes,South
Clay,5.65,56.89,25.42,65.71,2175.0,14.96,Rice,Flowering,No,North
Loamy,6.46,61.07,23.22,28.89,979.06,9.94,Maize,Sowing,No,South
Clay,7.19,52.17,35.05,90.8,17.49,2.8,Maize,Harvest,No,Central
Sandy,8.15,61.62,39.76,33.62,354.89,17.95,Maize,Flowering,Yes,North
Sandy,6.3,25.23,39.43,91.61,779.74,13.74,Rice,Harvest,Yes,West
Silt,6.56,57.08,28.55,79.47,474.89,3.79,Potato,Sowing,Yes,East
Clay,6.57,35.87,14.37,82.96,723.78,10.89,Wheat,Sowing,Yes,West
Loamy,6.63,17.34,14.2,37.1,1360.1,6.85,Sugarcane,Sowing,Yes,North
Silt,6.56,46.12,24.08,71.88,52.7,14.36,Wheat,Harvest,Yes,West
Clay,4.83,46.99,33.99,82.2,160.7,12.74,Cotton,Sowing,No,South
Silt,4.81,24.35,26.92,64.06,2139.35,4.2,Potato,Vegetative,No,East
Loamy,5.13,9.57,30.82,63.58,1305.8,5.22,Cotton,Flowering,Yes,South
Silt,5.15,19.39,37.3,36.16,2338.83,14.24,Wheat,Vegetative,No,South
Silt,7.2,30.79,13.21,54.0,8.19,13.67,Rice,Sowing,Yes,West
Silt,5.5,17.55,39.71,35.54,0.38,6.59,Maize,Harvest,No,East
Clay,7.84,19.06,21.93,93.1,1848.99,9.83,Maize,Vegetative,No,East
Loamy,7.96,30.31,13.4,72.94,1190.63,9.61,Potato,Flowering,Yes,North
Sandy,8.12,62.82,37.06,28.39,2284.5,2.93,Sugarcane,Harvest,Yes,South
Clay,7.99,51.56,40.02,58.37,1966.46,12.61,Rice,Harvest,Yes,East
Sandy,5.72,26.23,35.06,69.66,1259.91,5.66,Sugarcane,Flowering,No,East
Sandy,6.53,62.24,36.14,31.69,1196.31,9.47,Wheat,Sowing,No,West
Clay,5.4,44.8,38.14,71.55,2027.95,1.9,Potato,Sowing,Yes,West
Clay,7.54,33.96,27.67,37.41,2009.27,12.47,Sugarcane,Sowing,No,South
Loamy,7.82,34.69,32.41,53.55,692.36,16.87,Cotton,Flowering,Yes,South
Loamy,7.69,31.41,20.59,68.79,1686.59,11.61,Sugarcane,Sowing,No,East
Silt,6.27,21.28,19.49,50.55,1608.01,12.14,Maize,Vegetative,Yes,South
Sandy,7.38,30.04,30.27,51.66,2140.21,13.63,Cotton,Harvest,No,East
Loamy,5.13,38.09,34.04,84.05,2171.45,4.33,Maize,Vegetative,Yes,North
Silt,4.94,38.1,23.91,46.65,670.7,1.84,Wheat,Flowering,Yes,West
Loamy,7.36,51.42,24.01,70.86,2199.36,17.15,Sugarcane,Flowering,Yes,South
Clay,6.25,28.45,40.63,84.44,2311.43,17.01,Potato,Vegetative,No,South
Loamy,8.18,48.86,27.55,35.69,274.09,11.12,Sugarcane,Flowering,No,Central
Sandy,5.13,40.95,41.59,28.21,1434.37,4.34,Sugarcane,Harvest,Yes,Central
Loamy,7.71,62.83,37.89,82.79,1091.16,16.44,Rice,Harvest,No,East
Sandy,6.43,29.96,31.19,63.58,1004.96,4.79,Potato,Sowing,No,South
Clay,7.61,59.37,12.27,82.94,1762.07,17.29,Rice,Sowing,Yes,South
Sandy,7.58,54.78,20.88,39.91,323.92,8.76,Cotton,Harvest,Yes,East
Loamy,7.91,44.35,24.53,83.28,2049.86,1.62,Maize,Flowering,Yes,Central
Silt,5.81,45.31,31.58,31.67,66.5,16.43,Wheat,Sowing,Yes,North
Clay,8.03,12.83,23.87,86.82,1445.75,11.43,Rice,Flowering,Yes,East
Loamy,5.32,62.16,36.83,82.58,563.4,6.71,Maize,Sowing,No,East
Clay,5.08,14.1,31.89,64.71,1668.67,9.33,Sugarcane,Vegetative,Yes,North
Clay,6.27,40.1,22.41,67.58,1313.58,17.78,Sugarcane,Vegetative,Yes,North
Loamy,7.62,26.81,35.53,49.21,2499.38,4.46,Maize,Sowing,No,West
Loamy,6.41,32.5,21.09,39.11,2155.81,2.52,Sugarcane,Harvest,No,South
Silt,7.62,42.78,13.88,56.88,841.58,15.8,Potato,Harvest,No,Central
Clay,7.28,59.8,17.18,71.02,1321.21,12.62,Rice,Flowering,Yes,Central
Clay,5.51,34.08,12.08,94.89,794.53,17.46,Wheat,Sowing,No,West
Loamy,8.03,64.3,36.97,82.21,1821.98,6.61,Rice,Flowering,Yes,South
Sandy,5.01,41.79,30.81,55.4,1056.03,11.44,Sugarcane,Sowing,Yes,East
Loamy,7.85,17.15,29.12,77.03,288.59,1.33,Wheat,Harvest,Yes,South
Clay,5.84,18.83,31.86,32.56,1652.01,17.01,Sugarcane,Vegetative,No,West
Loamy,6.5,48.82,31.61,54.05,27.66,4.23,Wheat,Vegetative,No,North
Silt,6.24,10.87,28.96,54.74,743.23,2.74,Cotton,Vegetative,Yes,West
Sandy,5.38,35.38,37.27,94.92,2267.86,9.95,Sugarcane,Sowing,No,West
Loamy,6.02,16.45,25.23,52.37,235.44,15.03,Cotton,Sowing,No,North
Silt,5.46,32.69,36.14,30.83,1261.06,4.59,Rice,Flowering,Yes,East
Clay,5.49,50.75,35.6,29.71,1987.72,5.05,Rice,Sowing,No,Central
Loamy,5.44,34.15,17.99,73.89,2261.26,6.65,Rice,Vegetative,No,West
Clay,6.46,17.32,25.61,45.24,1399.6,16.32,Sugarcane,Sowing,No,East
Silt,7.51,22.36,37.05,85.82,382.95,15.07,Maize,Sowing,No,South
Clay,6.73,28.95,36.93,58.81,2352.14,5.76,Cotton,Harvest,No,East
Silt,7.84,11.96,12.72,48.13,1873.15,5.48,Cotton,Flowering,No,South
Silt,6.96,41.31,18.69,78.14,989.18,18.18,Cotton,Vegetative,Yes,South
Silt,7.14,42.63,24.72,54.23,692.45,12.49,Potato,Harvest,Yes,Central
Loamy,7.07,11.54,13.41,76.62,119.29,4.89,Sugarcane,Harvest,Yes,Central
Clay,6.33,30.93,19.82,74.99,478.58,3.24,Cotton,Vegetative,Yes,West
Clay,7.14,31.6,19.75,75.62,1944.19,1.79,Cotton,Vegetative,No,South
Sandy,5.04,27.03,18.44,85.0,271.57,5.3,Cotton,Vegetative,Yes,West
Sandy,7.72,39.79,23.9,84.39,323.53,14.54,Sugarcane,Harvest,No,North
Sandy,7.44,27.72,36.39,71.52,489.83,7.75,Sugarcane,Sowing,No,North
Sandy,5.63,31.74,19.32,91.99,988.35,19.32,Potato,Vegetative,No,South
Clay,7.41,53.46,29.46,26.45,472.68,6.82,Maize,Vegetative,Yes,South
Silt,4.84,17.24,28.73,90.13,2260.76,3.43,Cotton,Harvest,No,North
Silt,5.54,43.29,36.54,35.38,644.14,3.94,Potato,Sowing,No,South
Loamy,5.02,36.82,23.82,39.82,2298.72,10.02,Maize,Vegetative,Yes,Central
Silt,7.45,25.39,18.71,82.22,2462.36,18.78,Cotton,Vegetative,No,North
Clay,7.37,49.47,38.75,53.03,1887.01,18.06,Cotton,Vegetative,Yes,South
Clay,7.57,39.42,36.99,54.77,18.59,4.07,Rice,Sowing,Yes,West
Clay,4.82,35.21,30.65,43.29,600.05,15.21,Potato,Flowering,Yes,South
Loamy,6.5,46.06,14.8,40.71,668.33,15.17,Rice,Sowing,No,North
Sandy,7.2,53.73,12.48,32.44,1356.89,3.72,Maize,Vegetative,No,North
Silt,5.33,63.44,17.48,38.77,395.98,6.31,Sugarcane,Sowing,No,North
Clay,7.01,43.87,17.9,64.67,193.04,1.98,Maize,Flowering,Yes,South
Clay,5.09,57.84,16.09,74.46,440.89,1.96,Rice,Harvest,No,East
Sandy,5.42,8.06,19.87,76.72,818.38,9.12,Wheat,Flowering,No,North
Clay,6.42,38.22,22.14,50.91,123.02,9.94,Sugarcane,Harvest,No,Central
Silt,7.02,20.23,34.63,89.54,488.41,1.14,Wheat,Sowing,Yes,East
Loamy,5.3,13.37,33.29,48.01,418.8,19.34,Sugarcane,Harvest,Yes,South
Clay,5.43,38.32,15.13,32.78,1930.9,9.98,Rice,Harvest,No,South
Silt,5.5,50.57,41.31,91.17,423.94,15.86,Wheat,Harvest,No,South
Clay,5.61,31.5,34.56,62.85,1978.85,12.88,Potato,Vegetative,No,South
Sandy,5.57,46.2,16.9,93.0,1270.46,12.58,Wheat,Flowering,No,Central
Clay,6.14,35.91,15.73,52.56,1894.64,6.41,Potato,Sowing,Yes,North
Clay,7.02,32.91,14.63,78.02,1125.89,17.8,Cotton,Harvest,Yes,West
Loamy,6.29,24.54,33.95,32.7,2252.64,6.34,Wheat,Vegetative,Yes,Central
Sandy,7.44,29.81,19.09,84.79,691.3,19.05,Cotton,Vegetative,Yes,East
Sandy,7.25,27.94,14.19,36.95,1917.02,1.27,Rice,Sowing,Yes,East
Loamy,5.23,44.83,24.65,29.81,408.55,2.74,Wheat,Vegetative,No,West
Clay,4.97,14.61,33.26,31.84,2206.61,14.67,Cotton,Sowing,Yes,West
Silt,7.79,13.28,21.14,64.02,71.1,12.37,Wheat,Flowering,No,South
Sandy,5.07,45.62,26.48,45.43,1143.59,14.48,Rice,Vegetative,No,Central
Sandy,5.3,39.14,17.78,92.27,1053.15,13.01,Wheat,Flowering,Yes,Central
Clay,4.88,32.52,24.87,84.69,1559.48,10.78,Potato,Vegetative,No,South
Clay,6.94,16.69,22.77,81.23,1102.33,1.11,Wheat,Flowering,No,Central
Sandy,6.78,31.43,25.02,81.67,1472.45,16.27,Potato,Flowering,No,South
Clay,8.16,53.01,25.97,87.35,2154.26,10.45,Maize,Sowing,Yes,Central
Silt,7.82,58.71,14.77,85.56,355.07,2.56,Maize,Harvest,Yes,West
Sandy,6.2,48.05,14.8,89.97,610.37,4.25,Potato,Harvest,No,South
Silt,6.06,11.41,19.82,90.41,2007.05,13.41,Cotton,Flowering,Yes,East
Silt,5.81,46.21,15.47,45.88,570.16,2.0,Wheat,Vegetative,No,North
Clay,5.32,21.74,19.58,40.37,2264.13,17.45,Wheat,Flowering,No,Central
Silt,5.27,25.97,12.74,70.02,1352.03,15.92,Wheat,Harvest,No,East
Clay,5.25,19.16,22.52,33.63,204.66,6.47,Wheat,Vegetative,No,East
Loamy,5.19,52.22,18.4,39.78,51.65,17.73,Maize,Sowing,No,North
Clay,5.62,44.97,38.76,79.11,1907.26,17.76,Wheat,Vegetative,No,South
Silt,5.84,42.87,37.74,70.45,2140.88,16.84,Cotton,Sowing,No,South
Loamy,8.07,46.07,21.01,70.56,599.66,6.5,Wheat,Harvest,No,North
Clay,6.77,21.5,26.26,91.54,601.95,13.29,Maize,Vegetative,No,East
Silt,8.16,33.34,40.67,71.73,2385.26,9.3,Cotton,Vegetative,Yes,East
Sandy,6.07,44.1,27.72,55.16,1640.47,11.01,Maize,Vegetative,Yes,Central
Sandy,6.36,44.29,37.45,44.62,419.04,8.49,Potato,Harvest,Yes,Central
Clay,5.9,53.14,36.79,48.7,1121.47,0.58,Potato,Flowering,No,North
Clay,5.42,24.36,40.24,44.45,2276.09,0.69,Cotton,Sowing,Yes,North
Sandy,5.29,51.91,21.17,27.45,1552.94,15.57,Cotton,Vegetative,Yes,Central
Silt,8.01,33.09,13.3,43.31,1018.67,18.95,Wheat,Harvest,Yes,South
Silt,8.16,46.2,15.12,83.48,377.58,4.98,Sugarcane,Harvest,No,North
Silt,4.95,33.98,29.14,75.98,1815.0,11.11,Maize,Flowering,Yes,South
Clay,5.31,62.07,27.91,68.53,690.91,6.47,Cotton,Flowering,No,West
Loamy,6.24,18.22,20.95,88.15,1414.78,9.81,Cotton,Harvest,Yes,West
Loamy,5.43,46.48,19.46,43.49,1500.35,2.8,Maize,Sowing,No,Central
Loamy,6.04,40.86,33.28,65.44,1388.62,14.65,Maize,Sowing,Yes,South
Loamy,5.24,17.85,22.22,27.19,616.23,10.57,Rice,Vegetative,Yes,South
Loamy,6.35,11.76,30.12,87.44,1770.69,6.52,Maize,Harvest,Yes,East
Clay,5.72,53.55,33.37,56.34,1415.13,13.44,Sugarcane,Harvest,No,South
Clay,6.0,16.97,24.91,37.45,1009.21,10.47,Sugarcane,Flowering,Yes,East
Loamy,5.12,18.63,17.8,41.75,130.33,8.38,Sugarcane,Sowing,Yes,South
Clay,6.26,63.77,37.82,84.38,828.16,10.9,Rice,Flowering,No,East
Clay,8.14,48.88,14.81,32.62,881.12,19.1,Rice,Harvest,No,South
Loamy,5.92,22.28,36.88,89.76,1977.91,1.85,Potato,Flowering,No,Central
Silt,7.78,41.68,37.1,51.14,1283.62,18.52,Potato,Harvest,Yes,South
Clay,7.67,38.44,29.13,42.58,2330.3,2.96,Rice,Harvest,Yes,East
Silt,8.04,56.13,30.88,48.23,1876.82,4.52,Cotton,Vegetative,Yes,North
Clay,7.49,49.57,22.74,53.63,1345.01,19.59,Potato,Flowering,No,North
Clay,7.04,55.41,37.25,63.37,422.21,16.3,Wheat,Flowering,Yes,North
Loamy,7.71,20.06,19.91,66.08,552.58,7.36,Rice,Harvest,No,East
Clay,5.06,44.49,28.79,56.35,400.2,8.39,Potato,Flowering,No,East
Sandy,6.37,10.29,12.05,56.25,1107.13,6.33,Wheat,Sowing,Yes,East
Sandy,8.16,11.93,40.2,44.97,1806.31,4.89,Wheat,Harvest,Yes,North
Loamy,7.42,48.67,40.45,51.87,1898.31,1.69,Wheat,Harvest,No,West
Silt,8.07,9.39,33.31,57.7,240.38,1.16,Sugarcane,Sowing,No,West
Silt,7.45,41.05,24.7,66.83,1239.78,10.28,Rice,Vegetative,Yes,Central
Silt,7.77,55.9,17.36,34.15,1203.6,10.84,Potato,Flowering,Yes,North
Sandy,7.2,29.66,26.77,78.48,1097.22,15.35,Maize,Vegetative,No,East
Silt,7.39,10.56,35.74,72.64,753.04,2.35,Maize,Sowing,No,North
Silt,6.58,48.69,30.16,45.91,1189.52,10.54,Potato,Vegetative,Yes,East
Loamy,7.94,60.99,27.82,57.15,1291.52,18.53,Sugarcane,Harvest,Yes,North
Silt,7.61,48.88,37.48,91.29,1499.24,17.13,Cotton,Vegetative,No,South
Sandy,7.67,40.97,21.39,26.43,943.41,10.92,Potato,Flowering,Yes,South
Sandy,7.09,21.11,37.8,81.79,2362.75,3.11,Cotton,Harvest,No,West
Sandy,5.84,8.88,25.18,60.82,847.1,3.54,Rice,Flowering,Yes,East
Loamy,4.92,47.6,12.07,68.32,2237.63,9.81,Maize,Harvest,No,South
Loamy,7.98,21.17,33.96,72.92,2003.13,12.54,Potato,Flowering,No,East
Clay,6.79,56.92,38.34,56.92,1163.18,19.58,Wheat,Sowing,Yes,North
Silt,5.81,34.58,26.53,38.43,1240.78,16.71,Rice,Harvest,Yes,East
Loamy,5.31,38.25,25.64,88.67,2174.65,8.58,Cotton,Harvest,No,West
Sandy,7.62,50.97,36.16,76.81,1231.81,7.33,Rice,Flowering,Yes,North
Sandy,7.64,52.43,38.54,64.17,1698.45,0.76,Maize,Harvest,Yes,Central
Loamy,7.57,44.63,41.23,56.39,2023.26,0.65,Wheat,Sowing,No,West
Loamy,6.99,61.49,22.37,59.95,2269.7,9.75,Wheat,Sowing,No,North
Loamy,6.04,63.99,29.84,82.65,545.41,1.85,Cotton,Sowing,Yes,Central
Clay,5.83,61.97,36.69,25.88,2438.41,3.55,Cotton,Flowering,Yes,North
Sandy,4.83,54.98,27.96,85.57,2413.33,19.62,Sugarcane,Flowering,No,West
Clay,7.63,48.22,25.86,28.27,743.39,14.49,Maize,Harvest,Yes,South
Clay,5.1,45.81,29.16,68.11,1534.32,9.32,Potato,Vegetative,No,North
Silt,6.94,13.91,22.71,48.32,117.29,17.23,Cotton,Sowing,No,West
Sandy,6.51,23.47,17.76,72.48,419.57,3.96,Maize,Sowing,Yes,Central
Sandy,6.59,8.32,14.0,30.99,1459.54,8.09,Sugarcane,Flowering,Yes,Central
Loamy,7.95,15.83,30.3,63.94,1625.27,6.25,Rice,Sowing,Yes,East
Loamy,4.91,33.04,23.37,84.87,1336.51,19.91,Sugarcane,Sowing,Yes,East
Silt,7.43,16.35,38.49,59.62,1761.81,18.07,Maize,Flowering,No,South
Clay,4.98,59.39,18.69,30.9,1982.23,10.76,Cotton,Harvest,Yes,Central
Loamy,4.93,53.92,21.32,27.62,421.14,8.77,Sugarcane,Vegetative,Yes,Central
Loamy,6.26,12.08,41.12,68.48,1649.04,19.96,Wheat,Flowering,Yes,Central
Sandy,5.01,22.19,28.69,29.87,1406.5,4.52,Maize,Flowering,No,Central
Sandy,7.48,54.69,22.4,29.99,293.97,8.45,Cotton,Harvest,No,Central
Loamy,6.6,53.77,37.83,54.78,571.51,14.38,Rice,Flowering,Yes,South
Sandy,4.9,61.89,34.3,39.67,1049.17,14.22,Cotton,Harvest,Yes,West
Silt,4.94,64.86,29.19,39.29,2159.4,11.7,Maize,Sowing,No,North
Loamy,6.88,63.65,38.67,58.67,542.56,19.06,Potato,Vegetative,No,Central
Sandy,7.54,31.38,14.82,44.66,457.31,5.31,Wheat,Harvest,No,North
Silt,6.29,22.27,23.83,40.35,1802.38,11.59,Cotton,Flowering,Yes,North
Sandy,6.69,51.23,36.32,61.01,2439.48,16.3,Cotton,Harvest,Yes,East
Sandy,7.52,25.06,23.58,45.36,1118.32,5.03,Maize,Vegetative,Yes,West
Sandy,6.88,53.96,39.8,30.62,875.34,17.49,Maize,Harvest,No,North
Loamy,5.56,38.44,16.58,72.79,634.85,12.96,Wheat,Flowering,No,West
Clay,6.88,53.25,22.1,65.99,124.35,7.93,Cotton,Vegetative,No,West
Sandy,6.94,23.73,24.77,39.85,446.04,13.13,Wheat,Sowing,Yes,North
Silt,7.3,36.96,32.61,65.76,233.54,18.6,Potato,Sowing,No,Central
Loamy,6.91,40.15,17.86,91.89,1235.25,19.77,Maize,Vegetative,No,East
Loamy,8.1,61.76,12.3,91.95,2445.49,5.99,Wheat,Vegetative,No,Central
Silt,5.47,23.2,41.3,62.24,1968.51,18.23,Potato,Vegetative,Yes,South
Sandy,8.03,61.39,38.96,31.86,1504.23,1.25,Maize,Harvest,No,North
Clay,6.63,53.88,21.01,57.07,1216.6,0.64,Rice,Harvest,Yes,East
Sandy,7.08,49.66,26.5,26.89,1542.95,12.23,Wheat,Flowering,No,East
Silt,5.14,52.85,26.67,54.06,940.07,9.89,Cotton,Vegetative,No,West
Loamy,6.09,42.51,38.08,88.66,445.96,9.65,Potato,Flowering,Yes,East
Clay,7.42,21.91,29.91,57.72,1474.43,5.06,Cotton,Vegetative,Yes,South
Loamy,7.2,18.8,36.79,63.53,1320.26,12.15,Cotton,Harvest,No,Central
Silt,4.94,57.38,39.36,36.06,2361.34,0.83,Cotton,Flowering,No,North
Sandy,6.66,49.33,28.98,26.1,1624.58,8.96,Rice,Sowing,Yes,North
Clay,5.1,20.15,20.56,94.54,1933.58,7.66,Cotton,Sowing,No,West
Loamy,8.19,43.06,26.96,48.68,231.75,4.26,Wheat,Vegetative,No,North
Loamy,7.85,33.51,37.53,44.55,1902.34,10.46,Maize,Vegetative,Yes,North
Loamy,4.87,17.04,29.51,64.99,2457.12,13.96,Maize,Sowing,Yes,North
Sandy,7.72,38.32,38.87,77.17,1643.74,16.35,Maize,Harvest,No,Central
Clay,7.93,24.05,38.86,42.6,1855.21,9.51,Maize,Vegetative,No,Central
Sandy,6.0,13.49,23.2,61.69,2448.8,5.18,Wheat,Flowering,No,South
Sandy,7.25,34.62,25.44,48.28,978.19,4.59,Cotton,Vegetative,No,West
Sandy,6.3,41.64,32.34,58.67,2060.45,11.79,Sugarcane,Sowing,No,North
Silt,7.03,10.67,15.33,36.29,999.23,8.09,Cotton,Harvest,Yes,Central
Silt,5.96,30.92,25.97,60.71,1064.8,6.69,Sugarcane,Flowering,No,West
Silt,5.9,22.69,16.48,28.31,1645.6,10.7,Rice,Flowering,Yes,Central
Clay,6.24,9.75,37.44,83.8,641.05,11.35,Maize,Harvest,No,South
Sandy,5.29,15.16,40.28,68.94,2481.95,5.06,Rice,Harvest,No,West
Sandy,7.63,15.92,16.25,90.9,823.08,7.88,Maize,Harvest,No,North
Silt,5.99,18.42,32.02,66.98,307.12,14.3,Potato,Harvest,Yes,Central
Sandy,6.16,53.79,31.1,37.75,806.39,8.05,Potato,Harvest,No,North
Sandy,7.84,33.05,34.8,58.88,2139.92,9.16,Sugarcane,Harvest,No,North
Loamy,6.49,16.38,32.87,71.53,784.82,12.98,Maize,Harvest,No,West
Sandy,6.65,13.72,18.51,51.2,1528.39,4.22,Maize,Flowering,No,South
Loamy,8.05,24.98,20.74,63.69,2338.3,17.4,Cotton,Vegetative,Yes,South
Sandy,7.81,53.49,16.96,36.39,649.92,7.1,Potato,Vegetative,No,North
Clay,5.38,28.77,39.63,79.4,328.41,13.91,Cotton,Harvest,No,South
Silt,6.41,17.11,27.65,88.67,242.12,6.3,Cotton,Harvest,No,South
Loamy,8.1,31.03,41.28,47.04,1100.92,13.14,Rice,Flowering,No,North
Silt,6.07,39.65,25.48,80.53,260.72,5.91,Wheat,Flowering,No,East
Loamy,6.06,9.69,28.58,31.44,1134.52,15.09,Sugarcane,Vegetative,Yes,West
Loamy,5.46,43.78,35.68,42.27,2156.79,2.54,Potato,Harvest,Yes,North
Loamy,5.19,30.52,35.92,57.33,1943.71,6.5,Rice,Sowing,Yes,East
Clay,7.32,8.55,18.93,52.05,1454.25,11.57,Cotton,Flowering,Yes,North
Sandy,7.42,46.41,20.65,68.37,2126.06,12.85,Cotton,Harvest,No,East
Loamy,8.09,48.61,14.93,64.41,250.68,3.19,Wheat,Flowering,Yes,North
Clay,7.43,43.84,36.16,31.11,1523.54,6.73,Potato,Harvest,No,East
Loamy,5.63,27.49,35.82,34.22,289.1,2.48,Rice,Sowing,No,South
Sandy,4.94,38.19,14.44,28.62,1205.35,16.77,Potato,Harvest,No,Central
Loamy,8.15,30.07,19.72,91.68,1158.66,19.68,Potato,Sowing,No,South
Clay,5.96,47.94,25.5,70.17,662.89,6.03,Cotton,Sowing,No,South
Sandy,5.86,41.26,28.25,84.89,2074.64,9.92,Maize,Flowering,No,North
Clay,7.88,12.66,27.68,62.89,570.57,10.38,Sugarcane,Sowing,No,East
Sandy,6.79,44.66,41.49,38.57,1379.74,3.71,Rice,Sowing,Yes,South
Sandy,5.53,47.17,34.92,68.86,1205.65,13.52,Maize,Flowering,No,West
Silt,7.82,29.13,15.4,60.37,1079.13,10.58,Rice,Sowing,Yes,North
Silt,8.18,57.92,20.81,53.57,83.86,10.52,Rice,Sowing,No,North
Silt,5.09,56.05,22.36,51.03,1741.83,1.64,Potato,Harvest,No,North
Sandy,7.73,17.98,21.45,70.51,31.71,2.06,Cotton,Flowering,Yes,East
Loamy,6.13,59.54,35.58,68.24,2051.37,19.3,Wheat,Sowing,Yes,West
Clay,6.58,33.13,22.82,35.61,665.99,18.82,Maize,Sowing,Yes,Central
Clay,7.91,49.25,26.77,82.14,300.01,0.86,Cotton,Harvest,Yes,East
Clay,8.11,54.4,28.0,69.53,1042.6,11.04,Sugarcane,Harvest,No,East
Silt,5.69,36.79,20.11,62.51,1398.4,1.76,Potato,Vegetative,Yes,South
Sandy,5.52,30.75,21.68,77.42,775.91,15.97,Cotton,Harvest,Yes,North
Silt,5.07,60.18,35.4,35.76,304.46,1.46,Rice,Harvest,Yes,Central
Loamy,6.71,21.16,38.0,89.38,45.82,11.21,Potato,Sowing,Yes,West
Sandy,4.85,22.65,13.11,43.94,1759.53,12.58,Maize,Sowing,Yes,East
Clay,6.2,28.61,30.15,43.39,2216.09,2.37,Sugarcane,Harvest,No,North
Silt,5.05,56.99,31.0,82.04,251.3,12.09,Cotton,Harvest,Yes,East
Silt,6.18,61.51,34.12,48.38,576.58,18.86,Rice,Sowing,Yes,Central
Loamy,4.94,20.54,32.82,83.15,50.57,2.4,Potato,Flowering,No,North
Loamy,7.64,57.24,38.32,47.96,2212.67,13.85,Sugarcane,Vegetative,No,South
Silt,5.51,22.72,14.35,63.55,1111.85,5.79,Rice,Vegetative,No,North
Loamy,5.92,63.33,23.65,41.16,2312.99,5.84,Cotton,Flowering,No,West
Clay,7.76,42.05,35.46,76.21,1170.25,11.11,Potato,Flowering,Yes,North
Loamy,7.34,8.4,37.4,36.69,2155.46,18.59,Cotton,Flowering,Yes,South
Loamy,5.54,9.95,19.94,87.96,2379.39,5.0,Rice,Flowering,Yes,Central
Silt,5.04,16.41,29.56,51.02,837.88,19.87,Maize,Harvest,Yes,West
Silt,7.23,18.69,17.42,58.01,1601.78,2.28,Maize,Sowing,Yes,Central
Sandy,6.13,51.75,37.53,26.68,1666.05,18.83,Wheat,Flowering,No,Central
Sandy,7.4,20.7,33.91,93.31,53.52,0.85,Cotton,Harvest,Yes,South
Silt,6.31,63.24,18.66,81.92,1095.57,3.66,Potato,Flowering,Yes,South
Loamy,5.98,44.26,30.71,56.29,2138.32,19.54,Maize,Vegetative,Yes,North
Loamy,6.33,47.47,27.28,89.42,2365.71,5.69,Rice,Vegetative,No,West
Sandy,7.35,20.42,19.76,90.17,2248.05,0.64,Maize,Harvest,No,North
Sandy,7.87,58.88,38.79,62.31,2432.24,17.76,Sugarcane,Flowering,No,North
Sandy,4.97,46.07,16.44,41.37,1632.6,18.32,Sugarcane,Harvest,No,West
Clay,6.58,57.27,26.02,59.1,582.0,15.02,Rice,Vegetative,Yes,South
Clay,4.91,62.52,29.48,47.74,1438.46,18.82,Rice,Flowering,No,North
Sandy,6.39,15.16,36.71,56.36,1052.86,5.68,Cotton,Flowering,Yes,North
Loamy,7.81,13.51,16.51,88.8,646.63,13.08,Sugarcane,Flowering,No,Central
Sandy,6.03,53.79,30.28,44.73,1931.97,14.98,Maize,Vegetative,No,East
Clay,7.97,57.37,12.2,83.73,1573.0,19.49,Wheat,Flowering,Yes,West
Loamy,6.94,41.27,36.68,90.47,1975.26,18.01,Rice,Harvest,Yes,North
Clay,7.98,28.86,19.04,81.35,673.73,1.65,Sugarcane,Vegetative,No,South
Loamy,7.37,45.2,33.63,61.91,2259.71,7.11,Rice,Vegetative,No,East
Clay,5.15,25.42,30.06,64.48,596.78,12.49,Maize,Harvest,No,South
Loamy,5.59,21.59,13.5,82.37,1504.81,17.18,Maize,Harvest,No,North
Loamy,6.14,35.82,17.5,28.12,142.24,5.95,Sugarcane,Harvest,Yes,South
Loamy,5.38,20.32,20.03,76.52,1352.41,0.66,Potato,Sowing,No,South
Loamy,6.48,35.57,38.6,62.02,246.81,4.15,Cotton,Harvest,No,East
Silt,6.4,62.53,26.42,52.8,830.54,8.79,Cotton,Harvest,Yes,Central
Clay,8.05,55.87,39.41,78.68,2151.72,1.69,Wheat,Sowing,Yes,West
Clay,6.27,61.67,13.42,43.64,2233.82,1.33,Maize,Sowing,Yes,North
Silt,7.47,53.96,12.2,87.69,1918.25,8.33,Rice,Vegetative,Yes,South
Loamy,8.0,28.22,40.45,73.19,919.26,13.13,Maize,Flowering,Yes,North
Loamy,7.78,54.29,33.72,67.71,1446.81,14.35,Sugarcane,Vegetative,No,South
Clay,5.51,60.61,35.5,61.62,559.95,10.89,Wheat,Sowing,Yes,Central
Silt,6.49,61.98,39.47,39.89,1695.87,9.0,Cotton,Vegetative,Yes,Central
Loamy,5.98,46.94,41.54,68.19,868.51,0.87,Cotton,Harvest,Yes,North
Loamy,6.16,20.05,14.93,75.74,552.5,5.62,Maize,Harvest,Yes,North
Loamy,6.03,10.26,16.75,25.82,1462.43,13.56,Cotton,Harvest,No,North
Sandy,7.61,16.39,17.66,50.65,279.51,9.27,Rice,Sowing,Yes,North
Silt,6.34,63.04,36.55,83.27,1716.75,5.65,Wheat,Harvest,No,Central
Loamy,6.58,34.34,22.67,69.25,467.51,4.97,Maize,Sowing,Yes,West
Sandy,8.14,56.73,29.8,68.07,1383.64,0.84,Potato,Vegetative,No,South
Silt,5.0,34.51,37.66,41.0,981.27,16.59,Wheat,Sowing,No,Central
Loamy,6.46,45.67,32.49,69.25,1415.61,17.62,Wheat,Sowing,Yes,East
Clay,7.43,9.38,13.96,80.03,614.9,7.63,Potato,Vegetative,No,West
Sandy,5.31,22.24,25.37,53.12,775.97,14.17,Maize,Vegetative,Yes,North
Sandy,6.88,32.87,14.03,37.75,350.8,1.77,Potato,Vegetative,Yes,North
Loamy,5.61,43.95,26.37,30.41,1942.41,17.83,Cotton,Sowing,Yes,North
Loamy,7.75,17.78,18.58,60.4,175.28,18.18,Wheat,Flowering,No,Central
Sandy,5.91,51.58,12.04,72.87,941.09,3.56,Sugarcane,Vegetative,No,North
Clay,5.92,28.77,36.39,36.38,1122.74,15.72,Sugarcane,Harvest,Yes,Central
Clay,6.83,54.59,41.08,54.5,488.02,9.73,Cotton,Sowing,Yes,South
Silt,5.42,13.58,40.92,64.81,962.05,13.78,Potato,Harvest,Yes,East
Loamy,5.77,46.75,20.98,35.91,1045.22,9.76,Sugarcane,Sowing,Yes,South
Clay,6.22,24.72,36.86,43.89,560.83,2.03,Wheat,Sowing,Yes,North
Silt,6.0,53.34,32.36,67.59,1598.14,16.88,Sugarcane,Harvest,No,South
Clay,6.58,30.92,36.0,75.75,77.14,2.17,Rice,Sowing,No,South
Loamy,6.84,45.92,37.39,69.52,493.91,7.52,Sugarcane,Vegetative,Yes,East
Silt,6.73,61.26,41.41,74.95,1560.19,19.73,Rice,Sowing,No,West
Silt,7.02,9.18,16.55,65.71,1568.82,8.82,Potato,Sowing,No,East
Silt,5.85,8.63,35.09,83.51,663.16,16.5,Sugarcane,Harvest,Yes,North
Clay,5.23,51.91,34.02,82.87,1707.62,3.79,Wheat,Sowing,Yes,South
Loamy,7.39,44.84,20.63,80.74,1174.47,16.69,Sugarcane,Flowering,No,East
Silt,7.69,24.7,23.78,65.28,1318.12,9.49,Sugarcane,Harvest,Yes,West
Sandy,5.67,36.18,17.3,94.59,831.53,10.44,Sugarcane,Sowing,Yes,East
Loamy,6.18,10.39,39.4,27.74,2460.68,19.39,Wheat,Sowing,Yes,Central
Sandy,6.5,18.97,38.38,38.7,1843.47,17.78,Potato,Harvest,No,West
Sandy,6.61,32.2,30.42,81.62,621.07,7.28,Cotton,Flowering,Yes,North
Silt,7.04,55.54,27.35,82.84,591.41,19.01,Potato,Sowing,Yes,East
Silt,4.94,35.34,18.99,82.31,1935.43,2.51,Cotton,Harvest,Yes,West
Clay,7.25,41.42,35.69,86.09,970.03,1.01,Rice,Flowering,No,East
Clay,5.01,57.8,12.25,54.58,228.78,10.89,Sugarcane,Vegetative,Yes,North
Clay,6.39,25.6,25.88,90.23,89.0,15.51,Wheat,Flowering,No,Central
Loamy,7.61,47.94,37.82,39.64,1034.89,4.81,Maize,Flowering,Yes,South
Clay,6.33,57.12,30.55,90.59,1036.77,2.07,Potato,Vegetative,Yes,East
Sandy,5.31,19.55,31.05,63.97,1767.14,16.99,Rice,Sowing,Yes,East
Clay,8.15,28.32,14.12,36.47,1436.93,19.73,Maize,Harvest,Yes,East
Silt,7.82,63.85,20.6,76.53,1925.3,14.04,Potato,Vegetative,Yes,South
Clay,7.42,64.04,32.22,45.71,794.38,19.52,Wheat,Harvest,No,Central
Loamy,6.2,20.72,13.49,40.43,1560.63,16.74,Sugarcane,Vegetative,No,East
Loamy,5.43,11.79,21.93,37.05,2214.26,5.41,Cotton,Flowering,Yes,Central
Sandy,8.0,23.44,22.62,27.06,173.22,2.64,Sugarcane,Harvest,Yes,Central
Loamy,6.61,30.67,26.96,78.53,1771.13,16.27,Wheat,Sowing,Yes,North
Clay,7.7,33.14,22.87,59.06,1789.71,13.36,Wheat,Sowing,Yes,West
Silt,5.96,43.27,25.62,93.51,1985.08,16.35,Rice,Harvest,No,East
Loamy,5.94,59.27,28.41,55.75,672.62,14.51,Rice,Flowering,Yes,East
Sandy,8.15,26.83,15.85,84.03,1041.3,10.35,Wheat,Sowing,No,Central
Clay,6.57,56.45,17.41,92.77,599.27,18.85,Potato,Harvest,No,West
Sandy,5.28,13.33,36.98,26.57,771.45,15.19,Wheat,Vegetative,Yes,East
Loamy,5.55,10.39,25.79,32.37,2421.27,0.67,Wheat,Sowing,Yes,South
Loamy,6.44,36.73,22.65,49.35,1114.14,14.23,Rice,Sowing,Yes,East
Sandy,4.94,11.4,25.02,85.91,2121.38,11.11,Potato,Sowing,Yes,Central
Clay,6.37,30.37,17.24,83.66,1987.2,3.2,Rice,Vegetative,Yes,North
Loamy,6.22,59.12,19.2,50.67,1111.32,8.98,Wheat,Vegetative,No,North
Silt,7.45,21.76,27.47,38.99,2480.45,10.72,Maize,Harvest,Yes,East
Loamy,6.01,48.24,22.77,81.16,2101.95,9.63,Sugarcane,Vegetative,Yes,South
Clay,8.14,25.23,26.26,66.78,1206.74,8.97,Potato,Flowering,Yes,East
Loamy,5.41,10.56,16.49,27.21,774.26,12.81,Maize,Sowing,Yes,South
Sandy,6.81,39.73,16.69,81.3,188.24,13.34,Rice,Harvest,No,North
Loamy,5.1,55.59,23.52,91.99,1162.0,14.1,Rice,Vegetative,Yes,North
Loamy,7.3,31.34,23.37,27.95,900.02,15.35,Maize,Flowering,Yes,South
Clay,8.18,43.19,38.5,45.01,1778.44,16.75,Maize,Sowing,No,West
Sandy,7.59,59.3,13.0,82.36,49.2,11.7,Potato,Harvest,Yes,Central
Clay,6.69,53.01,41.79,65.93,2078.62,1.92,Cotton,Flowering,No,South
Loamy,6.45,19.05,40.7,94.25,1041.57,7.61,Potato,Vegetative,Yes,West
Silt,7.64,49.8,28.27,89.09,1174.33,0.57,Maize,Flowering,Yes,West
Loamy,7.98,36.61,33.56,37.48,456.98,12.11,Maize,Sowing,No,East
Clay,8.16,50.52,40.06,72.18,2343.71,19.51,Potato,Flowering,Yes,South
Silt,6.15,36.19,19.54,70.73,995.97,16.63,Cotton,Sowing,No,West
Clay,8.17,15.29,21.47,32.76,2106.81,9.98,Sugarcane,Sowing,Yes,Central
Clay,5.33,40.48,15.33,31.27,593.63,14.31,Maize,Sowing,No,North
Sandy,5.66,36.05,28.92,64.86,241.64,14.97,Maize,Flowering,Yes,East
Silt,5.1,37.52,16.78,53.21,1589.4,12.1,Potato,Harvest,Yes,South
Loamy,5.72,58.1,39.93,63.18,2461.04,17.77,Rice,Vegetative,Yes,South
Clay,7.41,59.01,24.95,41.72,1617.35,6.78,Sugarcane,Harvest,No,East
Loamy,7.7,33.85,39.59,63.97,1521.78,13.63,Maize,Sowing,No,Central
Sandy,7.45,33.98,18.15,51.84,1105.58,1.76,Potato,Harvest,No,North
Sandy,6.95,37.37,32.82,87.13,709.5,3.2,Potato,Harvest,No,West
Silt,6.55,37.62,31.43,46.43,1077.08,18.8,Maize,Sowing,No,West
Sandy,7.21,62.17,23.99,85.96,372.39,11.09,Maize,Vegetative,Yes,West
Sandy,6.13,45.02,38.95,52.3,654.77,15.21,Wheat,Flowering,Yes,East
Loamy,7.66,23.82,25.04,65.47,1218.46,17.45,Wheat,Vegetative,Yes,North
Sandy,7.1,38.3,17.95,45.05,361.99,18.72,Sugarcane,Flowering,Yes,East
Sandy,7.17,43.75,41.31,81.64,1978.83,2.25,Potato,Harvest,Yes,South
Clay,6.62,44.47,25.24,84.06,28.9,14.19,Potato,Flowering,Yes,West
Sandy,7.81,41.36,18.24,81.63,803.98,12.78,Rice,Vegetative,Yes,South
Clay,5.66,18.13,22.91,69.79,1291.63,12.2,Sugarcane,Flowering,No,Central
Sandy,6.1,9.91,30.41,46.33,2322.37,3.34,Cotton,Sowing,Yes,West
Sandy,7.44,27.26,27.36,69.55,1433.63,15.58,Maize,Harvest,Yes,South
Silt,6.48,32.37,31.05,92.17,737.26,6.65,Sugarcane,Vegetative,Yes,East
Silt,7.82,11.52,31.86,70.39,880.48,4.83,Maize,Harvest,No,South
Clay,5.98,54.45,15.7,91.95,847.9,14.29,Sugarcane,Vegetative,No,West
Sandy,6.06,27.61,21.45,46.32,450.92,4.7,Cotton,Harvest,No,East
Loamy,7.82,60.08,34.46,84.22,362.12,10.23,Maize,Vegetative,No,East
Silt,6.38,16.8,31.51,75.29,1201.59,6.69,Wheat,Harvest,Yes,South
Loamy,6.55,11.25,14.65,82.34,675.65,16.56,Maize,Harvest,Yes,Central
Silt,5.93,35.49,21.45,74.75,229.61,19.11,Wheat,Vegetative,No,South
Silt,5.74,18.78,39.94,58.63,541.2,16.58,Rice,Sowing,Yes,West
Sandy,7.03,61.43,37.86,73.06,1301.82,8.24,Wheat,Flowering,No,Central
Silt,5.21,8.59,32.12,90.25,642.23,3.67,Potato,Sowing,Yes,Central
Loamy,7.79,31.52,14.19,54.23,594.36,14.12,Potato,Vegetative,No,East
Silt,7.45,60.82,30.21,91.62,1551.64,18.12,Sugarcane,Sowing,Yes,South
Clay,5.45,29.91,12.37,28.46,1723.54,8.33,Maize,Flowering,Yes,South
Sandy,7.16,13.31,31.83,25.99,603.11,1.3,Maize,Harvest,No,North
Sandy,6.85,25.27,33.94,59.57,1180.35,2.92,Sugarcane,Harvest,No,North
Clay,5.43,36.39,26.92,84.4,1911.42,7.96,Maize,Vegetative,Yes,West
Clay,5.73,18.55,12.11,42.35,1724.76,10.24,Cotton,Sowing,Yes,South
Clay,6.19,34.59,32.0,73.54,173.23,6.17,Maize,Sowing,No,South
Silt,7.18,55.67,36.59,63.28,900.18,10.01,Maize,Flowering,Yes,North
Sandy,6.97,57.74,29.58,45.36,1808.19,19.2,Rice,Flowering,Yes,Central
Clay,6.61,10.81,33.28,45.01,448.59,2.0,Maize,Vegetative,Yes,Central
Silt,7.41,17.17,14.71,30.13,489.82,16.17,Maize,Sowing,Yes,East
Clay,7.38,23.69,33.46,62.53,1575.43,9.38,Cotton,Vegetative,No,East
Loamy,6.9,41.91,30.43,56.51,709.38,13.25,Wheat,Sowing,No,West
Loamy,7.48,28.58,21.93,45.26,809.38,19.4,Potato,Harvest,Yes,South
Sandy,5.94,56.11,32.56,92.93,1307.04,9.46,Wheat,Sowing,No,West
Silt,7.8,48.85,31.37,82.29,1876.45,2.37,Maize,Vegetative,No,South
Loamy,6.89,13.73,29.98,61.75,1245.72,16.64,Potato,Sowing,No,East
Loamy,7.6,43.6,17.49,61.52,2233.57,5.66,Wheat,Flowering,No,South
Silt,6.66,14.44,20.89,38.55,266.6,18.15,Rice,Sowing,Yes,West
Clay,5.54,22.54,41.74,70.44,1885.37,2.1,Potato,Sowing,Yes,East
Silt,6.64,18.14,24.99,91.75,1359.1,4.95,Rice,Harvest,No,East
Clay,6.06,17.86,13.78,87.88,2041.72,19.38,Wheat,Vegetative,No,Central
Loamy,7.17,43.13,38.97,30.93,791.01,17.67,Rice,Flowering,No,East
Loamy,6.42,40.13,17.19,28.72,1205.25,4.77,Maize,Harvest,No,West
Loamy,7.64,18.03,24.11,92.29,2058.99,15.64,Wheat,Vegetative,Yes,South
Sandy,7.11,64.44,20.34,38.99,2079.45,2.18,Cotton,Vegetative,Yes,Central
Sandy,7.13,32.04,40.92,63.53,939.98,3.58,Potato,Harvest,Yes,West
Sandy,5.54,13.53,23.34,30.23,2055.49,4.05,Maize,Harvest,No,South
Silt,8.15,14.87,33.26,84.03,1706.0,1.34,Maize,Harvest,Yes,North
Loamy,7.66,41.28,29.95,33.25,1023.57,9.95,Maize,Flowering,Yes,North
Loamy,7.48,63.81,13.29,70.06,2424.26,8.12,Wheat,Harvest,No,Central
Silt,5.92,40.6,23.53,28.96,77.24,12.0,Cotton,Vegetative,No,Central
Sandy,6.62,62.1,23.7,35.97,956.66,13.93,Cotton,Vegetative,No,East
Silt,5.27,33.32,41.69,60.85,767.38,12.11,Cotton,Sowing,Yes,West
Sandy,6.63,32.84,36.36,28.2,2339.4,5.93,Wheat,Sowing,Yes,South
Loamy,5.3,36.5,37.7,38.69,248.63,2.11,Rice,Harvest,Yes,North
Clay,6.68,47.75,21.41,34.53,1570.06,14.77,Maize,Harvest,No,North
Sandy,7.01,28.95,21.87,27.84,1791.57,6.53,Maize,Flowering,No,Central
Loamy,6.13,57.24,27.47,92.97,460.44,5.32,Rice,Flowering,No,West
Loamy,6.5,9.67,30.93,56.51,374.87,13.96,Potato,Vegetative,Yes,Central
Clay,7.78,33.07,33.85,85.13,119.58,9.12,Wheat,Harvest,No,West
Loamy,5.17,37.13,36.62,50.08,397.19,4.49,Cotton,Flowering,No,North
Loamy,7.49,42.6,38.2,27.98,2020.54,15.45,Wheat,Harvest,No,West
Sandy,5.38,23.74,12.74,73.7,2359.89,16.22,Potato,Sowing,Yes,Central
Sandy,4.92,32.37,35.88,27.71,2253.56,19.71,Rice,Vegetative,No,East
Clay,5.43,35.62,30.33,63.69,913.26,9.63,Sugarcane,Flowering,Yes,West
Clay,7.4,47.15,27.96,34.74,1814.69,1.22,Sugarcane,Vegetative,Yes,East
Loamy,6.18,52.09,30.85,71.96,2067.61,10.59,Rice,Flowering,Yes,North
Sandy,7.77,50.06,38.46,87.49,2031.21,0.95,Rice,Vegetative,Yes,East
Clay,6.58,27.47,28.36,91.9,156.71,18.98,Cotton,Sowing,No,West
Clay,4.88,64.97,16.87,61.94,537.08,3.91,Maize,Harvest,Yes,Central
Silt,7.24,56.37,25.1,62.29,2347.36,18.55,Potato,Sowing,Yes,Central
Clay,5.17,22.82,39.73,27.68,1849.77,19.03,Cotton,Flowering,Yes,South
Loamy,7.48,19.12,36.43,78.89,2085.88,15.62,Maize,Harvest,Yes,North
Sandy,5.37,25.9,18.09,91.93,1285.31,2.2,Cotton,Flowering,Yes,Central
Clay,5.97,33.78,33.42,55.68,982.64,11.39,Wheat,Vegetative,No,Central
Silt,7.39,56.5,19.69,80.56,1628.06,7.41,Maize,Sowing,No,North
Sandy,8.04,52.37,22.46,80.82,1182.14,16.49,Cotton,Sowing,Yes,Central
Clay,6.06,56.52,26.07,80.0,934.41,6.39,Rice,Vegetative,No,West
Silt,7.62,23.5,25.23,78.11,869.69,9.3,Cotton,Harvest,Yes,South
Clay,5.45,41.83,12.88,40.06,394.77,11.69,Potato,Vegetative,Yes,North
Sandy,7.54,24.15,35.22,77.6,1323.53,1.19,Potato,Flowering,Yes,East
Sandy,7.04,14.21,37.39,35.11,1299.62,12.37,Wheat,Vegetative,Yes,Central
Sandy,5.46,47.0,27.93,74.88,1476.92,7.21,Potato,Harvest,No,West
Loamy,5.83,16.15,17.19,25.25,290.56,10.82,Potato,Flowering,Yes,South
Clay,5.25,46.06,19.44,89.32,2287.31,2.93,Rice,Flowering,Yes,Central
Loamy,6.1,44.93,15.79,82.92,1855.14,7.05,Maize,Flowering,Yes,East
Sandy,5.49,54.18,17.09,72.81,327.41,11.85,Rice,Flowering,No,North
Silt,6.99,15.95,38.29,31.61,198.36,11.65,Cotton,Harvest,No,North
Clay,8.18,52.66,26.4,82.75,1607.3,3.58,Wheat,Flowering,Yes,West
Loamy,4.84,64.96,15.33,86.26,853.76,8.59,Cotton,Sowing,Yes,West
Clay,6.64,56.51,19.64,73.16,797.62,10.63,Cotton,Vegetative,Yes,East
Silt,6.75,50.85,40.49,93.31,2099.98,2.08,Sugarcane,Vegetative,Yes,South
Loamy,7.91,45.74,27.28,31.5,862.86,12.19,Wheat,Flowering,Yes,South
Sandy,6.52,32.04,27.47,74.61,1580.46,5.02,Potato,Sowing,No,North
Loamy,6.65,49.64,27.77,61.74,1342.69,18.44,Rice,Flowering,Yes,North
Clay,6.4,49.28,15.35,35.19,657.42,5.74,Sugarcane,Flowering,Yes,West
Clay,5.71,44.0,41.11,71.09,829.1,15.85,Potato,Flowering,Yes,Central
Clay,4.99,53.39,14.53,80.97,2357.98,11.85,Potato,Harvest,No,Central
Clay,6.19,33.58,33.0,36.53,828.43,13.86,Rice,Harvest,No,East
Sandy,4.98,14.91,13.73,80.54,1960.01,18.08,Rice,Vegetative,No,South
Loamy,6.67,39.87,25.31,31.51,2153.19,17.03,Maize,Harvest,No,North
Sandy,5.84,23.11,38.99,66.4,177.59,2.99,Maize,Sowing,Yes,North
Sandy,6.61,29.91,35.05,80.89,1657.76,18.71,Wheat,Sowing,Yes,North
Sandy,5.26,8.99,22.04,35.22,1873.15,3.2,Potato,Harvest,Yes,Central
Clay,7.97,29.82,28.54,65.01,1085.05,6.67,Wheat,Sowing,No,East
Clay,7.84,54.1,16.96,54.74,1423.31,10.7,Cotton,Flowering,Yes,East
Clay,5.45,38.94,40.68,67.51,404.51,18.7,Wheat,Sowing,Yes,North
Loamy,5.97,8.56,33.26,54.7,796.24,12.73,Potato,Sowing,No,South
Silt,6.89,34.78,23.23,42.56,1769.17,17.56,Wheat,Sowing,No,West
Clay,5.13,24.61,21.54,42.77,1506.43,18.86,Potato,Sowing,Yes,Central
Loamy,6.01,35.22,19.16,85.53,340.96,15.1,Maize,Vegetative,No,South
Clay,5.65,31.07,35.6,35.95,2470.12,9.9,Sugarcane,Vegetative,Yes,West
Clay,7.91,61.12,25.04,33.62,2344.47,8.07,Maize,Harvest,Yes,North
Sandy,7.7,10.35,21.91,31.8,560.29,5.87,Wheat,Sowing,No,West
Sandy,6.77,46.96,39.16,30.19,2187.8,10.38,Potato,Vegetative,No,North
Sandy,6.57,56.51,16.51,26.01,667.92,1.44,Cotton,Harvest,Yes,Central
Loamy,7.96,62.68,19.92,36.23,1409.35,4.95,Cotton,Flowering,No,South
Silt,7.97,18.13,22.34,38.49,1955.13,7.49,Cotton,Sowing,No,North
Silt,8.1,38.28,19.8,43.88,860.2,17.14,Maize,Harvest,No,East
Loamy,5.23,10.48,29.56,33.68,1387.87,7.83,Cotton,Harvest,No,East
Clay,5.35,36.45,30.03,31.59,1125.88,5.17,Wheat,Flowering,No,East
Loamy,7.1,15.15,13.64,62.9,1900.5,15.76,Maize,Flowering,No,Central
Clay,6.64,55.76,16.34,75.31,1196.69,18.89,Potato,Harvest,No,East
Loamy,4.86,14.49,17.96,69.11,1417.28,15.61,Wheat,Sowing,Yes,Central
Loamy,5.01,37.26,14.11,63.97,2113.89,2.95,Sugarcane,Sowing,Yes,West
Loamy,7.82,37.7,15.74,55.84,1746.61,6.75,Wheat,Vegetative,No,East
Silt,7.75,63.38,19.19,69.38,1318.76,12.26,Sugarcane,Harvest,Yes,South
Sandy,6.01,45.33,22.37,88.13,1153.23,4.32,Sugarcane,Vegetative,Yes,East
Loamy,7.83,24.41,35.74,68.92,316.91,12.91,Rice,Harvest,No,North
Silt,6.82,21.73,18.54,29.26,140.92,5.1,Rice,Harvest,No,South
Sandy,7.54,15.31,32.1,64.93,2381.94,11.08,Wheat,Harvest,Yes,East
Sandy,6.25,51.12,13.74,61.7,466.32,14.28,Sugarcane,Sowing,No,North
Loamy,5.19,47.37,31.75,56.64,692.18,15.84,Maize,Sowing,No,Central
Clay,6.27,42.76,35.84,64.82,1527.37,16.11,Maize,Harvest,Yes,East
Clay,6.35,10.33,30.14,72.08,2069.81,15.61,Cotton,Flowering,No,Central
Clay,6.67,51.48,18.04,27.61,2082.85,3.17,Cotton,Flowering,No,West
Loamy,5.16,44.59,21.91,58.61,2074.12,19.79,Maize,Harvest,Yes,South
Clay,8.17,62.94,36.16,82.21,2445.22,15.56,Rice,Vegetative,Yes,Central
Silt,5.63,41.47,24.96,62.15,139.26,2.53,Sugarcane,Sowing,No,West
Silt,5.48,25.33,19.66,29.75,999.62,14.1,Wheat,Vegetative,Yes,North
Silt,6.59,29.75,39.98,79.25,2283.97,9.67,Maize,Vegetative,Yes,West
Silt,6.63,18.02,31.12,90.89,1168.34,8.85,Maize,Flowering,No,East
Sandy,6.3,49.21,36.17,84.63,2178.24,13.69,Rice,Flowering,No,Central
Silt,7.42,48.34,12.74,50.38,44.14,3.77,Cotton,Vegetative,No,East
Clay,6.56,19.44,22.18,62.44,1260.92,19.99,Sugarcane,Vegetative,No,West
Loamy,6.87,17.03,25.77,66.39,2306.13,11.12,Wheat,Vegetative,Yes,South
Clay,7.26,12.39,29.62,75.11,653.21,12.1,Rice,Flowering,No,South
Silt,4.89,59.98,17.7,71.62,2324.15,8.79,Potato,Vegetative,No,West
Sandy,6.74,21.28,26.94,38.94,21.19,12.32,Cotton,Flowering,No,West
Silt,7.81,27.62,32.57,84.01,197.32,13.45,Wheat,Sowing,Yes,North
Loamy,4.86,23.99,22.38,84.44,1192.06,7.24,Wheat,Sowing,Yes,West
Clay,6.18,31.58,32.74,53.3,265.95,9.51,Rice,Vegetative,No,North
Loamy,7.95,48.7,23.69,34.16,563.99,5.48,Wheat,Vegetative,Yes,East
Loamy,6.0,57.62,26.08,67.6,743.81,15.55,Cotton,Flowering,Yes,East
Loamy,6.36,18.41,16.03,50.01,1203.74,14.88,Maize,Sowing,Yes,North
Clay,8.14,47.13,31.54,76.9,976.28,16.31,Cotton,Harvest,Yes,East
Silt,5.48,28.1,18.73,47.1,2305.37,14.21,Rice,Sowing,No,West
Loamy,5.02,63.89,36.87,43.41,2215.04,0.89,Wheat,Vegetative,Yes,West
Clay,7.72,25.04,28.6,85.74,1870.18,4.23,Maize,Flowering,Yes,South
Sandy,7.75,8.41,28.81,68.11,1648.27,8.08,Sugarcane,Flowering,No,Central
Clay,6.41,37.39,39.37,31.02,510.85,5.07,Cotton,Vegetative,Yes,West
Sandy,6.55,16.59,17.02,73.26,1504.57,10.87,Potato,Flowering,Yes,North
Clay,7.64,10.54,27.91,77.69,367.66,18.01,Sugarcane,Harvest,No,East
Silt,7.31,47.8,23.47,41.46,1131.8,14.89,Potato,Flowering,No,Central
Loamy,5.7,49.74,40.99,92.74,1153.81,5.7,Rice,Harvest,Yes,West
Silt,4.86,34.26,35.78,51.1,1724.27,8.25,Rice,Vegetative,No,East
Clay,6.43,46.58,34.73,90.84,2087.82,1.51,Sugarcane,Vegetative,No,North
Loamy,7.72,38.68,18.12,45.55,801.26,0.62,Potato,Harvest,Yes,North
Sandy,7.85,43.9,19.12,67.64,102.95,8.79,Maize,Vegetative,No,West
Clay,8.05,42.01,12.88,61.23,117.43,14.69,Wheat,Sowing,No,West
Loamy,7.79,45.95,31.16,94.45,2187.06,17.29,Potato,Harvest,Yes,North
Sandy,6.77,19.38,23.13,53.58,1215.81,8.91,Sugarcane,Harvest,No,East
Sandy,6.31,23.32,21.36,37.55,620.03,4.01,Potato,Vegetative,No,South
Silt,7.43,33.08,31.11,83.32,80.72,5.6,Maize,Harvest,No,North
Clay,7.32,33.43,36.86,27.94,1321.91,9.19,Wheat,Sowing,Yes,North
Sandy,6.63,52.14,15.99,86.95,342.74,13.17,Sugarcane,Sowing,Yes,North
Loamy,5.1,28.94,39.56,32.74,1042.57,11.09,Sugarcane,Harvest,Yes,West
Sandy,7.95,17.26,13.03,65.04,1290.19,16.89,Rice,Vegetative,No,South
Sandy,6.35,22.33,14.85,74.94,573.0,0.86,Rice,Flowering,Yes,West
Silt,6.04,20.24,37.14,48.54,497.09,19.85,Cotton,Flowering,Yes,North
Silt,6.94,49.7,26.78,84.13,49.52,18.62,Potato,Sowing,Yes,East
Loamy,7.09,34.81,40.18,66.56,1463.8,3.42,Wheat,Flowering,No,West
Silt,5.52,48.39,25.85,52.66,501.1,1.44,Wheat,Harvest,No,West
Sandy,7.65,31.72,39.78,47.78,2195.57,12.54,Wheat,Sowing,No,West
Sandy,5.79,58.71,19.19,32.84,1509.44,14.57,Potato,Vegetative,Yes,Central
Silt,5.43,64.06,30.49,69.83,1391.04,9.77,Maize,Sowing,Yes,North
Sandy,6.18,46.18,41.83,50.48,1261.71,5.93,Sugarcane,Sowing,Yes,East
Sandy,7.28,57.24,23.28,47.44,538.28,12.96,Cotton,Flowering,Yes,Central
Loamy,8.08,36.95,12.04,91.5,2423.53,12.9,Wheat,Sowing,Yes,Central
Silt,7.55,61.27,13.92,44.1,2417.61,3.39,Potato,Harvest,Yes,South
Sandy,8.0,55.4,37.77,86.36,803.18,16.09,Cotton,Flowering,No,North
Silt,5.28,64.53,26.76,93.24,1940.54,15.12,Maize,Sowing,Yes,West
Loamy,5.04,43.52,28.1,82.59,298.12,2.15,Rice,Vegetative,No,North
Silt,6.7,52.41,35.98,26.37,1951.32,9.52,Cotton,Vegetative,No,Central
Sandy,5.79,38.94,36.35,85.8,715.83,8.17,Sugarcane,Flowering,Yes,Central
Silt,7.62,22.77,26.32,39.94,722.84,9.52,Maize,Flowering,No,East
Sandy,7.08,28.22,37.74,49.73,1268.08,9.5,Maize,Sowing,Yes,North
Sandy,8.1,58.96,26.05,94.41,980.82,10.72,Cotton,Flowering,Yes,South
Sandy,5.67,11.19,32.25,53.35,294.58,5.91,Wheat,Harvest,No,Central
Loamy,6.45,41.71,13.0,70.84,1482.69,9.66,Maize,Flowering,No,West
Silt,6.5,29.23,16.14,46.75,534.61,2.44,Potato,Sowing,Yes,North
Loamy,5.61,30.04,37.54,50.86,1111.2,3.95,Rice,Harvest,Yes,East
Silt,6.81,58.42,21.39,66.83,577.53,2.22,Maize,Sowing,No,North
Loamy,6.31,56.67,22.04,91.38,2143.96,4.13,Potato,Vegetative,Yes,West
Clay,6.32,42.13,31.89,44.77,845.05,0.58,Sugarcane,Harvest,No,North
Sandy,6.03,23.56,29.78,42.32,2218.73,1.24,Rice,Vegetative,Yes,Central
Sandy,4.86,35.1,14.47,26.84,815.24,16.03,Cotton,Harvest,No,North
Loamy,6.58,31.27,34.97,39.15,448.74,4.38,Wheat,Vegetative,No,North
Clay,5.94,28.16,30.52,43.37,1441.59,10.64,Rice,Harvest,Yes,Central
Sandy,4.8,13.86,37.66,29.4,1387.84,7.72,Potato,Sowing,Yes,Central
Silt,5.85,38.96,28.06,64.45,1547.28,6.92,Cotton,Harvest,No,Central
Loamy,5.75,25.2,24.43,33.87,755.35,17.21,Rice,Flowering,Yes,Central
Sandy,6.14,45.67,23.14,60.78,799.92,9.98,Wheat,Vegetative,No,West
Sandy,5.25,26.19,12.13,38.23,593.58,10.58,Potato,Vegetative,Yes,East
Loamy,6.53,32.58,13.19,90.5,2321.0,9.45,Sugarcane,Harvest,No,South
Loamy,7.15,10.98,15.94,46.5,1707.39,5.74,Potato,Harvest,Yes,East
Silt,6.94,64.57,39.89,31.5,1890.64,13.82,Maize,Flowering,Yes,North
Silt,7.53,36.93,38.42,83.53,485.41,1.42,Maize,Sowing,Yes,West
Sandy,6.34,9.38,26.92,53.14,1653.95,5.99,Wheat,Sowing,Yes,Central
Sandy,6.56,38.85,17.41,82.41,1906.66,13.4,Wheat,Harvest,No,Central
Loamy,7.56,57.61,16.38,46.87,856.14,1.15,Rice,Vegetative,Yes,South
Sandy,6.25,52.04,19.68,60.0,394.23,1.0,Maize,Harvest,Yes,West
Sandy,7.19,47.95,39.26,56.18,1742.51,7.77,Maize,Sowing,No,West
Loamy,6.28,15.95,27.64,64.05,1527.86,5.4,Potato,Vegetative,No,East
Sandy,6.22,45.49,36.12,53.12,1439.05,14.17,Wheat,Vegetative,Yes,North
Sandy,7.38,51.68,27.2,59.78,456.42,15.24,Potato,Flowering,Yes,East
Clay,5.39,40.63,30.28,72.55,656.23,1.21,Potato,Harvest,Yes,West
Silt,5.95,58.89,30.3,54.03,1562.21,9.01,Cotton,Vegetative,Yes,North
Loamy,5.56,23.79,12.94,72.91,1533.97,18.89,Cotton,Flowering,Yes,North
Clay,6.02,21.8,25.36,75.0,1386.81,6.6,Sugarcane,Sowing,Yes,West
Silt,5.58,57.57,37.92,77.42,1920.35,4.34,Wheat,Harvest,Yes,North
Silt,6.77,43.65,26.67,57.97,2036.64,10.67,Potato,Vegetative,Yes,South
Silt,7.51,8.08,25.06,25.27,691.29,9.29,Potato,Flowering,No,Central
Clay,7.47,28.13,27.8,77.75,394.02,4.78,Potato,Sowing,No,Central
Clay,6.04,56.9,23.42,88.64,502.92,4.92,Sugarcane,Flowering,No,Central
Silt,8.16,9.56,27.46,70.68,703.27,13.89,Potato,Flowering,Yes,North
Sandy,6.82,8.19,16.06,61.72,2369.37,6.8,Wheat,Flowering,No,East
Sandy,6.16,24.03,41.04,64.17,342.91,19.73,Wheat,Harvest,No,North
Clay,7.64,60.1,13.02,69.86,2196.9,6.15,Wheat,Sowing,No,Central
Clay,7.28,59.38,26.5,94.9,508.44,11.18,Maize,Vegetative,Yes,East
Clay,7.35,37.57,18.3,29.34,871.11,1.93,Potato,Sowing,No,West
Silt,5.47,39.53,13.75,26.48,314.68,11.01,Potato,Vegetative,Yes,North
Sandy,6.39,26.92,31.55,92.49,258.4,9.48,Potato,Harvest,Yes,North
Clay,7.73,21.89,41.56,55.83,237.86,7.31,Maize,Harvest,Yes,West
Clay,6.51,54.47,34.49,67.86,856.9,8.88,Sugarcane,Harvest,No,West
Loamy,7.12,14.06,19.62,77.74,1309.23,3.98,Rice,Harvest,Yes,Central
Silt,6.8,35.78,26.8,76.95,502.02,16.49,Potato,Harvest,Yes,Central
Loamy,7.66,44.16,13.49,70.3,2331.69,18.47,Potato,Vegetative,No,Central
Sandy,5.77,13.91,27.95,58.03,1466.05,16.83,Rice,Harvest,Yes,West
Loamy,6.76,37.62,14.98,65.33,2212.66,16.19,Rice,Flowering,Yes,West
Loamy,5.22,40.92,35.84,76.08,372.05,11.19,Sugarcane,Harvest,Yes,West
Loamy,7.15,50.32,13.7,84.56,358.74,7.01,Sugarcane,Sowing,Yes,South
Silt,7.29,21.39,12.28,33.91,2116.88,3.85,Wheat,Vegetative,No,East
Sandy,4.95,24.72,37.85,44.46,1419.95,16.49,Sugarcane,Vegetative,No,Central
Loamy,7.1,40.46,40.28,52.83,2346.47,1.35,Maize,Flowering,Yes,South
Silt,6.21,64.04,14.6,71.58,367.24,4.03,Sugarcane,Sowing,No,North
Sandy,5.22,20.4,20.37,52.7,65.04,8.33,Cotton,Flowering,Yes,South
Clay,6.23,64.2,34.25,41.72,2291.4,4.3,Potato,Vegetative,Yes,East
Loamy,5.46,48.72,28.19,27.32,1747.09,11.87,Wheat,Vegetative,No,Central
Sandy,6.21,55.09,40.48,83.98,2017.92,14.62,Maize,Harvest,Yes,East
Loamy,6.11,13.11,23.68,54.33,740.04,18.23,Rice,Sowing,No,West
Clay,7.31,25.12,12.1,48.05,7.67,4.6,Cotton,Vegetative,Yes,West
Sandy,7.43,11.29,12.59,62.16,1207.2,5.95,Sugarcane,Sowing,Yes,South
Silt,6.86,29.18,28.95,33.6,2475.02,14.48,Cotton,Flowering,No,West
Sandy,4.88,63.93,34.56,52.82,2268.84,4.73,Rice,Harvest,Yes,South
Silt,7.97,14.0,35.72,77.63,180.06,7.98,Wheat,Flowering,No,South
Sandy,7.13,40.06,39.35,76.53,469.46,15.19,Wheat,Harvest,No,West
Silt,4.92,8.35,18.87,79.03,778.07,7.83,Wheat,Vegetative,Yes,East
Clay,7.58,48.62,34.15,57.72,2076.0,3.35,Cotton,Flowering,Yes,South
Clay,5.48,19.24,36.81,50.82,2061.79,5.75,Maize,Sowing,No,South
Clay,6.77,15.39,37.09,83.2,462.51,2.08,Sugarcane,Vegetative,No,South
Sandy,6.39,27.21,24.35,37.13,1332.7,13.65,Rice,Flowering,Yes,South
Clay,6.23,51.95,30.78,75.76,1254.49,1.39,Potato,Sowing,No,South
Loamy,7.83,14.08,28.55,87.16,1035.7,11.69,Cotton,Vegetative,Yes,South
Clay,6.29,21.1,29.92,45.03,1339.8,19.03,Rice,Vegetative,Yes,North
Silt,5.06,8.48,20.46,38.85,731.97,17.27,Cotton,Harvest,Yes,West
Silt,8.02,63.2,32.5,60.88,1328.87,1.92,Sugarcane,Vegetative,No,South
Silt,7.93,41.75,33.3,40.15,1714.02,14.43,Cotton,Vegetative,No,East
Sandy,7.13,49.03,17.88,85.95,156.26,13.96,Wheat,Harvest,No,East
Loamy,6.39,45.13,25.31,42.11,2418.26,6.32,Cotton,Flowering,No,South
Clay,5.12,16.23,24.66,46.98,413.26,2.63,Cotton,Harvest,No,Central
Loamy,7.49,41.91,34.47,87.19,900.75,17.15,Sugarcane,Flowering,No,South
Loamy,5.06,15.49,32.0,39.39,1176.57,11.31,Wheat,Vegetative,Yes,East
Silt,5.03,30.87,26.29,86.93,102.46,14.12,Sugarcane,Sowing,Yes,West
Silt,6.63,40.43,31.58,39.69,1370.9,9.43,Rice,Harvest,Yes,South
Silt,5.34,39.86,19.89,88.83,2174.93,4.84,Cotton,Harvest,No,Central
Sandy,4.83,14.79,18.97,47.23,2252.55,5.58,Sugarcane,Sowing,No,North
Loamy,6.24,9.96,19.2,42.24,815.48,10.93,Maize,Vegetative,No,East
Loamy,5.27,53.5,12.88,58.4,1396.99,5.07,Maize,Harvest,Yes,East
Sandy,5.35,49.38,32.73,50.85,1941.99,8.27,Potato,Flowering,No,South
Sandy,5.06,12.66,41.58,39.12,632.11,1.95,Potato,Harvest,Yes,North
Sandy,5.5,15.26,21.27,48.68,1321.18,19.91,Potato,Harvest,Yes,South
Loamy,7.23,58.88,39.9,74.93,916.8,12.53,Maize,Harvest,No,Central
Loamy,7.55,51.84,30.2,83.23,945.44,3.35,Sugarcane,Harvest,No,Central
Silt,6.34,64.78,18.75,82.45,235.34,3.04,Cotton,Vegetative,Yes,Central
Silt,6.52,22.48,12.36,77.98,1017.22,9.92,Maize,Sowing,No,West
Loamy,4.91,35.8,33.71,25.38,402.2,0.98,Wheat,Harvest,No,Central
Silt,5.04,21.48,32.9,54.86,753.18,8.53,Maize,Flowering,No,North
Sandy,5.68,43.5,18.88,36.83,825.7,18.93,Maize,Sowing,No,North
Clay,6.65,14.58,21.98,30.14,1076.5,16.56,Cotton,Flowering,No,West
Silt,7.31,15.25,38.94,76.51,2292.28,18.63,Maize,Flowering,No,Central
Loamy,6.86,12.1,16.72,80.54,1577.49,2.67,Maize,Flowering,Yes,South
Silt,6.13,47.53,37.06,82.02,2436.16,7.73,Cotton,Harvest,No,Central
Silt,5.2,36.16,17.08,87.32,1476.63,11.32,Maize,Harvest,Yes,East
Silt,7.45,43.21,26.45,66.3,2013.73,14.55,Sugarcane,Flowering,No,Central
Clay,6.04,58.12,26.97,94.87,2085.38,8.15,Wheat,Flowering,No,North
Sandy,7.3,50.2,26.16,58.86,1847.51,6.72,Sugarcane,Flowering,No,West
Loamy,6.54,34.32,20.64,86.84,1674.79,6.45,Maize,Vegetative,No,East
Clay,7.31,64.11,19.6,32.91,1044.79,15.89,Wheat,Sowing,No,South
Loamy,7.88,34.01,33.99,35.42,1418.19,7.95,Potato,Harvest,No,West
Loamy,7.93,14.41,20.27,66.32,484.29,0.82,Rice,Vegetative,Yes,North
Loamy,6.62,64.58,30.3,33.69,1545.62,15.52,Wheat,Vegetative,No,Central
Clay,6.54,9.3,37.4,30.27,1285.74,3.65,Cotton,Vegetative,Yes,Central
Sandy,5.7,39.34,37.11,38.72,2010.81,12.75,Wheat,Harvest,No,East
Loamy,7.98,25.62,17.01,80.13,2256.36,1.07,Sugarcane,Vegetative,No,East
Sandy,6.36,36.7,31.64,89.92,331.99,8.05,Cotton,Harvest,Yes,West
Sandy,5.23,39.85,30.07,48.34,1727.27,9.39,Sugarcane,Sowing,Yes,East
Silt,6.27,21.69,20.46,93.23,2375.12,19.48,Sugarcane,Vegetative,No,West
Clay,5.23,39.74,23.74,81.67,2294.7,2.22,Rice,Harvest,No,North
Clay,6.51,51.1,20.55,40.83,2086.07,15.15,Maize,Flowering,No,Central
Silt,6.71,23.19,28.11,66.03,120.85,19.31,Rice,Sowing,No,Central
Silt,5.95,29.86,36.11,93.73,631.21,5.9,Maize,Flowering,Yes,East
Sandy,5.04,23.29,38.33,84.42,370.72,4.9,Potato,Vegetative,Yes,West
Loamy,8.01,54.77,33.68,50.44,2317.34,19.07,Sugarcane,Vegetative,Yes,East
Clay,7.43,49.32,26.5,46.44,1872.22,10.05,Wheat,Harvest,Yes,South
Loamy,7.65,57.66,40.74,82.35,1329.46,16.54,Maize,Flowering,Yes,South
Loamy,6.05,17.69,28.92,63.44,2448.5,16.0,Rice,Harvest,Yes,South
Silt,7.39,12.19,26.36,36.44,486.8,6.86,Cotton,Vegetative,No,Central
Loamy,6.45,14.8,37.7,47.95,1603.93,4.16,Rice,Vegetative,No,West
Sandy,5.48,17.18,17.54,71.33,1523.45,14.21,Sugarcane,Harvest,Yes,Central
Silt,5.22,38.39,16.74,35.72,851.14,10.28,Sugarcane,Vegetative,Yes,North
Loamy,5.97,63.34,35.48,73.91,1213.45,10.06,Rice,Vegetative,Yes,South
Silt,5.27,28.36,38.12,74.7,588.47,11.15,Rice,Sowing,No,East
Sandy,8.19,62.63,14.18,43.95,1692.79,1.0,Cotton,Flowering,Yes,North
Sandy,4.97,10.18,34.92,52.86,1045.6,0.6,Potato,Sowing,No,North
Loamy,6.3,60.83,24.73,90.48,58.88,6.63,Maize,Vegetative,Yes,West
Silt,6.34,18.33,33.11,77.44,2376.96,6.81,Sugarcane,Sowing,No,Central
Loamy,5.82,60.01,16.05,80.15,1253.55,14.52,Maize,Harvest,No,East
Loamy,6.74,11.2,41.19,61.14,1764.08,6.85,Sugarcane,Flowering,No,Central
Silt,5.31,62.05,38.44,39.92,492.32,7.51,Sugarcane,Vegetative,Yes,Central
Loamy,7.47,19.45,24.18,66.39,318.07,11.22,Rice,Flowering,Yes,West
Sandy,5.93,25.25,38.8,79.05,2256.05,12.04,Potato,Flowering,Yes,West
Silt,6.81,35.98,38.85,25.27,1477.33,7.0,Rice,Vegetative,Yes,South
Silt,7.23,29.7,25.84,32.96,1233.38,11.38,Potato,Harvest,Yes,South
Silt,7.82,46.05,40.41,58.2,1302.88,12.55,Wheat,Sowing,Yes,Central
Silt,7.64,63.56,41.31,55.6,590.51,5.59,Rice,Flowering,Yes,Central
Loamy,6.87,42.57,18.52,93.76,2281.72,5.1,Wheat,Flowering,No,Central
Loamy,6.12,49.12,14.0,31.45,535.6,17.86,Potato,Harvest,Yes,South
Sandy,6.51,13.02,21.93,47.66,395.02,13.13,Sugarcane,Vegetative,No,South
Clay,7.41,43.79,26.67,82.06,2325.11,6.57,Cotton,Harvest,Yes,North
Clay,7.78,33.87,14.78,67.87,643.93,11.24,Potato,Harvest,Yes,South
Sandy,5.15,58.49,16.22,64.31,2156.21,14.29,Maize,Harvest,Yes,South
Clay,6.11,30.13,41.15,76.88,1931.28,0.94,Maize,Harvest,Yes,West
Sandy,7.44,46.73,34.12,27.8,954.86,18.44,Cotton,Harvest,Yes,North
Loamy,6.27,21.0,38.25,91.32,635.01,14.49,Cotton,Vegetative,Yes,Central
Silt,5.93,22.78,41.13,38.39,1897.47,8.15,Potato,Vegetative,Yes,West
Silt,6.2,29.44,23.34,30.73,1494.0,18.68,Rice,Harvest,Yes,West
Loamy,6.85,25.33,32.64,48.73,635.1,1.59,Sugarcane,Harvest,No,East
Silt,8.2,22.47,17.52,74.16,2227.2,15.21,Potato,Sowing,Yes,East
Silt,6.48,10.83,28.55,41.2,1802.46,10.76,Potato,Harvest,No,Central
Clay,5.51,55.69,18.3,28.49,2273.2,13.46,Maize,Sowing,No,South
Loamy,5.35,11.67,16.81,29.02,1093.68,9.69,Cotton,Sowing,No,North
Clay,4.94,58.58,14.95,42.96,320.5,3.37,Sugarcane,Flowering,No,South
Clay,6.7,15.15,29.39,34.47,2310.19,5.59,Potato,Harvest,Yes,North
Silt,6.65,11.72,40.5,51.07,1503.57,9.53,Maize,Vegetative,Yes,Central
Silt,5.5,40.09,15.67,37.12,1515.15,18.42,Sugarcane,Vegetative,No,West
Loamy,7.16,36.64,27.07,49.1,1460.66,1.83,Wheat,Flowering,Yes,East
Silt,7.32,36.0,32.61,56.11,1180.98,2.54,Maize,Harvest,No,South
Silt,5.68,40.75,26.88,76.98,637.61,3.48,Wheat,Vegetative,Yes,South
Loamy,5.97,24.36,39.35,40.92,1532.55,12.83,Potato,Harvest,No,South
Silt,8.17,45.79,16.99,58.25,1796.51,7.64,Sugarcane,Harvest,Yes,Central
Clay,6.07,36.64,12.72,82.07,2291.36,3.41,Rice,Sowing,No,Central
Loamy,7.39,27.08,23.49,94.05,180.37,2.88,Cotton,Vegetative,No,Central
Silt,6.34,55.11,28.66,64.01,636.77,13.65,Wheat,Vegetative,No,South
Sandy,7.5,49.48,19.64,55.26,1941.71,9.52,Rice,Harvest,No,East
Loamy,7.41,30.44,17.05,69.21,1937.88,17.52,Maize,Vegetative,No,East
Loamy,7.07,56.31,36.15,59.04,530.09,8.38,Cotton,Harvest,Yes,Central
Sandy,7.71,60.45,17.66,36.53,461.79,13.29,Sugarcane,Harvest,No,East
Silt,7.99,38.6,25.28,57.16,917.85,16.02,Potato,Harvest,Yes,West
Silt,6.77,20.25,40.63,93.54,157.29,19.1,Cotton,Sowing,Yes,West
Loamy,5.61,60.2,30.38,69.83,1825.9,17.45,Rice,Harvest,No,West
Loamy,6.16,18.8,26.93,44.84,1674.52,15.62,Rice,Harvest,Yes,South
Silt,7.38,10.76,22.81,91.3,2146.81,8.55,Maize,Harvest,No,East
Silt,7.01,26.67,27.61,52.2,1075.12,19.66,Sugarcane,Sowing,Yes,South
Clay,5.4,49.44,34.03,52.31,1591.84,5.66,Maize,Sowing,No,South
Loamy,4.97,60.63,36.68,68.16,2384.87,13.4,Potato,Harvest,Yes,North
Loamy,7.12,44.33,31.5,64.83,2397.01,3.05,Sugarcane,Harvest,Yes,East
Sandy,5.65,62.25,35.71,45.33,177.69,12.32,Potato,Harvest,No,North
